time_period,area_code,region,region_or_country_name,index,monthly_change,annual_change,rental_price,index_one_bed,monthly_change_one_bed,annual_change_one_bed,rental_price_one_bed,index_two_bed,monthly_change_two_bed,annual_change_two_bed,rental_price_two_bed,index_three_bed,monthly_change_three_bed,annual_change_three_bed,rental_price_three_bed,index_four_or_more_bed,monthly_change_four_or_more_bed,annual_change_four_or_more_bed,rental_price_four_or_more_bed,index_detached,monthly_change_detached,annual_change_detached,rental_price_detached,index_semidetached,monthly_change_semidetached,annual_change_semidetached,rental_price_semidetached,index_terraced,monthly_change_terraced,annual_change_terraced,rental_price_terraced,index_flat_maisonette,monthly_change_flat_maisonette,annual_change_flat_maisonette,rental_price_flat_maisonette,financial_year,cat_b,gap
2015-01-01T00:00:00Z,E12000001,North East,NA,86.067868,NA,NA,533,86.317228999999998,NA,NA,370,87.214833999999996,NA,NA,474,85.945071999999996,NA,NA,562,85.500778999999994,NA,NA,849,86.279452000000006,NA,NA,762,86.288927000000001,NA,NA,561,85.292654999999996,NA,NA,546,87.215653000000003,NA,NA,453,2014-15,NA,NA
2015-02-01T00:00:00Z,E12000001,North East,NA,86.075849,9.273E-3,NA,533,86.446927000000002,0.150258,NA,371,87.249039999999994,3.9219999999999998E-2,NA,474,85.963111999999995,2.0989000000000001E-2,NA,562,85.427987999999999,-8.5135000000000002E-2,NA,848,86.258347999999998,-2.4459999999999999E-2,NA,761,86.267572999999999,-2.4746000000000001E-2,NA,561,85.301167000000007,9.9799999999999993E-3,NA,547,87.27843,7.1978E-2,NA,453,2014-15,NA,NA
2015-03-01T00:00:00Z,E12000001,North East,NA,86.123862,5.5779000000000002E-2,NA,533,86.390736000000004,-6.5001000000000003E-2,NA,370,87.298378999999997,5.6549000000000002E-2,NA,474,85.999303999999995,4.2103000000000002E-2,NA,562,85.597140999999993,0.19800699999999999,NA,850,86.390708000000004,0.153446,NA,763,86.314021999999994,5.3843000000000002E-2,NA,561,85.342569999999995,4.8536999999999997E-2,NA,547,87.299245999999997,2.385E-2,NA,453,2014-15,NA,NA
2015-04-01T00:00:00Z,E12000001,North East,NA,86.189388,7.6083999999999999E-2,NA,534,86.549490000000006,0.18376300000000001,NA,371,87.359562999999994,7.0086999999999997E-2,NA,475,86.063131999999996,7.4218999999999993E-2,NA,563,85.569682999999998,-3.2079000000000003E-2,NA,849,86.449228000000005,6.7738000000000007E-2,NA,763,86.389803999999998,8.7798000000000001E-2,NA,561,85.381955000000005,4.6149999999999997E-2,NA,547,87.406452999999999,0.122804,NA,454,2015-16,351.44777777777784,182.55222222222216
2015-05-01T00:00:00Z,E12000001,North East,NA,86.241654,6.0641E-2,NA,534,86.524019999999993,-2.9427999999999999E-2,NA,371,87.422257000000002,7.1764999999999995E-2,NA,475,86.110299999999995,5.4806000000000001E-2,NA,563,85.502066999999997,-7.9019000000000006E-2,NA,849,86.478960000000001,3.4393E-2,NA,763,86.456982999999994,7.7761999999999998E-2,NA,562,85.427198000000004,5.2989000000000001E-2,NA,547,87.463312999999999,6.5051999999999999E-2,NA,454,2015-16,351.44777777777784,182.55222222222216
2015-06-01T00:00:00Z,E12000001,North East,NA,86.325967,9.7764000000000004E-2,NA,534,86.544304999999994,2.3444E-2,NA,371,87.503653999999997,9.3107999999999996E-2,NA,475,86.211205000000007,0.11718199999999999,NA,564,85.499320999999995,-3.2109999999999999E-3,NA,849,86.624606999999997,0.16841900000000001,NA,765,86.562826999999999,0.12242500000000001,NA,563,85.488995000000003,7.2338E-2,NA,548,87.531633999999997,7.8114000000000003E-2,NA,455,2015-16,351.44777777777784,182.55222222222216
2015-07-01T00:00:00Z,E12000001,North East,NA,86.320563,-6.2589999999999998E-3,NA,534,86.617265000000003,8.4304000000000004E-2,NA,371,87.455636999999996,-5.4873999999999999E-2,NA,475,86.198391000000001,-1.4865E-2,NA,564,85.594491000000005,0.11131000000000001,NA,850,86.721670000000003,0.112049,NA,765,86.580731999999998,2.0684000000000001E-2,NA,563,85.444297000000006,-5.2284999999999998E-2,NA,547,87.520635999999996,-1.2565E-2,NA,454,2015-16,351.44777777777784,182.55222222222216
2015-08-01T00:00:00Z,E12000001,North East,NA,86.455757,0.15661800000000001,NA,535,86.671217999999996,6.2288000000000003E-2,NA,372,87.621385000000004,0.189522,NA,476,86.307451,0.126522,NA,565,85.921621999999999,0.382187,NA,853,86.929663000000005,0.23984,NA,767,86.701184999999995,0.139122,NA,563,85.549441999999999,0.123056,NA,548,87.700055000000006,0.20500299999999999,NA,455,2015-16,351.44777777777784,183.55222222222216
2015-09-01T00:00:00Z,E12000001,North East,NA,86.459976,4.8809999999999999E-3,NA,535,86.590924000000001,-9.2642000000000002E-2,NA,371,87.576589999999996,-5.1124000000000003E-2,NA,476,86.352097999999998,5.1729999999999998E-2,NA,565,86.076633000000001,0.18040900000000001,NA,854,86.955567000000002,2.9798999999999999E-2,NA,768,86.704577999999998,3.9139999999999999E-3,NA,563,85.575615999999997,3.0595000000000001E-2,NA,548,87.650358999999995,-5.6666000000000001E-2,NA,455,2015-16,351.44777777777784,183.55222222222216
2015-10-01T00:00:00Z,E12000001,North East,NA,86.511033,5.9052E-2,NA,536,86.616561000000004,2.9607000000000001E-2,NA,371,87.603572999999997,3.0811000000000002E-2,NA,476,86.456091999999998,0.12043,NA,565,86.058964000000003,-2.0527E-2,NA,854,86.962089000000006,7.4999999999999997E-3,NA,768,86.815290000000005,0.127689,NA,564,85.606662999999998,3.628E-2,NA,548,87.680466999999993,3.4349999999999999E-2,NA,455,2015-16,351.44777777777784,184.55222222222216
2015-11-01T00:00:00Z,E12000001,North East,NA,86.664428,0.177313,NA,537,86.721808999999993,0.12151000000000001,NA,372,87.740819000000002,0.156667,NA,477,86.584199999999996,0.148178,NA,566,86.306533000000002,0.28767399999999999,NA,857,87.162450000000007,0.23039999999999999,NA,769,86.964872999999997,0.17230100000000001,NA,565,85.758581000000007,0.17746100000000001,NA,549,87.818427999999997,0.15734500000000001,NA,456,2015-16,351.44777777777784,185.55222222222216
2015-12-01T00:00:00Z,E12000001,North East,NA,86.660304,-4.7580000000000001E-3,NA,537,86.768615999999994,5.3974000000000001E-2,NA,372,87.738488000000004,-2.6570000000000001E-3,NA,477,86.579898999999997,-4.9670000000000001E-3,NA,566,86.249422999999993,-6.6171999999999995E-2,NA,856,87.119052999999994,-4.9787999999999999E-2,NA,769,86.972938999999997,9.2739999999999993E-3,NA,565,85.740943999999999,-2.0566000000000001E-2,NA,549,87.844222000000002,2.9371999999999999E-2,NA,456,2015-16,351.44777777777784,185.55222222222216
2016-01-01T00:00:00Z,E12000001,North East,NA,86.769107,0.125551,0.814751,537,86.948999000000001,0.20788999999999999,0.73191700000000004,373,87.893968999999998,0.17721100000000001,0.77869200000000005,478,86.763852,0.21246599999999999,0.95267800000000002,567,86.279516000000001,3.4890999999999998E-2,0.91079500000000002,856,87.288301000000004,0.194272,1.169281,770,87.095416999999998,0.140823,0.934639,566,85.784873000000005,5.1235000000000003E-2,0.57709299999999997,550,88.033601000000004,0.215585,0.93784599999999996,457,2015-16,351.44777777777784,185.55222222222216
2016-02-01T00:00:00Z,E12000001,North East,NA,86.942693,0.20005500000000001,1.0070699999999999,538,87.162733000000003,0.24581500000000001,0.82802900000000002,374,88.104918999999995,0.240005,0.98096099999999997,479,86.918012000000004,0.177678,1.1108260000000001,568,86.35127,8.3165000000000003E-2,1.080773,857,87.427259000000006,0.159194,1.3551280000000001,772,87.250904000000006,0.17852599999999999,1.1398619999999999,567,85.968635000000006,0.21421200000000001,0.78248300000000004,551,88.229341000000005,0.22234699999999999,1.089515,458,2015-16,351.44777777777784,186.55222222222216
2016-03-01T00:00:00Z,E12000001,North East,NA,87.011539,7.9185000000000005E-2,1.0306979999999999,539,87.243814999999998,9.3023999999999996E-2,0.98746599999999995,374,88.088463000000004,-1.8678E-2,0.90503900000000004,479,87.040110999999996,0.14047599999999999,1.21025,569,86.417997999999997,7.7274999999999996E-2,0.95897699999999997,858,87.535983000000002,0.12436,1.325693,773,87.369073999999998,0.135437,1.2223409999999999,568,86.029432999999997,7.0721999999999993E-2,0.80483099999999996,551,88.232234000000005,3.2789999999999998E-3,1.0687249999999999,458,2015-16,351.44777777777784,187.55222222222216
2016-04-01T00:00:00Z,E12000001,North East,NA,87.098954,0.100464,1.0553110000000001,539,87.275987000000001,3.6875999999999999E-2,0.83940000000000003,374,88.179394000000002,0.103227,0.93845599999999996,479,87.105362999999997,7.4968000000000007E-2,1.2110080000000001,570,86.530398000000005,0.13006499999999999,1.1227279999999999,859,87.675240000000002,0.159085,1.418188,774,87.467337999999998,0.11247,1.247293,568,86.089707000000004,7.0061999999999999E-2,0.82892399999999999,552,88.327988000000005,0.108524,1.0543100000000001,459,2016-17,351.44777777777784,187.55222222222216
2016-05-01T00:00:00Z,E12000001,North East,NA,87.189812,0.10431600000000001,1.099421,540,87.414272999999994,0.158447,1.0289079999999999,375,88.285967999999997,0.120861,0.98797699999999999,480,87.143972000000005,4.4325000000000003E-2,1.2004049999999999,570,86.576848999999996,5.3681E-2,1.2570250000000001,859,87.776785000000004,0.11581900000000001,1.50074,775,87.578817000000001,0.12745200000000001,1.2975639999999999,569,86.163219999999995,8.5391999999999996E-2,0.86157799999999995,552,88.419219999999996,0.10328900000000001,1.092924,459,2016-17,351.44777777777784,188.55222222222216
2016-06-01T00:00:00Z,E12000001,North East,NA,87.367477,0.203768,1.2064859999999999,541,87.453297000000006,4.4643000000000002E-2,1.0503199999999999,375,88.394908999999998,0.123395,1.0185340000000001,480,87.350787999999994,0.23732600000000001,1.3218490000000001,571,86.906846999999999,0.381162,1.646242,863,87.995357999999996,0.24901100000000001,1.582403,777,87.752971000000002,0.198854,1.3748899999999999,570,86.370237000000003,0.24026,1.0308250000000001,553,88.528516999999994,0.123612,1.138884,460,2016-17,351.44777777777784,189.55222222222216
2016-07-01T00:00:00Z,E12000001,North East,NA,87.861587,0.565554,1.785234,544,87.916421,0.52956700000000001,1.4998800000000001,377,88.890026000000006,0.56011999999999995,1.6401330000000001,483,87.845358000000004,0.56618900000000005,1.910671,575,87.470592999999994,0.64867799999999998,2.1918489999999999,868,88.468733999999998,0.53795599999999999,2.0145650000000002,781,88.251911000000007,0.568573,1.9301969999999999,574,86.863380000000006,0.57096499999999994,1.660828,557,89.030230000000003,0.56672400000000001,1.724844,462,2016-17,351.44777777777784,192.55222222222216
2016-08-01T00:00:00Z,E12000001,North East,NA,88.079772,0.24832799999999999,1.8784350000000001,545,88.190888000000001,0.312191,1.7533730000000001,378,89.062137000000007,0.19362199999999999,1.6442920000000001,484,88.090097,0.27860200000000002,2.0654599999999999,576,87.770858000000004,0.34327600000000003,2.1522350000000001,871,88.787375999999995,0.36017500000000002,2.1370300000000002,784,88.437000999999995,0.209729,2.0020669999999998,575,87.073939999999993,0.24240400000000001,1.782009,558,89.250716999999995,0.24765499999999999,1.7681420000000001,463,2016-17,351.44777777777784,193.55222222222216
2016-09-01T00:00:00Z,E12000001,North East,NA,88.372708,0.33257999999999999,2.2122739999999999,547,88.476431000000005,0.32377899999999998,2.1774879999999999,379,89.342207999999999,0.314467,2.0160849999999999,485,88.403383000000005,0.35564299999999999,2.3754900000000001,578,88.100272000000004,0.37531100000000001,2.3509739999999999,875,89.019575000000003,0.26152300000000001,2.3736359999999999,786,88.738905000000003,0.34137699999999999,2.3462730000000001,577,87.386925000000005,0.35944599999999999,2.1166179999999999,560,89.529246000000001,0.31207400000000002,2.143615,465,2016-17,351.44777777777784,195.55222222222216
2016-10-01T00:00:00Z,E12000001,North East,NA,88.551712,0.20255600000000001,2.3588659999999999,548,88.657577000000003,0.204739,2.3563809999999998,380,89.494288999999995,0.17022300000000001,2.1582629999999998,486,88.570937000000001,0.18953300000000001,2.4461490000000001,579,88.300003000000004,0.22670899999999999,2.6040730000000001,877,89.247100000000003,0.25558900000000001,2.6275949999999999,788,88.947620999999998,0.235203,2.4561700000000002,578,87.545197000000002,0.181117,2.2644669999999998,561,89.684291000000002,0.173179,2.285371,466,2016-17,351.44777777777784,196.55222222222216
2016-11-01T00:00:00Z,E12000001,North East,NA,88.883875,0.37510599999999999,2.5609670000000002,550,88.959967000000006,0.34107700000000002,2.580848,381,89.838325999999995,0.38442399999999999,2.3905720000000001,488,88.945903999999999,0.42335200000000001,2.7276379999999998,582,88.500609999999995,0.227188,2.5421900000000002,879,89.531853999999996,0.31906200000000001,2.7183769999999998,790,89.276380000000003,0.36960999999999999,2.657978,580,87.882401000000002,0.38517699999999999,2.4765100000000002,563,90.036806999999996,0.393063,2.526097,468,2016-17,351.44777777777784,198.55222222222216
2016-12-01T00:00:00Z,E12000001,North East,NA,88.933855,5.6231000000000003E-2,2.6235210000000002,551,88.982437000000004,2.5259E-2,2.5514079999999999,381,89.895047000000005,6.3135999999999998E-2,2.4579399999999998,488,88.981210000000004,3.9694E-2,2.77352,582,88.647445000000005,0.16591400000000001,2.7803339999999999,880,89.608271000000002,8.5352999999999998E-2,2.8572609999999998,791,89.316426000000007,4.4854999999999999E-2,2.6945009999999998,580,87.928483999999997,5.2436999999999998E-2,2.551336,563,90.092208999999997,6.1532999999999997E-2,2.5590600000000001,468,2016-17,351.44777777777784,199.55222222222216
2017-01-01T00:00:00Z,E12000001,North East,NA,88.957778,2.69E-2,2.5224090000000001,551,89.008024000000006,2.8754999999999999E-2,2.3680829999999999,382,89.925765999999996,3.4172000000000001E-2,2.3116449999999999,489,89.030114999999995,5.4960000000000002E-2,2.61199,582,88.635020999999995,-1.4015E-2,2.7300849999999999,880,89.578123000000005,-3.3645000000000001E-2,2.6232859999999998,791,89.366249999999994,5.5784E-2,2.6072929999999999,581,87.948908000000003,2.3229E-2,2.5226310000000001,563,90.118841000000003,2.9561E-2,2.3686859999999998,468,2016-17,351.44777777777784,199.55222222222216
2017-02-01T00:00:00Z,E12000001,North East,NA,89.379888,0.47450599999999998,2.80322,553,89.370026999999993,0.40670800000000001,2.5323820000000001,383,90.288244000000006,0.403086,2.4780959999999999,491,89.465746999999993,0.48930899999999999,2.9311929999999999,585,89.027584000000004,0.44289800000000001,3.0993330000000001,884,89.950113999999999,0.41526999999999997,2.8856619999999999,794,89.777725000000004,0.46043800000000001,2.8960400000000002,583,88.407422999999994,0.52134199999999997,2.8368350000000002,566,90.500057999999996,0.42301499999999997,2.5736520000000001,470,2016-17,351.44777777777784,201.55222222222216
2017-03-01T00:00:00Z,E12000001,North East,NA,89.376808,-3.4459999999999998E-3,2.71834,553,89.394052000000002,2.6883000000000001E-2,2.464629,383,90.236225000000005,-5.7615E-2,2.4381879999999998,490,89.458426000000003,-8.182E-3,2.7783920000000002,585,89.028548999999998,1.085E-3,3.020842,884,89.970663999999999,2.2846000000000002E-2,2.7813490000000001,794,89.806735000000003,3.2312E-2,2.7900719999999999,584,88.408413999999993,1.121E-3,2.7653110000000001,566,90.444783999999999,-6.1075999999999998E-2,2.5076429999999998,470,2016-17,351.44777777777784,201.55222222222216
2017-04-01T00:00:00Z,E12000001,North East,NA,89.294304,-9.2311000000000004E-2,2.5205229999999998,553,89.415293000000005,2.3761999999999998E-2,2.4511970000000001,383,90.176204999999996,-6.6514000000000004E-2,2.2644880000000001,490,89.311188999999999,-0.16458700000000001,2.532365,584,88.976848000000004,-5.8073E-2,2.8272729999999999,883,89.851301000000007,-0.13266900000000001,2.4819559999999998,793,89.690503000000007,-0.12942400000000001,2.5417079999999999,583,88.323167999999995,-9.6423999999999996E-2,2.594341,566,90.419518999999994,-2.7934E-2,2.3679139999999999,469,2017-18,351.44777777777784,201.55222222222216
2017-05-01T00:00:00Z,E12000001,North East,NA,89.407449,0.12670999999999999,2.5434580000000002,554,89.620011000000005,0.22895099999999999,2.5233159999999999,384,90.323656,0.16351399999999999,2.3080539999999998,491,89.454898999999997,0.160909,2.6518489999999999,585,89.120489000000006,0.161436,2.938015,885,90.013819999999996,0.18087600000000001,2.5485500000000001,795,89.846950000000007,0.17443,2.5898189999999999,584,88.395578,8.1983E-2,2.5908470000000001,566,90.547421999999997,0.141456,2.4069449999999999,470,2017-18,351.44777777777784,202.55222222222216
2017-06-01T00:00:00Z,E12000001,North East,NA,89.430394,2.5663999999999999E-2,2.3611960000000001,554,89.739520999999996,0.133352,2.6142219999999998,385,90.364660000000001,4.5397E-2,2.2283539999999999,491,89.497618000000003,4.7754999999999999E-2,2.4577110000000002,585,89.064301,-6.3048000000000007E-2,2.4824899999999999,884,90.006919999999994,-7.6660000000000001E-3,2.2859859999999999,794,89.863615999999993,1.8550000000000001E-2,2.4052120000000001,584,88.413870000000003,2.0694000000000001E-2,2.3661319999999999,566,90.599451999999999,5.7460999999999998E-2,2.339286,470,2017-18,351.44777777777784,202.55222222222216
2017-07-01T00:00:00Z,E12000001,North East,NA,89.465571,3.9335000000000002E-2,1.8255809999999999,554,89.669537000000005,-7.7986E-2,1.9940709999999999,384,90.389250000000004,2.7212E-2,1.686606,491,89.546193000000002,5.4275999999999998E-2,1.936169,586,89.140017999999998,8.5014000000000006E-2,1.9085559999999999,885,90.030266999999995,2.5939E-2,1.7650669999999999,795,89.892763000000002,3.2433999999999998E-2,1.8592820000000001,584,88.474400000000003,6.8461999999999995E-2,1.85466,567,90.595012999999994,-4.8989999999999997E-3,1.757587,470,2017-18,351.44777777777784,202.55222222222216
2017-08-01T00:00:00Z,E12000001,North East,NA,89.521478,6.2489999999999997E-2,1.636819,554,89.881566000000007,0.236456,1.9170670000000001,385,90.398054000000002,9.7400000000000004E-3,1.4999830000000001,491,89.612554000000003,7.4108999999999994E-2,1.7282960000000001,586,89.086770000000001,-5.9735999999999997E-2,1.499258,884,90.077585999999997,5.2559000000000002E-2,1.453146,795,89.959159,7.3861999999999997E-2,1.7211780000000001,585,88.514528999999996,4.5357000000000001E-2,1.6544430000000001,567,90.675427999999997,8.8762999999999995E-2,1.5963020000000001,471,2017-18,351.44777777777784,202.55222222222216
2017-09-01T00:00:00Z,E12000001,North East,NA,89.453784,-7.5618000000000005E-2,1.223314,554,89.838323000000003,-4.8111000000000001E-2,1.5392710000000001,385,90.324415999999999,-8.1460000000000005E-2,1.099377,491,89.509566000000007,-0.114926,1.2512909999999999,585,89.125124,4.3053000000000001E-2,1.1632800000000001,885,90.078942999999995,1.5070000000000001E-3,1.1900390000000001,795,89.906865999999994,-5.8130000000000001E-2,1.3161780000000001,584,88.422409999999999,-0.104072,1.1849430000000001,567,90.610459000000006,-7.1651000000000006E-2,1.207665,470,2017-18,351.44777777777784,202.55222222222216
2017-10-01T00:00:00Z,E12000001,North East,NA,89.438416,-1.7179E-2,1.0013399999999999,554,89.869814000000005,3.5053000000000001E-2,1.3673249999999999,385,90.345061000000001,2.2856000000000001E-2,0.95064400000000004,491,89.516126999999997,7.3299999999999997E-3,1.0671569999999999,585,88.862125000000006,-0.29509000000000002,0.63660600000000001,882,89.938506000000004,-0.15590399999999999,0.77471000000000001,794,89.953248000000002,5.1588000000000002E-2,1.1305829999999999,585,88.392528999999996,-3.3792999999999997E-2,0.96787999999999996,566,90.615049999999997,5.0670000000000003E-3,1.037817,471,2017-18,351.44777777777784,202.55222222222216
2017-11-01T00:00:00Z,E12000001,North East,NA,89.46098,2.5229000000000001E-2,0.64927999999999997,554,89.906497999999999,4.0819000000000001E-2,1.0639959999999999,385,90.343838000000005,-1.353E-3,0.56269000000000002,491,89.547630999999996,3.5193000000000002E-2,0.67650900000000003,586,88.766233,-0.10791199999999999,0.30013699999999999,881,89.931517999999997,-7.77E-3,0.44639400000000001,794,90.005662000000001,5.8266999999999999E-2,0.81688000000000005,585,88.387811999999997,-5.3369999999999997E-3,0.57509900000000003,566,90.674381999999994,6.5476999999999994E-2,0.70812799999999998,471,2017-18,351.44777777777784,202.55222222222216
2017-12-01T00:00:00Z,E12000001,North East,NA,89.549934,9.9432000000000006E-2,0.69273799999999996,554,90.018186999999998,0.12422900000000001,1.163994,386,90.393224000000004,5.4663999999999997E-2,0.554176,491,89.567570000000003,2.2266999999999999E-2,0.65897099999999997,586,88.949937000000006,0.206953,0.34123100000000001,883,90.026824000000005,0.105976,0.46709200000000001,795,90.058187000000004,5.8358E-2,0.83048699999999998,585,88.502746999999999,0.13003500000000001,0.65310299999999999,567,90.746100999999996,7.9096E-2,0.725804,471,2017-18,351.44777777777784,202.55222222222216
2018-01-01T00:00:00Z,E12000001,North East,NA,89.403287,-0.16375899999999999,0.50080899999999995,553,89.913101999999995,-0.11673799999999999,1.01685,385,90.339067,-5.9912E-2,0.45960299999999998,491,89.445667999999998,-0.136101,0.466756,585,88.692425999999998,-0.28950100000000001,6.4766000000000004E-2,880,89.955012999999994,-7.9766000000000004E-2,0.42073899999999997,794,89.941379999999995,-0.12970200000000001,0.64356500000000005,584,88.293028000000007,-0.23696400000000001,0.39127200000000001,566,90.662548999999999,-9.2073000000000002E-2,0.60332300000000005,471,2017-18,351.44777777777784,201.55222222222216
2018-02-01T00:00:00Z,E12000001,North East,NA,89.447237,4.9159000000000001E-2,7.5351000000000001E-2,554,89.940422999999996,3.0384999999999999E-2,0.63824099999999995,386,90.309078999999997,-3.3195000000000002E-2,2.3075999999999999E-2,491,89.531632999999999,9.6109E-2,7.3645000000000002E-2,586,88.816757999999993,0.140184,-0.23680899999999999,882,90.022807,7.5364E-2,8.0814999999999998E-2,795,90.053055999999998,0.124165,0.30668000000000001,585,88.344729999999998,5.8557999999999999E-2,-7.0914000000000005E-2,566,90.609194000000002,-5.885E-2,0.12059300000000001,470,2017-18,351.44777777777784,202.55222222222216
2018-03-01T00:00:00Z,E12000001,North East,NA,89.479724,3.6319999999999998E-2,0.115149,554,89.983603000000002,4.8009999999999997E-2,0.65949800000000003,386,90.367030999999997,6.4171000000000006E-2,0.14496000000000001,491,89.521201000000005,-1.1653E-2,7.0171999999999998E-2,586,88.739361000000002,-8.7142999999999998E-2,-0.32482699999999998,881,89.957527999999996,-7.2513999999999995E-2,-1.46E-2,794,90.095284000000007,4.6892999999999997E-2,0.32129999999999997,585,88.380484999999993,4.0471E-2,-3.1591000000000001E-2,566,90.660903000000005,5.7068000000000001E-2,0.238952,471,2017-18,351.44777777777784,202.55222222222216
2018-04-01T00:00:00Z,E12000001,North East,NA,89.376591,-0.115258,9.2152999999999999E-2,553,89.981416999999993,-2.4290000000000002E-3,0.63314000000000004,386,90.235949000000005,-0.14505499999999999,6.6252000000000005E-2,490,89.427287000000007,-0.104907,0.129993,585,88.620688000000001,-0.13373199999999999,-0.40028399999999997,880,89.857861,-0.110794,7.3010000000000002E-3,793,90.021486999999993,-8.1909999999999997E-2,0.369029,585,88.275835000000001,-0.118408,-5.3589999999999999E-2,566,90.527574000000001,-0.147063,0.119505,470,2018-19,351.44777777777784,201.55222222222216
2018-05-01T00:00:00Z,E12000001,North East,NA,89.285517,-0.1019,-0.136378,553,89.836603999999994,-0.160937,0.241679,385,90.156968000000006,-8.7526999999999994E-2,-0.18454499999999999,490,89.299138999999997,-0.14329900000000001,-0.174121,584,88.542095000000003,-8.8685E-2,-0.64900199999999997,879,89.783348000000004,-8.2922999999999997E-2,-0.25604100000000002,792,89.925494,-0.10663400000000001,8.7419999999999998E-2,584,88.179806999999997,-0.108782,-0.24409700000000001,565,90.445277000000004,-9.0908000000000003E-2,-0.11280900000000001,470,2018-19,351.44777777777784,201.55222222222216
2018-06-01T00:00:00Z,E12000001,North East,NA,89.589498,0.34045999999999998,0.17790800000000001,555,90.113056,0.307728,0.416244,386,90.452149000000006,0.32740799999999998,9.6818000000000001E-2,491,89.636936000000006,0.37827499999999997,0.155667,586,88.847496000000007,0.34492099999999998,-0.243426,882,90.062743999999995,0.31119000000000002,6.2023000000000002E-2,795,90.251031999999995,0.36200900000000003,0.43111500000000003,587,88.470579999999998,0.32974999999999999,6.4141000000000004E-2,567,90.759884999999997,0.34784300000000001,0.17707899999999999,471,2018-19,351.44777777777784,203.55222222222216
2018-07-01T00:00:00Z,E12000001,North East,NA,89.565807,-2.6443999999999999E-2,0.112039,554,90.128444000000002,1.7076000000000001E-2,0.51177600000000001,386,90.423078000000004,-3.2139000000000001E-2,3.7425E-2,491,89.579919000000004,-6.3607999999999998E-2,3.7663000000000002E-2,586,88.729489999999998,-0.13281899999999999,-0.46054299999999998,881,89.977650999999994,-9.4481999999999997E-2,-5.8442000000000001E-2,794,90.187348999999998,-7.0562E-2,0.32770899999999997,586,88.455076000000005,-1.7524999999999999E-2,-2.1842E-2,567,90.786720000000003,2.9567E-2,0.21160799999999999,471,2018-19,351.44777777777784,202.55222222222216
2018-08-01T00:00:00Z,E12000001,North East,NA,89.625743,6.6918000000000005E-2,0.116469,555,90.009630000000001,-0.131828,0.142481,386,90.457560000000001,3.8133E-2,6.5825999999999996E-2,492,89.651526000000004,7.9935999999999993E-2,4.3489E-2,586,88.919747999999998,0.214425,-0.18748200000000001,883,90.030490999999998,5.8726E-2,-5.2282000000000002E-2,795,90.264965000000004,8.6059999999999998E-2,0.33993800000000002,587,88.542176999999995,9.8470000000000002E-2,3.1236E-2,567,90.778075999999999,-9.5209999999999999E-3,0.113204,471,2018-19,351.44777777777784,203.55222222222216
2018-09-01T00:00:00Z,E12000001,North East,NA,89.731816,0.118351,0.310811,556,90.184184999999999,0.19392899999999999,0.38498300000000002,387,90.505390000000006,5.2877E-2,0.20036000000000001,492,89.760904999999994,0.122006,0.28079599999999999,587,88.999132000000003,8.9275999999999994E-2,-0.14136499999999999,883,90.109378000000007,8.7623000000000006E-2,3.3786999999999998E-2,795,90.407043999999999,0.15740299999999999,0.55632899999999996,588,88.670203000000001,0.144593,0.28023700000000001,568,90.812983000000003,3.8453000000000001E-2,0.22351099999999999,472,2018-19,351.44777777777784,204.55222222222216
2018-10-01T00:00:00Z,E12000001,North East,NA,89.976725,0.27293499999999998,0.601877,557,90.446083000000002,0.290404,0.64122599999999996,388,90.676587999999995,0.18915799999999999,0.36695699999999998,493,90.035888999999997,0.30635099999999998,0.58063500000000001,589,89.501324999999994,0.56426699999999996,0.71931599999999996,888,90.421785,0.34669699999999998,0.53734300000000002,798,90.611532999999994,0.226187,0.73180800000000001,589,88.952873999999994,0.31878899999999999,0.63392800000000005,570,91.004555999999994,0.210954,0.42984699999999998,473,2018-19,351.44777777777784,205.55222222222216
2018-11-01T00:00:00Z,E12000001,North East,NA,89.946123,-3.4012000000000001E-2,0.54229499999999997,557,90.421498,-2.7182000000000001E-2,0.57281800000000005,388,90.683262999999997,7.3610000000000004E-3,0.37570300000000001,493,89.992496000000003,-4.8195000000000002E-2,0.49679200000000001,589,89.473871000000003,-3.0674E-2,0.79719300000000004,888,90.317882999999995,-0.114907,0.42962099999999998,797,90.549982999999997,-6.7928000000000002E-2,0.60476300000000005,588,88.926631,-2.9502E-2,0.60960700000000001,570,91.026354999999995,2.3952999999999999E-2,0.38817200000000002,473,2018-19,351.44777777777784,205.55222222222216
2018-12-01T00:00:00Z,E12000001,North East,NA,89.90596,-4.4651999999999997E-2,0.39757300000000001,557,90.237782999999993,-0.203176,0.243946,387,90.645167999999998,-4.2008999999999998E-2,0.27872000000000002,493,89.937877,-6.0692999999999997E-2,0.41343800000000003,588,89.521899000000005,5.3677999999999997E-2,0.64301600000000003,889,90.215120999999996,-0.113778,0.20915700000000001,796,90.510658000000006,-4.3429000000000002E-2,0.50241999999999998,588,88.924066999999994,-2.8830000000000001E-3,0.476053,570,90.936554999999998,-9.8653000000000005E-2,0.20987500000000001,472,2018-19,351.44777777777784,205.55222222222216
2019-01-01T00:00:00Z,E12000001,North East,NA,89.918469,1.3913999999999999E-2,0.57624500000000001,557,90.233903999999995,-4.2979999999999997E-3,0.35679100000000002,387,90.584586000000002,-6.6834000000000005E-2,0.27177499999999999,492,89.977838000000006,4.4431999999999999E-2,0.59496400000000005,589,89.480563000000004,-4.6174E-2,0.88861900000000005,888,90.163894999999997,-5.6783E-2,0.232207,796,90.523608999999993,1.4308E-2,0.647343,588,89.000390999999993,8.5830000000000004E-2,0.80115400000000003,570,90.850131000000005,-9.5037999999999997E-2,0.206901,472,2018-19,351.44777777777784,205.55222222222216
2019-02-01T00:00:00Z,E12000001,North East,NA,89.840505,-8.6706000000000005E-2,0.43966499999999997,556,90.240292999999994,7.0809999999999996E-3,0.33341100000000001,387,90.514077999999998,-7.7837000000000003E-2,0.226997,492,89.909300999999999,-7.6171000000000003E-2,0.42182500000000001,588,89.358864999999994,-0.13600499999999999,0.61036599999999996,887,89.986354000000006,-0.196909,-4.0493000000000001E-2,794,90.459003999999993,-7.1368000000000001E-2,0.45078800000000002,588,88.930980000000005,-7.7990000000000004E-2,0.66359299999999999,570,90.764274,-9.4503000000000004E-2,0.171153,471,2018-19,351.44777777777784,204.55222222222216
2019-03-01T00:00:00Z,E12000001,North East,NA,90.018741,0.19839100000000001,0.60238899999999995,557,90.512322999999995,0.30145100000000002,0.58757400000000004,388,90.688295999999994,0.19247700000000001,0.35551199999999999,493,90.021187999999995,0.124445,0.55851300000000004,589,89.404523999999995,5.1095000000000002E-2,0.74956900000000004,887,90.001427000000007,1.6750999999999999E-2,4.8800000000000003E-2,794,90.572501000000003,0.125468,0.52968000000000004,589,89.134277999999995,0.228602,0.85289499999999996,571,90.993146999999993,0.25216100000000002,0.36646899999999999,472,2018-19,351.44777777777784,205.55222222222216
2019-04-01T00:00:00Z,E12000001,North East,NA,90.035219,1.8304999999999998E-2,0.73691300000000004,557,90.597703999999993,9.4330999999999998E-2,0.68490499999999999,388,90.681006999999994,-8.038E-3,0.49321599999999999,493,90.050691999999998,3.2774999999999999E-2,0.69710799999999995,589,89.250094000000004,-0.172731,0.71022399999999997,886,89.932337000000004,-7.6766000000000001E-2,8.2881999999999997E-2,794,90.608827000000005,4.0106999999999997E-2,0.65244400000000002,589,89.162384000000003,3.1531999999999998E-2,1.004294,571,90.986262999999994,-7.5649999999999997E-3,0.50668400000000002,472,2019-20,351.44777777777784,205.55222222222216
2019-05-01T00:00:00Z,E12000001,North East,NA,90.145145,0.12209200000000001,0.96278600000000003,558,90.799729999999997,0.222992,1.072087,389,90.817014999999998,0.14998500000000001,0.73210900000000001,493,90.153570000000002,0.114245,0.95681899999999998,590,89.431734000000006,0.203518,1.0047630000000001,888,90.018889000000001,9.6241999999999994E-2,0.26234400000000002,795,90.730929000000003,0.13475699999999999,0.89566900000000005,590,89.261660000000006,0.111343,1.226872,572,91.109392,0.135327,0.73427200000000004,473,2019-20,351.44777777777784,206.55222222222216
2019-06-01T00:00:00Z,E12000001,North East,NA,90.256035,0.123013,0.74399099999999996,559,90.944395999999998,0.15932399999999999,0.92255200000000004,390,90.952883,0.14960699999999999,0.55359000000000003,494,90.19341,4.4191000000000001E-2,0.62080999999999997,590,89.369704999999996,-6.9359000000000004E-2,0.58775900000000003,887,90.113557999999998,0.10516499999999999,5.6419999999999998E-2,795,90.842303999999999,0.122753,0.65514099999999997,590,89.346092999999996,9.4589999999999994E-2,0.98960899999999996,572,91.273680999999996,0.18032100000000001,0.566106,474,2019-20,351.44777777777784,207.55222222222216
2019-07-01T00:00:00Z,E12000001,North East,NA,90.400515,0.160078,0.93194999999999995,560,91.245682000000002,0.331285,1.239606,391,91.111841999999996,0.17477100000000001,0.76171299999999997,495,90.336653999999996,0.15881899999999999,0.84475999999999996,591,89.303888000000001,-7.3645000000000002E-2,0.64736000000000005,886,90.222097000000005,0.120448,0.27167400000000003,796,90.990345000000005,0.162965,0.89036400000000004,591,89.498959999999997,0.171096,1.1801299999999999,573,91.406081999999998,0.14505899999999999,0.68221699999999996,475,2019-20,351.44777777777784,208.55222222222216
2019-08-01T00:00:00Z,E12000001,North East,NA,90.225721,-0.193355,0.66942599999999997,559,91.044186999999994,-0.220827,1.1493850000000001,390,90.915516999999994,-0.215477,0.50626800000000005,494,90.125028999999998,-0.234263,0.52815900000000005,589,89.197373999999996,-0.119271,0.31222100000000003,885,90.008979999999994,-0.23621400000000001,-2.3893999999999999E-2,794,90.827763000000004,-0.17868100000000001,0.62349600000000005,590,89.356215000000006,-0.159493,0.91937899999999995,572,91.166578999999999,-0.262021,0.42797000000000002,473,2019-20,351.44777777777784,207.55222222222216
2019-09-01T00:00:00Z,E12000001,North East,NA,90.348611,0.13620299999999999,0.68737599999999999,559,91.196259999999995,0.16703200000000001,1.122231,391,90.999116000000001,9.1952999999999993E-2,0.54552100000000003,494,90.170167000000006,5.0084999999999998E-2,0.45594699999999999,590,89.533918,0.37730200000000003,0.60088799999999998,889,90.116834999999995,0.119828,8.2760000000000004E-3,795,90.874589999999998,5.1555999999999998E-2,0.51715699999999998,591,89.523600999999999,0.18732299999999999,0.96243999999999996,574,91.282267000000004,0.12689800000000001,0.51675899999999997,474,2019-20,351.44777777777784,207.55222222222216
2019-10-01T00:00:00Z,E12000001,North East,NA,90.551735,0.22482199999999999,0.63906399999999997,561,91.409648000000004,0.233988,1.065348,392,91.152218000000005,0.16824500000000001,0.52453399999999994,495,90.420967000000005,0.27814,0.42769299999999999,591,89.743996999999993,0.23463700000000001,0.27113799999999999,891,90.329301000000001,0.235767,-0.10228,797,91.089010000000002,0.23595099999999999,0.526949,592,89.744720999999998,0.24699699999999999,0.89018699999999995,575,91.437444999999997,0.16999700000000001,0.47567799999999999,475,2019-20,351.44777777777784,209.55222222222216
2019-11-01T00:00:00Z,E12000001,North East,NA,90.790325,0.26348500000000002,0.93856399999999995,562,91.714206000000004,0.333179,1.429646,393,91.391216999999997,0.26219700000000001,0.78068899999999997,497,90.569243,0.16398499999999999,0.64088299999999998,592,89.975999999999999,0.25851600000000002,0.56120199999999998,893,90.492019999999997,0.18013999999999999,0.192804,799,91.234052000000005,0.15923100000000001,0.75546000000000002,593,90.011263,0.29699999999999999,1.2196929999999999,577,91.730573000000007,0.32057799999999997,0.77364200000000005,476,2019-20,351.44777777777784,210.55222222222216
2019-12-01T00:00:00Z,E12000001,North East,NA,90.781196,-1.0054E-2,0.97350199999999998,562,91.782702999999998,7.4686000000000002E-2,1.7120550000000001,393,91.354934,-3.9701E-2,0.78301600000000005,496,90.515248999999997,-5.9616000000000002E-2,0.64196799999999998,592,89.780449000000004,-0.217337,0.28881200000000001,891,90.446500999999998,-5.0301999999999999E-2,0.25647500000000001,798,91.245151000000007,1.2166E-2,0.81149899999999997,593,90.013793000000007,2.8110000000000001E-3,1.2254560000000001,577,91.687098000000006,-4.7393999999999999E-2,0.825349,476,2019-20,351.44777777777784,210.55222222222216
2020-01-01T00:00:00Z,E12000001,North East,NA,90.959487,0.19639599999999999,1.157735,563,91.962990000000005,0.19642799999999999,1.916226,394,91.546794000000006,0.21001600000000001,1.0622210000000001,497,90.687503000000007,0.190304,0.78871100000000005,593,89.700956000000005,-8.8541999999999996E-2,0.24630299999999999,890,90.578551000000004,0.14599899999999999,0.45989200000000002,800,91.432559999999995,0.20539099999999999,1.0041040000000001,594,90.202318000000005,0.20943999999999999,1.350474,578,91.846458999999996,0.17380999999999999,1.096673,477,2019-20,351.44777777777784,211.55222222222216
2020-02-01T00:00:00Z,E12000001,North East,NA,90.899158,-6.6323999999999994E-2,1.1783699999999999,563,91.972103000000004,9.9089999999999994E-3,1.919108,394,91.489453999999995,-6.2633999999999995E-2,1.0775969999999999,497,90.669784000000007,-1.9538E-2,0.84583399999999997,593,89.627730999999997,-8.1631999999999996E-2,0.30088300000000001,890,90.523233000000005,-6.1072000000000001E-2,0.59662300000000001,799,91.402844999999999,-3.2499E-2,1.043391,594,90.138649999999998,-7.0583999999999994E-2,1.3579859999999999,578,91.763085000000004,-9.0774999999999995E-2,1.1004449999999999,476,2019-20,351.44777777777784,211.55222222222216
2020-03-01T00:00:00Z,E12000001,North East,NA,90.88165,-1.9261E-2,0.95858900000000002,563,92.002183000000002,3.2707E-2,1.6460300000000001,394,91.478059999999999,-1.2454E-2,0.87085500000000005,497,90.641120000000001,-3.1614000000000003E-2,0.68865100000000001,593,89.51885,-0.12148200000000001,0.12787499999999999,889,90.466569000000007,-6.2595999999999999E-2,0.51681600000000005,799,91.392607999999996,-1.12E-2,0.90547,594,90.114739,-2.6526000000000001E-2,1.0999829999999999,577,91.758447000000004,-5.0549999999999996E-3,0.84105200000000002,476,2019-20,351.44777777777784,211.55222222222216
2020-04-01T00:00:00Z,E12000001,North East,NA,91.013409,0.144979,1.0864529999999999,563,92.156673999999995,0.16792099999999999,1.720761,395,91.642689000000004,0.17996500000000001,1.0605100000000001,498,90.765063999999995,0.136742,0.79330000000000001,594,89.620327000000003,0.113359,0.414827,890,90.629412000000002,0.180004,0.77511099999999999,800,91.516957000000005,0.13605999999999999,1.002254,595,90.224350000000001,0.12163400000000001,1.191047,578,91.927144999999996,0.18385099999999999,1.0340929999999999,477,2020-21,363.31388888888887,199.68611111111113
2020-05-01T00:00:00Z,E12000001,North East,NA,91.018523,5.6189999999999999E-3,0.968858,563,92.214091999999994,6.2303999999999998E-2,1.5576719999999999,395,91.672545,3.2578999999999997E-2,0.94203700000000001,498,90.816935000000001,5.7147999999999997E-2,0.73581600000000003,594,89.581958999999998,-4.2812000000000003E-2,0.16797799999999999,889,90.593165999999997,-3.9994000000000002E-2,0.63795199999999996,800,91.526240000000001,1.0144E-2,0.87656100000000003,595,90.217966000000004,-7.0749999999999997E-3,1.0713520000000001,578,91.956956000000005,3.2427999999999998E-2,0.93027099999999996,477,2020-21,363.31388888888887,199.68611111111113
2020-06-01T00:00:00Z,E12000001,North East,NA,91.26773,0.27379799999999999,1.1209169999999999,565,92.515940000000001,0.32733400000000001,1.728027,397,91.910611000000003,0.25969199999999998,1.0529930000000001,499,91.029933999999997,0.234537,0.927477,595,89.830037000000004,0.27692800000000001,0.51508699999999996,892,90.879011000000006,0.31552599999999997,0.84943199999999996,802,91.764099999999999,0.25988099999999997,1.014721,596,90.474438000000006,0.284279,1.2628919999999999,580,92.195966999999996,0.25991599999999998,1.0104610000000001,479,2020-21,363.31388888888887,201.68611111111113
2020-07-01T00:00:00Z,E12000001,North East,NA,91.308089,4.4220000000000002E-2,1.0039469999999999,565,92.604219000000001,9.5420000000000005E-2,1.4888790000000001,397,91.973804999999999,6.8755999999999998E-2,0.94604900000000003,500,91.068921000000003,4.2828999999999999E-2,0.81059700000000001,596,89.863076000000007,3.678E-2,0.62616300000000003,892,90.887714000000003,9.5759999999999994E-3,0.73775299999999999,802,91.799385000000001,3.8453000000000001E-2,0.88915,597,90.511786999999998,4.1281999999999999E-2,1.131664,580,92.252928999999995,6.1783999999999999E-2,0.92646700000000004,479,2020-21,363.31388888888887,201.68611111111113
2020-08-01T00:00:00Z,E12000001,North East,NA,91.426878,0.13009699999999999,1.33128,566,92.703129000000004,0.106809,1.8221290000000001,397,92.065651000000003,9.9861000000000005E-2,1.265058,500,91.195301000000001,0.13877400000000001,1.187541,596,90.108329999999995,0.27292,1.0212810000000001,894,91.019285999999994,0.144763,1.1224499999999999,803,91.851206000000005,5.645E-2,1.126795,597,90.676004000000006,0.18143100000000001,1.4769969999999999,581,92.352862999999999,0.10832600000000001,1.3012280000000001,480,2020-21,363.31388888888887,202.68611111111113
2020-09-01T00:00:00Z,E12000001,North East,NA,91.756576,0.36061399999999999,1.5583689999999999,568,92.995588999999995,0.31547999999999998,1.9730289999999999,399,92.315185999999997,0.27104,1.4462440000000001,502,91.489389000000003,0.32248199999999999,1.463036,598,90.582725999999994,0.52647299999999997,1.1714089999999999,899,91.249939999999995,0.253413,1.2573730000000001,805,92.110928999999999,0.28276499999999999,1.3604890000000001,599,91.073018000000005,0.437838,1.730737,583,92.65428,0.32637500000000003,1.503044,481,2020-21,363.31388888888887,204.68611111111113
2020-10-01T00:00:00Z,E12000001,North East,NA,92.193913,0.47662700000000002,1.8135250000000001,571,93.393219999999999,0.42758099999999999,2.1699809999999999,400,92.692830999999998,0.409082,1.690153,504,91.903267,0.452378,1.6393329999999999,601,90.993790000000004,0.45379900000000001,1.39262,903,91.656263999999993,0.44528600000000002,1.469028,809,92.489525,0.411022,1.5375239999999999,601,91.568983000000003,0.54457900000000004,2.032724,587,93.052712999999997,0.43002200000000002,1.7665280000000001,483,2020-21,363.31388888888887,207.68611111111113
2020-11-01T00:00:00Z,E12000001,North East,NA,92.553401,0.38992599999999999,1.9419200000000001,573,93.665206999999995,0.29122700000000001,2.1272609999999998,402,93.023109000000005,0.35631499999999999,1.7856110000000001,505,92.260903999999996,0.38914500000000002,1.8678090000000001,603,91.156971999999996,0.17933299999999999,1.312541,905,92.012834999999995,0.38903100000000002,1.680607,812,92.850182000000004,0.38994299999999998,1.7714110000000001,603,91.942774,0.40820699999999999,2.1458550000000001,589,93.387602000000001,0.35989100000000002,1.806408,485,2020-21,363.31388888888887,209.68611111111113
2020-12-01T00:00:00Z,E12000001,North East,NA,92.732843,0.19388,2.1498360000000001,574,93.817560999999998,0.162658,2.2170380000000001,402,93.181342000000001,0.170101,1.999244,506,92.424987000000002,0.17784700000000001,2.1098530000000002,605,91.229016000000001,7.9033000000000006E-2,1.6134539999999999,906,92.122150000000005,0.11880400000000001,1.852641,813,93.051885999999996,0.21723700000000001,1.980089,605,92.130505999999997,0.204183,2.3515429999999999,590,93.548492999999993,0.17228299999999999,2.03016,486,2020-21,363.31388888888887,210.68611111111113
2021-01-01T00:00:00Z,E12000001,North East,NA,92.838838,0.114301,2.066141,575,94.003466000000003,0.198157,2.2188020000000002,403,93.357439999999997,0.18898300000000001,1.9778359999999999,507,92.614958999999999,0.205542,2.1253820000000001,606,91.135045000000005,-0.103005,1.5987439999999999,905,92.283308000000005,0.17494000000000001,1.8820760000000001,815,93.227081999999996,0.188277,1.9626729999999999,606,92.161240000000006,3.3359E-2,2.1716980000000001,590,93.706306999999995,0.16869799999999999,2.024953,487,2020-21,363.31388888888887,211.68611111111113
2021-02-01T00:00:00Z,E12000001,North East,NA,92.988735,0.16145899999999999,2.2987850000000001,576,94.061930000000004,6.2192999999999998E-2,2.2722410000000002,403,93.501150999999993,0.15393699999999999,2.1988289999999999,508,92.826383000000007,0.22828300000000001,2.37852,607,91.550003000000004,0.455322,2.1447289999999999,909,92.344161,6.5941E-2,2.0115590000000001,815,93.315652,9.5005000000000006E-2,2.0927220000000002,606,92.379143999999997,0.23643900000000001,2.4856090000000002,592,93.822401999999997,0.123892,2.244167,487,2020-21,363.31388888888887,212.68611111111113
2021-03-01T00:00:00Z,E12000001,North East,NA,93.10139,0.12114900000000001,2.4424510000000001,576,94.214562000000001,0.162268,2.404703,404,93.586650000000006,9.1441999999999996E-2,2.3050229999999998,509,92.930306999999999,0.111955,2.5255510000000001,608,91.831675000000004,0.30766900000000003,2.583618,912,92.519282000000004,0.189639,2.2690290000000002,817,93.441484000000003,0.13484499999999999,2.2418399999999998,607,92.507244999999998,0.13866800000000001,2.6549550000000002,593,93.884427000000002,6.6109000000000001E-2,2.316932,487,2020-21,363.31388888888887,212.68611111111113
2021-04-01T00:00:00Z,E12000001,North East,NA,93.26639,0.17722599999999999,2.475438,577,94.311887999999996,0.103302,2.338641,404,93.724159,0.14693200000000001,2.2712889999999999,509,93.086574999999996,0.168156,2.5577139999999998,609,92.070971,0.26058199999999998,2.7344729999999999,914,92.653310000000005,0.14486499999999999,2.2331569999999998,818,93.570553000000004,0.138128,2.243951,608,92.709373999999997,0.218501,2.754273,594,94.029386000000002,0.15440100000000001,2.2868550000000001,488,2021-22,363.31388888888887,213.68611111111113
2021-05-01T00:00:00Z,E12000001,North East,NA,93.434799,0.18056700000000001,2.6547079999999998,578,94.369568000000001,6.1158999999999998E-2,2.3374700000000002,405,93.838517999999993,0.122017,2.3627280000000002,510,93.272019,0.199216,2.7033330000000002,610,92.290109999999999,0.238011,3.0230980000000001,916,92.785335000000003,0.14249300000000001,2.4197950000000001,819,93.755651,0.19781699999999999,2.435816,609,92.925518999999994,0.23314199999999999,3.0011239999999999,595,94.113446999999994,8.9399999999999993E-2,2.34511,489,2021-22,363.31388888888887,214.68611111111113
2021-06-01T00:00:00Z,E12000001,North East,NA,93.654112,0.23472299999999999,2.6147040000000001,580,94.561246999999995,0.20311499999999999,2.2107619999999999,405,94.049655999999999,0.22500200000000001,2.3273100000000002,511,93.516206999999994,0.26180199999999998,2.7312699999999999,612,92.529387,0.259266,3.004953,919,93.096153000000001,0.33498699999999998,2.4396640000000001,822,93.972414999999998,0.23120099999999999,2.4065129999999999,611,93.172707000000003,0.26600600000000002,2.9823550000000001,597,94.270230999999995,0.16658999999999999,2.2498429999999998,489,2021-22,363.31388888888887,216.68611111111113
2021-07-01T00:00:00Z,E12000001,North East,NA,93.885062,0.24659900000000001,2.8222830000000001,581,94.734835000000004,0.18357100000000001,2.3007759999999999,406,94.231837999999996,0.19370899999999999,2.4550830000000001,512,93.782140999999996,0.28437099999999998,2.979304,613,92.854084999999998,0.35091299999999997,3.3284069999999999,922,93.398818000000006,0.32511000000000001,2.762864,824,94.193707000000003,0.235486,2.6082109999999998,612,93.426899000000006,0.272818,3.2206980000000001,599,94.456974000000002,0.19809299999999999,2.389132,490,2021-22,363.31388888888887,217.68611111111113
2021-08-01T00:00:00Z,E12000001,North East,NA,94.02153,0.14535699999999999,2.8379530000000002,582,94.818085999999994,8.7877999999999998E-2,2.2814299999999998,406,94.341342999999995,0.116207,2.4718140000000002,513,93.925399999999996,0.152758,2.993684,614,93.133549000000002,0.30097099999999999,3.357313,925,93.474162000000007,8.0669000000000005E-2,2.697095,825,94.272542999999999,8.3696000000000007E-2,2.6361520000000001,613,93.608125000000001,0.19397600000000001,3.2336239999999998,600,94.587632999999997,0.138326,2.419816,491,2021-22,363.31388888888887,218.68611111111113
2021-09-01T00:00:00Z,E12000001,North East,NA,94.450588,0.456341,2.9360430000000002,585,95.085976000000002,0.28253,2.2478349999999998,408,94.718648999999999,0.39993800000000002,2.6035400000000002,515,94.308149999999998,0.40750399999999998,3.0809700000000002,617,93.964879999999994,0.89262200000000003,3.7337729999999998,933,93.914683999999994,0.47127599999999997,2.9202689999999998,829,94.590314000000006,0.33707700000000002,2.691738,615,94.139919000000006,0.56810700000000003,3.3675190000000002,603,94.950951000000003,0.384108,2.4787539999999999,493,2021-22,363.31388888888887,221.68611111111113
2021-10-01T00:00:00Z,E12000001,North East,NA,94.657283,0.21884000000000001,2.671945,586,95.104675,1.9665999999999999E-2,1.8325260000000001,408,94.855476999999993,0.144457,2.333132,515,94.560722999999996,0.26781700000000003,2.8915799999999998,618,94.367446999999999,0.42842400000000003,3.7075689999999999,937,94.144198000000003,0.24438599999999999,2.7144180000000002,831,94.820891000000003,0.24376400000000001,2.5206810000000002,616,94.397837999999993,0.273974,3.089315,605,95.048153999999997,0.102371,2.1444190000000001,494,2021-22,363.31388888888887,222.68611111111113
2021-11-01T00:00:00Z,E12000001,North East,NA,94.8216,0.173591,2.4506929999999998,587,95.166047000000006,6.4531000000000005E-2,1.6023449999999999,408,95.013442999999995,0.16653399999999999,2.1396130000000002,516,94.773178999999999,0.22467699999999999,2.7230120000000002,620,94.530606000000006,0.172897,3.7009059999999998,938,94.313378,0.179703,2.5002409999999999,832,94.972648000000007,0.16004599999999999,2.2859050000000001,617,94.591735999999997,0.205405,2.8810980000000002,606,95.175290000000004,0.13375999999999999,1.9142669999999999,494,2021-22,363.31388888888887,223.68611111111113
2021-12-01T00:00:00Z,E12000001,North East,NA,95.098789,0.292327,2.5513569999999999,589,95.379923000000005,0.22474,1.6653199999999999,409,95.250165999999993,0.24914700000000001,2.2202130000000002,518,95.095275000000001,0.33986,2.889141,622,94.994550000000004,0.49078699999999997,4.1275620000000002,943,94.740144000000001,0.45249899999999998,2.8418730000000001,836,95.237782999999993,0.27916999999999997,2.349116,619,94.896247000000002,0.32192199999999999,3.0019830000000001,608,95.386916999999997,0.222356,1.9652099999999999,495,2021-22,363.31388888888887,225.68611111111113
2022-01-01T00:00:00Z,E12000001,North East,NA,94.719983,-0.39833000000000002,2.0262470000000001,586,94.983571999999995,-0.41554999999999997,1.042627,407,94.958997999999994,-0.30568800000000002,1.7155119999999999,516,94.801461000000003,-0.30896800000000002,2.360852,620,94.309860999999998,-0.72076700000000005,3.4836390000000002,936,94.519535000000005,-0.23285700000000001,2.423219,834,94.976337000000001,-0.27451999999999999,1.8763380000000001,617,94.451307999999997,-0.46886899999999998,2.4848499999999998,605,94.972250000000003,-0.43472100000000002,1.3509690000000001,493,2021-22,363.31388888888887,222.68611111111113
2022-02-01T00:00:00Z,E12000001,North East,NA,94.967094,0.26088600000000001,2.127526,588,95.156666000000001,0.18223600000000001,1.1638459999999999,408,95.181308999999999,0.23411299999999999,1.7969390000000001,517,95.042767999999995,0.25453900000000002,2.387667,622,94.701493999999997,0.41526200000000002,3.4423710000000001,940,94.733497999999997,0.22636800000000001,2.5874259999999998,836,95.174965,0.20913399999999999,1.9924980000000001,619,94.734921999999997,0.30027500000000001,2.5501179999999999,607,95.210714999999993,0.25108900000000001,1.479724,494,2021-22,363.31388888888887,224.68611111111113
2022-03-01T00:00:00Z,E12000001,North East,NA,95.851115,0.930871,2.9534739999999999,593,95.967549000000005,0.85215600000000002,1.8606320000000001,411,96.038390000000007,0.90047200000000005,2.6197539999999999,522,95.890338999999997,0.89177799999999996,3.185216,627,95.689904999999996,1.043712,4.201416,950,95.633695000000003,0.95024200000000003,3.366231,844,95.936880000000002,0.80054199999999998,2.670544,623,95.703888000000006,1.0228189999999999,3.4555600000000002,613,96.062807000000006,0.89495400000000003,2.3202790000000002,499,2021-22,363.31388888888887,229.68611111111113
2022-04-01T00:00:00Z,E12000001,North East,NA,96.175462,0.33838600000000002,3.1191,595,96.349002999999996,0.39748299999999998,2.159977,413,96.357196999999999,0.331957,2.809348,524,96.177695999999997,0.29967300000000002,3.320694,629,95.816132999999994,0.131913,4.0676899999999998,951,96.014385000000004,0.39807100000000001,3.627583,847,96.234416999999993,0.31013800000000002,2.8469039999999999,625,96.040791999999996,0.35202800000000001,3.5933989999999998,615,96.378715,0.32885500000000001,2.4985050000000002,500,2022-23,363.31388888888887,231.68611111111113
2022-05-01T00:00:00Z,E12000001,North East,NA,96.515577,0.35364000000000001,3.29725,598,96.689409999999995,0.35330600000000001,2.458253,415,96.665225000000007,0.31967299999999998,3.0123099999999998,525,96.513959,0.34962700000000002,3.4757910000000001,631,96.344065000000001,0.55098499999999995,4.3926220000000002,956,96.357388,0.35724099999999998,3.8498039999999998,851,96.524343999999999,0.30127300000000001,2.9530949999999998,627,96.397384000000002,0.37129200000000001,3.7361800000000001,618,96.736940000000004,0.37168600000000002,2.7875860000000001,502,2022-23,363.31388888888887,234.68611111111113
2022-06-01T00:00:00Z,E12000001,North East,NA,96.93505,0.434616,3.50325,600,97.121986000000007,0.44738699999999998,2.7080220000000002,416,97.089537000000007,0.43895099999999998,3.2322090000000001,528,96.920270000000002,0.420987,3.6400779999999999,634,96.782443000000001,0.455013,4.596438,961,96.857577000000006,0.51909799999999995,4.0403640000000003,855,96.950526999999994,0.441529,3.1691349999999998,630,96.808582000000001,0.426566,3.9022969999999999,620,97.146369000000007,0.42323899999999998,3.050951,504,2022-23,363.31388888888887,236.68611111111113
2022-07-01T00:00:00Z,E12000001,North East,NA,97.3233,0.40052599999999999,3.6621790000000001,603,97.558797999999996,0.44975599999999999,2.9809139999999998,418,97.495667999999995,0.41830499999999998,3.463616,530,97.291236999999995,0.38275399999999998,3.7417530000000001,636,97.196216000000007,0.42752899999999999,4.6762949999999996,965,97.344764999999995,0.50299400000000005,4.224837,859,97.299993000000001,0.360458,3.2977639999999999,632,97.193601999999998,0.39771299999999998,4.0317119999999997,623,97.553916999999998,0.41951899999999998,3.2786810000000002,507,2022-23,363.31388888888887,239.68611111111113
2022-08-01T00:00:00Z,E12000001,North East,NA,97.613501,0.298182,3.8203710000000002,604,97.778908000000001,0.22561800000000001,3.1226340000000001,419,97.752531000000005,0.26346199999999997,3.6157940000000002,531,97.562945999999997,0.27927400000000002,3.8728030000000002,638,97.476806999999994,0.28868500000000002,4.6634729999999998,968,97.502105999999998,0.161632,4.3091520000000001,861,97.614604,0.32334099999999999,3.5451060000000001,634,97.530968000000001,0.347107,4.1907079999999999,625,97.772869999999998,0.224443,3.367499,508,2022-23,363.31388888888887,240.68611111111113
2022-09-01T00:00:00Z,E12000001,North East,NA,98.124744,0.52374200000000004,3.8900290000000002,607,98.311351000000002,0.54453700000000005,3.3920620000000001,421,98.184562999999997,0.44196400000000002,3.6591670000000001,533,98.063526999999993,0.51308500000000001,3.9820280000000001,641,98.101124999999996,0.64047799999999999,4.4019060000000003,974,97.907824000000005,0.41611199999999998,4.251881,864,98.05668,0.452878,3.6646100000000001,637,98.097622000000001,0.58099900000000004,4.2040639999999998,629,98.278937999999997,0.51759599999999995,3.5049540000000001,510,2022-23,363.31388888888887,243.68611111111113
2022-10-01T00:00:00Z,E12000001,North East,NA,98.62808,0.51295500000000005,4.1949189999999996,611,98.714299999999994,0.40987000000000001,3.795423,423,98.632886999999997,0.45661400000000002,3.9822790000000001,536,98.593708000000007,0.54065099999999999,4.2649689999999998,645,98.712845999999999,0.62356199999999995,4.6047640000000003,980,98.452186999999995,0.55599600000000005,4.5759480000000003,869,98.507671999999999,0.45993000000000001,3.888153,640,98.666404,0.57981199999999999,4.5218889999999998,632,98.713278000000003,0.44194600000000001,3.856071,513,2022-23,363.31388888888887,247.68611111111113
2022-11-01T00:00:00Z,E12000001,North East,NA,98.903872,0.27962900000000002,4.3052130000000002,612,98.921190999999993,0.20958599999999999,3.9458859999999998,424,98.892561999999998,0.26327400000000001,4.0827049999999998,537,98.898286999999996,0.308923,4.3526109999999996,647,98.930205999999998,0.220195,4.6541540000000001,982,98.767008000000004,0.31977,4.722162,872,98.833151999999998,0.33040999999999998,4.0648580000000001,642,98.952843999999999,0.29031200000000001,4.6104529999999997,634,98.917556000000005,0.20694000000000001,3.931972,514,2022-23,363.31388888888887,248.68611111111113
2022-12-01T00:00:00Z,E12000001,North East,NA,99.550677,0.65397300000000003,4.6813289999999999,616,99.574180999999996,0.660111,4.3974219999999997,427,99.532919000000007,0.64752799999999999,4.496321,541,99.511632000000006,0.62017800000000001,4.644139,651,99.55059,0.62709300000000001,4.7961070000000001,988,99.507784999999998,0.75002500000000005,5.0323339999999996,878,99.524845999999997,0.69986099999999996,4.5014310000000002,647,99.551119,0.60460700000000001,4.9052220000000002,638,99.582909999999998,0.67263499999999998,4.3989180000000001,517,2022-23,363.31388888888887,252.68611111111113
2023-01-01T00:00:00Z,E12000001,North East,NA,100,0.451351,5.574344,619,100,0.42764000000000002,5.2813639999999999,429,100,0.469273,5.3086089999999997,543,100,0.49076399999999998,5.483606,654,100,0.45143800000000001,6.0334510000000003,993,100,0.49464999999999998,5.798235,883,100,0.47742299999999999,5.2893840000000001,650,100,0.450905,5.8746580000000002,641,100,0.41883700000000001,5.2939150000000001,519,2022-23,363.31388888888887,255.68611111111113
2023-02-01T00:00:00Z,E12000001,North East,NA,100.443082,0.44308199999999998,5.7661949999999997,622,100.4485,0.44850000000000001,5.5611810000000004,431,100.42329599999999,0.42329600000000001,5.5073699999999999,546,100.386848,0.38684800000000003,5.6228160000000003,657,100.341787,0.34178700000000001,5.9558650000000002,996,100.411569,0.41156900000000002,5.9937319999999996,886,100.452783,0.45278299999999999,5.5453849999999996,653,100.44444900000001,0.44444899999999998,6.0268449999999998,644,100.43891600000001,0.43891599999999997,5.4911890000000003,522,2022-23,363.31388888888887,258.68611111111113
2023-03-01T00:00:00Z,E12000001,North East,NA,100.81648,0.371751,5.1802890000000001,624,100.818298,0.36814599999999997,5.0545720000000003,432,100.733356,0.308753,4.8886349999999998,547,100.719972,0.331841,5.0366220000000004,659,100.791832,0.448513,5.3317300000000003,1001,100.74295100000001,0.33002300000000001,5.3425260000000003,889,100.868005,0.41335,5.1399679999999996,656,100.79202100000001,0.34603400000000001,5.3165370000000003,646,100.82503,0.38442700000000002,4.9574049999999996,524,2022-23,363.31388888888887,260.68611111111113
2023-04-01T00:00:00Z,E12000001,North East,NA,101.530631,0.70836699999999997,5.5681240000000001,629,101.466572,0.64301200000000003,5.3114910000000002,435,101.487325,0.74847900000000001,5.3240740000000004,551,101.41806699999999,0.69310400000000005,5.4486350000000003,663,101.414486,0.61776200000000003,5.8428079999999998,1007,101.49135099999999,0.74288100000000001,5.7043179999999998,896,101.616152,0.74170899999999995,5.5923189999999998,660,101.47961100000001,0.68218699999999999,5.66303,650,101.54365799999999,0.71274800000000005,5.3590080000000002,527,2023-24,363.31388888888887,265.68611111111113
2023-05-01T00:00:00Z,E12000001,North East,NA,101.544515,1.3674E-2,5.2104929999999996,629,101.582346,0.11409999999999999,5.0604659999999999,435,101.585189,9.6430000000000002E-2,5.0896939999999997,552,101.495187,7.6041999999999998E-2,5.1611479999999998,664,101.215366,-0.19634199999999999,5.0561509999999998,1005,101.476027,-1.5099E-2,5.3121400000000003,896,101.751487,0.133183,5.415362,661,101.37251999999999,-0.105529,5.1610699999999996,649,101.648296,0.103047,5.0770210000000002,528,2023-24,363.31388888888887,265.68611111111113
2023-06-01T00:00:00Z,E12000001,North East,NA,101.981593,0.43042999999999998,5.2061080000000004,631,102.027023,0.437751,5.0503879999999999,437,101.977332,0.38602300000000001,5.0343159999999996,554,101.91722300000001,0.41581800000000002,5.155735,667,101.718993,0.49757899999999999,5.1006669999999996,1010,101.889988,0.40794000000000002,5.1956819999999997,899,102.249714,0.489651,5.4658680000000004,664,101.76793600000001,0.39006200000000002,5.1228449999999999,652,102.101946,0.44629400000000002,5.1011439999999997,530,2023-24,363.31388888888887,267.68611111111113
2023-07-01T00:00:00Z,E12000001,North East,NA,102.815941,0.81813599999999997,5.6437059999999999,637,102.840592,0.79740599999999995,5.4139590000000002,441,102.80489300000001,0.81151499999999999,5.4456009999999999,559,102.760147,0.82706800000000003,5.621175,672,102.639112,0.90456899999999996,5.5999049999999997,1019,102.794404,0.88763999999999998,5.598287,907,103.06126999999999,0.79369999999999996,5.9211479999999996,670,102.59290900000001,0.81064199999999997,5.5552080000000004,657,102.956851,0.83730499999999997,5.5384070000000003,535,2023-24,363.31388888888887,273.68611111111113
2023-08-01T00:00:00Z,E12000001,North East,NA,103.242546,0.41492099999999998,5.766667,639,103.319658,0.465833,5.6666100000000004,443,103.19793799999999,0.38232100000000002,5.5706040000000003,561,103.19286200000001,0.42109200000000002,5.7705469999999996,675,103.028097,0.37898399999999999,5.6949860000000001,1023,103.174627,0.36988599999999999,5.8178450000000002,911,103.508954,0.43438599999999999,6.0383889999999996,673,103.043144,0.438855,5.6517179999999998,660,103.33640699999999,0.36865599999999998,5.6902670000000004,537,2023-24,363.31388888888887,275.68611111111113
2023-09-01T00:00:00Z,E12000001,North East,NA,103.614595,0.36036400000000002,5.5947680000000002,641,103.73462000000001,0.40162900000000001,5.5164220000000004,445,103.556944,0.347881,5.4717169999999999,563,103.563503,0.35917300000000002,5.6085849999999997,677,103.409012,0.36971900000000002,5.410628,1027,103.593238,0.40573100000000001,5.8069050000000004,914,103.882002,0.360402,5.9407699999999997,675,103.406418,0.35254600000000003,5.4117480000000002,663,103.711575,0.36305500000000002,5.5277729999999998,539,2023-24,363.31388888888887,277.68611111111113
2023-10-01T00:00:00Z,E12000001,North East,NA,104.160102,0.52647600000000006,5.6089729999999998,645,104.287919,0.53337999999999997,5.6462130000000004,447,104.094746,0.51932999999999996,5.5375639999999997,566,104.071101,0.49013200000000001,5.5555190000000003,681,103.984039,0.55607099999999998,5.3399270000000003,1032,104.16673900000001,0.55360799999999999,5.804392,919,104.414513,0.51261100000000004,5.9963259999999998,679,103.931814,0.50808799999999998,5.3365790000000004,666,104.295131,0.56267100000000003,5.6546110000000001,542,2023-24,363.31388888888887,281.68611111111113
2023-11-01T00:00:00Z,E12000001,North East,NA,104.429227,0.25837599999999999,5.5865910000000003,647,104.620547,0.31895200000000001,5.7615119999999997,449,104.445978,0.33741500000000002,5.6156050000000004,568,104.315395,0.234738,5.4774539999999998,682,103.958603,-2.4461E-2,5.0827720000000003,1032,104.37902,0.20379,5.6820709999999996,921,104.62952300000001,0.20591999999999999,5.8648049999999996,680,104.181355,0.24010100000000001,5.2838419999999999,667,104.657095,0.34705799999999998,5.802346,543,2023-24,363.31388888888887,283.68611111111113
2023-12-01T00:00:00Z,E12000001,North East,NA,104.804927,0.359765,5.277965,649,105.105008,0.463065,5.5544789999999997,451,104.86327,0.39952900000000002,5.3553649999999999,570,104.746121,0.41290700000000002,5.2601779999999998,685,104.104647,0.140482,4.5746149999999997,1033,104.759348,0.36437199999999997,5.2775400000000001,925,105.04909000000001,0.401003,5.5506180000000001,683,104.51459800000001,0.31986799999999999,4.9858599999999997,670,105.060298,0.38526100000000002,5.5003289999999998,546,2023-24,363.31388888888887,285.68611111111113
2024-01-01T00:00:00Z,E12000001,North East,NA,105.523948,0.68605700000000003,5.5239479999999999,653,106.001367,0.85282199999999997,6.0013670000000001,454,105.589512,0.69255999999999995,5.589512,574,105.448937,0.67096999999999996,5.4489369999999999,690,104.79743499999999,0.66547299999999998,4.7974350000000001,1040,105.449484,0.65878300000000001,5.449484,931,105.79885899999999,0.713731,5.7988590000000002,688,105.20679800000001,0.66229899999999997,5.206798,674,105.800831,0.70486499999999996,5.8008309999999996,549,2023-24,363.31388888888887,289.68611111111113
2024-02-01T00:00:00Z,E12000001,North East,NA,106.26813,0.70522499999999999,5.7993519999999998,658,106.672732,0.633355,6.1964410000000001,457,106.33646,0.70740800000000004,5.8882389999999996,578,106.219661,0.73089899999999997,5.8103360000000004,695,105.377725,0.55372600000000005,5.0187850000000003,1046,106.06888600000001,0.58739200000000003,5.6341279999999996,936,106.55443699999999,0.71416500000000005,6.0741519999999998,692,106.01441800000001,0.76765099999999997,5.5453239999999999,679,106.457735,0.62088699999999997,5.9925170000000003,553,2023-24,363.31388888888887,294.68611111111113
2024-03-01T00:00:00Z,E12000001,North East,NA,107.044785,0.73084499999999997,6.1778649999999997,663,107.511549,0.78634599999999999,6.6389250000000004,461,107.14434199999999,0.759741,6.3643130000000001,582,107.007375,0.74158999999999997,6.2424590000000002,700,106.011399,0.60133599999999998,5.1785610000000002,1052,106.844544,0.73127799999999998,6.0565959999999999,943,107.42672399999999,0.81862999999999997,6.5022789999999997,698,106.72124700000001,0.66672900000000002,5.8826349999999996,684,107.26114,0.75467099999999998,6.383445,557,2023-24,363.31388888888887,299.68611111111113
2024-04-01T00:00:00Z,E12000001,North East,NA,107.513702,0.438056,5.8928729999999998,666,108.14765,0.59165800000000002,6.584511,464,107.680058,0.49999399999999999,6.1019769999999998,585,107.451943,0.41545500000000002,5.9495079999999998,703,106.259547,0.23407600000000001,4.7774840000000003,1055,107.258267,0.38722000000000001,5.682175,947,107.92867200000001,0.46724700000000002,6.2121230000000001,701,107.14238,0.39461000000000002,5.5802040000000002,686,107.79044500000001,0.49347299999999999,6.1518240000000004,560,2024-25,407.7594444444444,258.2405555555556
2024-05-01T00:00:00Z,E12000001,North East,NA,107.859636,0.32175799999999999,6.2190669999999999,668,108.497991,0.32394699999999998,6.8079200000000002,465,108.03061599999999,0.32555600000000001,6.3448500000000001,587,107.79051200000001,0.31508900000000001,6.202585,705,106.595984,0.31661800000000001,5.3160080000000001,1058,107.57146,0.29199799999999998,6.0067709999999996,950,108.229184,0.27843499999999999,6.366193,703,107.528051,0.35996099999999998,6.0721889999999998,689,108.120192,0.30591499999999999,6.3669510000000002,561,2024-25,407.7594444444444,260.2405555555556
2024-06-01T00:00:00Z,E12000001,North East,NA,108.086876,0.21068100000000001,5.9866520000000003,669,108.964348,0.42982999999999999,6.7994969999999997,467,108.34923999999999,0.29493799999999998,6.2483570000000004,589,108.045286,0.23635999999999999,6.012785,707,106.470174,-0.118025,4.6708879999999997,1057,107.817314,0.22855,5.8173779999999997,952,108.589657,0.333065,6.20045,706,107.609831,7.6053999999999997E-2,5.7404080000000004,689,108.459633,0.31394699999999998,6.2268030000000003,563,2024-25,407.7594444444444,261.2405555555556
2024-07-01T00:00:00Z,E12000001,North East,NA,109.194823,1.0250520000000001,6.2041760000000004,676,110.122311,1.0627,7.0805879999999997,472,109.436561,1.0035339999999999,6.4507320000000004,595,109.143175,1.0161370000000001,6.2115780000000003,714,107.324569,0.80247400000000002,4.5649819999999997,1065,108.804485,0.91559599999999997,5.8467000000000002,960,109.735902,1.0555749999999999,6.4763719999999996,713,108.74319800000001,1.0532189999999999,5.9948480000000002,697,109.517117,0.97500200000000004,6.3718599999999999,569,2024-25,407.7594444444444,268.2405555555556
2024-08-01T00:00:00Z,E12000001,North East,NA,110.136699,0.86256500000000003,6.6776280000000003,682,111.148466,0.93183199999999999,7.5772690000000003,477,110.40852099999999,0.88814899999999997,6.987139,600,110.090278,0.86776200000000003,6.684005,720,108.11685900000001,0.73821899999999996,4.9391980000000002,1073,109.580288,0.71302500000000002,6.2085619999999997,967,110.65246,0.83524100000000001,6.9013419999999996,719,109.721782,0.89990400000000004,6.481401,703,110.45882899999999,0.859877,6.8924620000000001,574,2024-25,407.7594444444444,274.2405555555556
2024-09-01T00:00:00Z,E12000001,North East,NA,111.035416,0.81600099999999998,7.1619450000000002,687,112.120249,0.87431099999999995,8.0837330000000005,481,111.312561,0.81881400000000004,7.4892289999999999,605,111.014098,0.83914800000000001,7.194229,726,108.696904,0.53649899999999995,5.1135710000000003,1079,110.45170299999999,0.79522999999999999,6.6205720000000001,975,111.581382,0.83949499999999999,7.4116590000000002,725,110.63954200000001,0.83644200000000002,6.9948499999999996,709,111.304287,0.765405,7.3209879999999998,578,2024-25,407.7594444444444,279.2405555555556
2024-10-01T00:00:00Z,E12000001,North East,NA,112.103716,0.96212600000000004,7.6263500000000004,694,113.191586,0.95552499999999996,8.5375820000000004,485,112.402806,0.97944500000000001,7.9812479999999999,611,112.04803200000001,0.93135400000000002,7.6648860000000001,733,109.78286199999999,0.99906899999999998,5.5766460000000002,1090,111.432069,0.88759699999999997,6.9747130000000004,984,112.705866,1.007771,7.9408050000000001,732,111.686954,0.946689,7.4617579999999997,716,112.37453499999999,0.96155199999999996,7.7466749999999998,583,2024-25,407.7594444444444,286.2405555555556
2024-11-01T00:00:00Z,E12000001,North East,NA,113.134453,0.91944999999999999,8.3360050000000001,700,114.290769,0.971082,9.2431380000000001,490,113.416343,0.90170099999999997,8.5885219999999993,616,113.15731599999999,0.99000699999999997,8.4761410000000001,740,110.801551,0.92791299999999999,6.5823770000000001,1100,112.45710099999999,0.91987099999999999,7.7391810000000003,993,113.69808,0.88035699999999995,8.6673019999999994,739,112.762393,0.96290399999999998,8.2366349999999997,722,113.368471,0.88448499999999997,8.3237319999999997,589,2024-25,407.7594444444444,292.2405555555556
2024-12-01T00:00:00Z,E12000001,North East,NA,114.108369,0.86084799999999995,8.8769120000000008,706,115.40627600000001,0.97602500000000003,9.800929,495,114.478613,0.93661099999999997,9.1694099999999992,622,114.150346,0.87756599999999996,8.9781130000000005,747,111.7608,0.86573599999999995,7.3542860000000001,1109,113.398268,0.83691199999999999,8.2464429999999993,1001,114.599307,0.79264900000000005,9.0911939999999998,745,113.712644,0.84270199999999995,8.8007279999999994,729,114.455738,0.95905600000000002,8.9429029999999994,594,2024-25,407.7594444444444,298.2405555555556
2025-01-01T00:00:00Z,E12000001,North East,NA,114.74907,0.56148500000000001,8.7422070000000005,710,116.07990599999999,0.58370299999999997,9.5079329999999995,498,115.17399399999999,0.607433,9.0771160000000002,626,114.788078,0.55867699999999998,8.8565539999999991,751,112.33800599999999,0.51646599999999998,7.1953779999999998,1115,114.080884,0.60196400000000005,8.1853409999999993,1007,115.288664,0.60153699999999999,8.9696669999999994,749,114.31536699999999,0.53004099999999998,8.6577769999999994,732,115.10462800000001,0.566936,8.7936899999999998,598,2024-25,407.7594444444444,302.2405555555556
2025-02-01T00:00:00Z,E12000001,North East,NA,115.517201,0.66940100000000002,8.7035230000000006,715,116.899315,0.705901,9.5868760000000002,501,116.030244,0.74344100000000002,9.1161429999999992,630,115.557519,0.67031399999999997,8.7910819999999994,756,112.959222,0.55298800000000004,7.1945920000000001,1121,114.66056500000001,0.50813200000000003,8.1000940000000003,1012,116.055233,0.66491299999999998,8.9163770000000007,754,115.082421,0.67099799999999998,8.5535560000000004,737,115.949702,0.73417900000000003,8.9161839999999994,602,2024-25,407.7594444444444,307.2405555555556
2025-03-01T00:00:00Z,E12000001,North East,NA,117.132178,1.3980399999999999,9.4235260000000007,725,118.590307,1.446537,10.304714000000001,508,117.63548,1.3834630000000001,9.7915930000000007,639,117.172707,1.397734,9.4996550000000006,766,114.427598,1.299917,7.9389570000000003,1136,116.00091500000001,1.1689719999999999,8.5698070000000008,1024,117.614622,1.343661,9.4835790000000006,764,116.782861,1.477584,9.4279379999999993,748,117.586815,1.4119159999999999,9.6266700000000007,611,2024-25,407.7594444444444,317.2405555555556
2025-04-01T00:00:00Z,E12000001,North East,NA,117.658797,0.44959399999999999,9.4360949999999999,728,119.22024399999999,0.53118699999999996,10.238405,511,118.23845,0.512575,9.8053369999999997,642,117.66012000000001,0.41597899999999999,9.5002259999999996,770,114.807772,0.33223999999999998,8.0446659999999994,1140,116.34150099999999,0.29360700000000001,8.4685629999999996,1027,118.074651,0.39113300000000001,9.4006329999999991,767,117.34753499999999,0.48352499999999998,9.5248539999999995,752,118.19914199999999,0.52074399999999998,9.6564189999999996,614,2025-26,407.7594444444444,320.2405555555556
2025-05-01T00:00:00Z,E12000001,North East,NA,118.374887,0.60861500000000002,9.7490129999999997,733,120.0047,0.65798900000000005,10.605458,514,119.063867,0.69809500000000002,10.213077,647,118.382265,0.61375500000000005,9.826238,774,115.239861,0.376359,8.1090090000000004,1144,116.936509,0.511432,8.7058870000000006,1032,118.82611,0.63642699999999996,9.7911909999999995,772,118.051457,0.59986099999999998,9.7866619999999998,756,118.940684,0.62736599999999998,10.007835999999999,618,2025-26,407.7594444444444,325.2405555555556
2025-06-01T00:00:00Z,E12000001,North East,NA,118.600457,0.190556,9.7269729999999992,734,120.463194,0.38206299999999999,10.552852,516,119.366687,0.254334,10.168457999999999,649,118.615579,0.19708600000000001,9.7832059999999998,776,115.33459499999999,8.2205E-2,8.3257320000000004,1145,117.080282,0.122949,8.5913540000000008,1033,118.947176,0.101886,9.5382189999999998,773,118.283147,0.19626099999999999,9.918533,758,119.314628,0.31439600000000001,10.008328000000001,620,2025-26,407.7594444444444,326.2405555555556
2025-07-01T00:00:00Z,E12000001,North East,NA,118.951117,0.29566500000000001,8.9347589999999997,736,121.02990200000001,0.470441,9.9049779999999998,519,119.74959800000001,0.32078499999999999,9.4237579999999994,651,118.927949,0.26334600000000002,8.9650809999999996,778,115.463674,0.111917,7.5836360000000003,1146,117.26033099999999,0.153782,7.7715969999999999,1035,119.253725,0.257718,8.6733910000000005,775,118.613499,0.27928900000000001,9.0767059999999997,760,119.821523,0.42483799999999999,9.4089460000000003,622,2025-26,407.7594444444444,328.2405555555556
2025-08-01T00:00:00Z,E12000001,North East,NA,120.292588,1.12775,9.2211669999999994,745,122.272195,1.0264340000000001,10.007991000000001,524,121.072509,1.1047309999999999,9.6586639999999999,658,120.234927,1.0989660000000001,9.2148450000000004,786,116.752382,1.116115,7.9872120000000004,1159,118.244912,0.83965400000000001,7.9071009999999999,1044,120.530428,1.0705769999999999,8.9270209999999999,783,120.124567,1.273943,9.4810569999999998,770,121.07853799999999,1.0490729999999999,9.6141780000000008,629,2025-26,407.7594444444444,337.2405555555556
2025-09-01T00:00:00Z,E12000001,North East,NA,121.10847,0.67824799999999996,9.0719290000000008,750,123.124582,0.69712300000000005,9.8147599999999997,528,121.839258,0.63329800000000003,9.4568809999999992,662,121.05361499999999,0.68090700000000004,9.0434610000000006,792,117.521433,0.65870300000000004,8.1184729999999998,1167,118.964518,0.608572,7.7072729999999998,1050,121.31616,0.651895,8.7243750000000002,788,121.027248,0.75145499999999998,9.3887830000000001,775,121.813947,0.60738199999999998,9.4422779999999999,633,2025-26,407.7594444444444,342.2405555555556
2025-10-01T00:00:00Z,E12000001,North East,NA,122.080699,0.80277600000000005,8.8997790000000006,756,124.001076,0.71187599999999995,9.5497289999999992,532,122.76721999999999,0.76162799999999997,9.2207790000000003,667,122.064521,0.83508899999999997,8.9394600000000004,798,118.35339399999999,0.70792299999999997,7.8068039999999996,1175,119.841638,0.73729599999999995,7.5468120000000001,1058,122.322198,0.82926900000000003,8.5322370000000003,795,122.060383,0.85363800000000001,9.2879500000000004,782,122.67328999999999,0.70545500000000005,9.1646699999999992,637,2025-26,407.7594444444444,348.2405555555556
2025-11-01T00:00:00Z,E12000001,North East,NA,122.581948,0.41058800000000001,8.3506789999999995,759,124.456885,0.367585,8.8949590000000001,534,123.279937,0.41763400000000001,8.6968010000000007,670,122.59987700000001,0.438585,8.3446320000000007,802,119.114807,0.64333899999999999,7.502834,1182,120.488553,0.53980799999999995,7.1417919999999997,1064,122.851404,0.43263400000000002,8.0505530000000007,798,122.529387,0.384239,8.6615699999999993,785,123.141147,0.38138499999999997,8.6202780000000008,639,2025-26,407.7594444444444,351.2405555555556
2025-12-01T00:00:00Z,E12000001,North East,NA,123.153272,0.46607500000000002,7.9265910000000002,762,125.063564,0.48746099999999998,8.3680789999999998,536,123.84135000000001,0.455397,8.1785899999999998,673,123.207734,0.49580600000000002,7.9346129999999997,806,119.408907,0.24690500000000001,6.8432829999999996,1185,120.92453999999999,0.36185,6.6370259999999996,1067,123.41178499999999,0.45614500000000002,7.6898179999999998,802,123.20019000000001,0.54746399999999995,8.3434399999999993,789,123.60120499999999,0.37360199999999999,7.9903969999999997,642,2025-26,407.7594444444444,354.2405555555556
2026-01-01T00:00:00Z,E12000001,North East,NA,123.959934,0.65500700000000001,8.0269619999999993,767,125.945221,0.70496700000000001,8.4987279999999998,540,124.737054,0.72326699999999999,8.3031419999999994,678,123.96077,0.61119199999999996,7.9909790000000003,811,120.2043,0.66610899999999995,7.0023439999999999,1193,121.519058,0.49164400000000003,6.5200880000000003,1073,124.20661,0.64404300000000003,7.7353189999999996,807,124.017033,0.66302000000000005,8.4867550000000005,795,124.48650499999999,0.71625499999999998,8.1507380000000005,646,2025-26,407.7594444444444,359.2405555555556
2026-02-01T00:00:00Z,E12000001,North East,NA,124.301091,0.27521499999999999,7.6039669999999999,770,126.353804,0.32441300000000001,8.0877189999999999,542,125.157348,0.33694400000000002,7.866142,680,124.354254,0.31742599999999999,7.6124289999999997,813,120.40366400000001,0.165854,6.5903799999999997,1195,121.847466,0.27025199999999999,6.2679790000000004,1076,124.65031999999999,0.357236,7.4060319999999997,810,124.307796,0.234454,8.0163189999999993,796,124.807861,0.25814500000000001,7.6396559999999996,648,2025-26,407.7594444444444,362.2405555555556
2026-03-01T00:00:00Z,E12000001,North East,NA,124.705278,0.32516800000000001,6.4654309999999997,772,126.734696,0.30144900000000002,6.8676680000000001,543,125.60881999999999,0.36072399999999999,6.7780060000000004,683,124.781762,0.34378199999999998,6.4938799999999999,816,120.486716,6.8977999999999998E-2,5.2951540000000001,1196,122.128749,0.230849,5.2825740000000003,1078,125.067081,0.33434399999999997,6.3363379999999996,813,124.74208299999999,0.34936400000000001,6.8154029999999999,799,125.17307599999999,0.29262199999999999,6.4516249999999999,650,2025-26,407.7594444444444,364.2405555555556
2026-04-01T00:00:00Z,E12000001,North East,NA,125.317866,0.491228,6.5095590000000003,776,127.365433,0.49768299999999999,6.832052,546,126.216256,0.48359400000000002,6.7472180000000002,686,125.478222,0.55814299999999994,6.6446490000000002,821,121.01103000000001,0.43516300000000002,5.403168,1201,122.70002599999999,0.46776699999999999,5.4653970000000003,1083,125.68499300000001,0.494064,6.4453649999999998,817,125.362773,0.49757899999999999,6.8303409999999998,803,125.77628199999999,0.48189700000000002,6.4104859999999997,653,2026-27,NA,NA
2015-01-01T00:00:00Z,E12000002,North West,NA,79.524339,NA,NA,594,79.506979000000001,NA,NA,425,80.551383999999999,NA,NA,546,79.141452000000001,NA,NA,644,78.559054000000003,NA,NA,940,79.474691000000007,NA,NA,843,79.459429999999998,NA,NA,649,79.073278999999999,NA,NA,593,80.468123000000006,NA,NA,506,2014-15,NA,NA
2015-02-01T00:00:00Z,E12000002,North West,NA,79.676474,0.191307,NA,595,79.762929999999997,0.32192199999999999,NA,426,80.714118999999997,0.20202700000000001,NA,547,79.300954000000004,0.20154,NA,645,78.619613000000001,7.7087000000000003E-2,NA,941,79.598179999999999,0.15538099999999999,NA,844,79.597207999999995,0.17339399999999999,NA,650,79.214623000000003,0.17874999999999999,NA,595,80.690264999999997,0.27606199999999997,NA,507,2014-15,NA,NA
2015-03-01T00:00:00Z,E12000002,North West,NA,79.835847,0.20002400000000001,NA,596,79.825597000000002,7.8566999999999998E-2,NA,427,80.876221000000001,0.20083400000000001,NA,548,79.446742,0.18384200000000001,NA,646,78.911139000000006,0.37080600000000002,NA,944,79.863224000000002,0.33297700000000002,NA,847,79.753395999999995,0.19622200000000001,NA,651,79.364501000000004,0.18920600000000001,NA,596,80.810918000000001,0.14952599999999999,NA,508,2014-15,NA,NA
2015-04-01T00:00:00Z,E12000002,North West,NA,79.888065,6.5407000000000007E-2,NA,597,79.973085999999995,0.18476300000000001,NA,427,80.924991000000006,6.0302000000000001E-2,NA,549,79.512890999999996,8.3262000000000003E-2,NA,647,78.866629000000003,-5.6404000000000003E-2,NA,944,79.894492999999997,3.9153E-2,NA,847,79.825934000000004,9.0953999999999993E-2,NA,652,79.393493000000007,3.653E-2,NA,596,80.906598000000002,0.11840000000000001,NA,508,2015-16,397.0741666666666,199.9258333333334
2015-05-01T00:00:00Z,E12000002,North West,NA,79.971216,0.104084,NA,597,79.997693999999996,3.0771E-2,NA,428,81.032195999999999,0.13247500000000001,NA,549,79.605542,0.116523,NA,647,78.861858999999995,-6.0489999999999997E-3,NA,944,79.95702,7.8261999999999998E-2,NA,848,79.914893000000006,0.111441,NA,653,79.479332999999997,0.10811900000000001,NA,597,80.986136000000002,9.8308000000000006E-2,NA,509,2015-16,397.0741666666666,199.9258333333334
2015-06-01T00:00:00Z,E12000002,North West,NA,79.946947,-3.0346999999999999E-2,NA,597,79.934842000000003,-7.8567999999999999E-2,NA,427,81.014768000000004,-2.1507999999999999E-2,NA,549,79.610890999999995,6.7200000000000003E-3,NA,647,78.775953000000001,-0.108932,NA,943,79.980594999999994,2.9485000000000001E-2,NA,848,79.915194,3.7599999999999998E-4,NA,653,79.429415000000006,-6.2805E-2,NA,596,80.960757999999998,-3.1336000000000003E-2,NA,509,2015-16,397.0741666666666,199.9258333333334
2015-07-01T00:00:00Z,E12000002,North West,NA,80.076492,0.16203899999999999,NA,598,80.151454999999999,0.27098699999999998,NA,428,81.117200999999994,0.12643699999999999,NA,550,79.736451000000002,0.157718,NA,648,78.993042000000003,0.27557799999999999,NA,945,80.217581999999993,0.29630600000000001,NA,851,80.059450999999996,0.18051300000000001,NA,654,79.511956999999995,0.103918,NA,597,81.123174000000006,0.20061000000000001,NA,510,2015-16,397.0741666666666,200.9258333333334
2015-08-01T00:00:00Z,E12000002,North West,NA,80.185349,0.13594100000000001,NA,599,80.182180000000002,3.8334E-2,NA,429,81.244060000000005,0.15639,NA,551,79.824534,0.110467,NA,649,79.263369999999995,0.34221800000000002,NA,949,80.406637000000003,0.235677,NA,853,80.176472000000004,0.14616799999999999,NA,655,79.589596999999998,9.7646999999999998E-2,NA,597,81.250572000000005,0.15704299999999999,NA,510,2015-16,397.0741666666666,201.9258333333334
2015-09-01T00:00:00Z,E12000002,North West,NA,80.366906,0.22642300000000001,NA,600,80.277480999999995,0.118855,NA,429,81.380346000000003,0.16774800000000001,NA,552,80.023212000000001,0.248894,NA,651,79.588682000000006,0.41042000000000001,NA,953,80.641295,0.29183900000000002,NA,855,80.341863000000004,0.20628299999999999,NA,656,79.788589000000002,0.25002200000000002,NA,599,81.375556000000003,0.15382599999999999,NA,511,2015-16,397.0741666666666,202.9258333333334
2015-10-01T00:00:00Z,E12000002,North West,NA,80.501966,0.16805300000000001,NA,601,80.401960000000003,0.155061,NA,430,81.501379999999997,0.148727,NA,552,80.202894000000001,0.22453699999999999,NA,652,79.669290000000004,0.10128,NA,954,80.720309,9.7982E-2,NA,856,80.529662999999999,0.23375199999999999,NA,658,79.907622000000003,0.14918500000000001,NA,600,81.504986000000002,0.159052,NA,512,2015-16,397.0741666666666,203.9258333333334
2015-11-01T00:00:00Z,E12000002,North West,NA,80.760098,0.32065399999999999,NA,603,80.623335999999995,0.275337,NA,431,81.757597000000004,0.31437100000000001,NA,554,80.446307000000004,0.30349599999999999,NA,654,80.009754000000001,0.427346,NA,958,81.043284999999997,0.400117,NA,860,80.784148999999999,0.31601600000000002,NA,660,80.150622999999996,0.30410300000000001,NA,602,81.766378000000003,0.32070700000000002,NA,514,2015-16,397.0741666666666,205.9258333333334
2015-12-01T00:00:00Z,E12000002,North West,NA,80.777835,2.1961999999999999E-2,NA,603,80.685500000000005,7.7104000000000006E-2,NA,431,81.774711999999994,2.0934999999999999E-2,NA,554,80.474239999999995,3.4722999999999997E-2,NA,654,79.993870000000001,-1.9852000000000002E-2,NA,957,81.024308000000005,-2.3415999999999999E-2,NA,859,80.827640000000002,5.3836000000000002E-2,NA,660,80.150561999999994,-7.4999999999999993E-5,NA,602,81.814614000000006,5.8992000000000003E-2,NA,514,2015-16,397.0741666666666,205.9258333333334
2016-01-01T00:00:00Z,E12000002,North West,NA,80.777236,-7.4100000000000001E-4,1.5754900000000001,603,80.760256999999996,9.2651999999999998E-2,1.576311,432,81.809529999999995,4.2577999999999998E-2,1.5619179999999999,555,80.516971999999996,5.3100000000000001E-2,1.7380530000000001,655,79.933509999999998,-7.5454999999999994E-2,1.7495830000000001,957,81.076576000000003,6.4508999999999997E-2,2.0155910000000001,860,80.833091999999994,6.7450000000000001E-3,1.728758,660,80.096532999999994,-6.7409999999999998E-2,1.294057,601,81.914263000000005,0.121799,1.797159,515,2015-16,397.0741666666666,205.9258333333334
2016-02-01T00:00:00Z,E12000002,North West,NA,80.967156,0.23511499999999999,1.6199030000000001,605,80.981697999999994,0.274196,1.527989,433,82.029150999999999,0.26845400000000003,1.629246,556,80.699843000000001,0.22712099999999999,1.7640260000000001,656,80.019463000000002,0.107531,1.7805359999999999,958,81.235802000000007,0.19638900000000001,2.0573610000000002,862,80.995913999999999,0.20143,1.7572300000000001,662,80.298152000000002,0.25172,1.3678399999999999,603,82.129548,0.26281700000000002,1.783714,516,2015-16,397.0741666666666,207.9258333333334
2016-03-01T00:00:00Z,E12000002,North West,NA,81.106316,0.171872,1.5913520000000001,606,81.130103000000005,0.183257,1.6341950000000001,434,82.088115999999999,7.1883000000000002E-2,1.4984569999999999,556,80.896854000000005,0.24412800000000001,1.8252630000000001,658,80.168614000000005,0.186393,1.5935330000000001,959,81.418695,0.22513900000000001,1.9476690000000001,864,81.189661000000001,0.239206,1.800883,663,80.417636999999999,0.14880199999999999,1.3269610000000001,604,82.215047999999996,0.104104,1.7375499999999999,516,2015-16,397.0741666666666,208.9258333333334
2016-04-01T00:00:00Z,E12000002,North West,NA,81.300016,0.23882300000000001,1.767412,607,81.283852999999993,0.18951000000000001,1.639011,434,82.301810000000003,0.26032300000000003,1.701352,558,81.082318999999998,0.22926099999999999,1.973803,659,80.396641000000002,0.28443499999999999,1.939999,962,81.672863000000007,0.31217400000000001,2.2258979999999999,866,81.391486,0.248585,1.9612069999999999,665,80.585102000000006,0.20824400000000001,1.5008900000000001,605,82.430565000000001,0.26213799999999998,1.883613,518,2016-17,397.0741666666666,209.9258333333334
2016-05-01T00:00:00Z,E12000002,North West,NA,81.43725,0.16880000000000001,1.8332029999999999,608,81.474559999999997,0.23461799999999999,1.8461350000000001,435,82.458879999999994,0.19084599999999999,1.7606379999999999,559,81.181003000000004,0.121708,1.979085,660,80.476535999999996,9.9376000000000006E-2,2.0474760000000001,963,81.807073000000003,0.164326,2.313809,868,81.534940000000006,0.17625099999999999,2.0272139999999998,666,80.713132000000002,0.15887599999999999,1.5523530000000001,606,82.584260999999998,0.18645600000000001,1.9733320000000001,519,2016-17,397.0741666666666,210.9258333333334
2016-06-01T00:00:00Z,E12000002,North West,NA,81.624123,0.22946800000000001,2.0978620000000001,610,81.543465999999995,8.4573999999999996E-2,2.012419,436,82.594571999999999,0.16455700000000001,1.9500189999999999,560,81.384619000000001,0.25081799999999999,2.2279969999999998,662,80.828930999999997,0.43788500000000002,2.6060970000000001,967,82.040597000000005,0.28545700000000002,2.5756269999999999,870,81.720702000000003,0.22783200000000001,2.2592810000000001,668,80.914959999999994,0.250056,1.8702700000000001,607,82.704800000000006,0.14595900000000001,2.154182,520,2016-17,397.0741666666666,212.9258333333334
2016-07-01T00:00:00Z,E12000002,North West,NA,81.762005,0.16892299999999999,2.1048789999999999,611,81.652972000000005,0.13429199999999999,1.8733500000000001,436,82.716474000000005,0.147592,1.97156,561,81.535929999999993,0.18592,2.256783,663,81.062267000000006,0.28867999999999999,2.6195029999999999,970,82.167316,0.15445900000000001,2.4305560000000002,872,81.879152000000005,0.19389200000000001,2.2729379999999999,669,81.047155000000004,0.16337499999999999,1.930777,608,82.833500999999998,0.155615,2.1083090000000002,520,2016-17,397.0741666666666,213.9258333333334
2016-08-01T00:00:00Z,E12000002,North West,NA,81.954763,0.23575499999999999,2.2066560000000002,612,81.892064000000005,0.29281400000000002,2.132498,438,82.877685,0.19489500000000001,2.0107620000000002,562,81.757604000000001,0.27187299999999998,2.4216489999999999,665,81.356750000000005,0.36327999999999999,2.6410439999999999,974,82.462182999999996,0.35886299999999999,2.5564390000000001,875,82.050905999999998,0.20976500000000001,2.337885,670,81.221650999999994,0.21530199999999999,2.0505870000000002,610,83.045254,0.255637,2.208825,522,2016-17,397.0741666666666,214.9258333333334
2016-09-01T00:00:00Z,E12000002,North West,NA,82.089007,0.163803,2.1427990000000001,613,82.032048000000003,0.17093700000000001,2.1856279999999999,438,82.991198999999995,0.136966,1.9794130000000001,563,81.904201,0.17930699999999999,2.3505539999999998,666,81.534477999999993,0.21845500000000001,2.4448150000000002,976,82.528103999999999,7.9939999999999997E-2,2.3397559999999999,875,82.194632999999996,0.17516799999999999,2.3061090000000002,671,81.373493999999994,0.186948,1.98638,611,83.157779000000005,0.13549800000000001,2.190121,522,2016-17,397.0741666666666,215.9258333333334
2016-10-01T00:00:00Z,E12000002,North West,NA,82.221006,0.160799,2.135402,614,82.179001,0.17914099999999999,2.2101959999999998,439,83.097729999999999,0.12836400000000001,1.9586779999999999,563,82.035875000000004,0.16076599999999999,2.2854290000000002,667,81.681092000000007,0.17981800000000001,2.5251920000000001,978,82.702262000000005,0.21102899999999999,2.4553340000000001,877,82.355186000000003,0.19533200000000001,2.2668949999999999,673,81.487003999999999,0.13949400000000001,1.9765109999999999,612,83.272017000000005,0.137375,2.1680039999999998,523,2016-17,397.0741666666666,216.9258333333334
2016-11-01T00:00:00Z,E12000002,North West,NA,82.327902,0.13001099999999999,1.9413100000000001,615,82.261990999999995,0.10098699999999999,2.0324810000000002,440,83.208636999999996,0.133466,1.7748079999999999,564,82.198142000000004,0.1978,2.1776450000000001,668,81.670804000000004,-1.2596E-2,2.07606,977,82.762744999999995,7.3134000000000005E-2,2.1216569999999999,878,82.476344999999995,0.147117,2.0947119999999999,674,81.594172999999998,0.13151599999999999,1.8010470000000001,612,83.383756000000005,0.134185,1.978048,524,2016-17,397.0741666666666,217.9258333333334
2016-12-01T00:00:00Z,E12000002,North West,NA,82.489582,0.196385,2.1190799999999999,616,82.397245999999996,0.16442000000000001,2.1215039999999998,440,83.369630000000001,0.19348099999999999,1.95038,565,82.335801000000004,0.16747300000000001,2.3132389999999998,670,81.931191999999996,0.318826,2.4218380000000002,981,82.957864000000001,0.23575699999999999,2.38639,880,82.631193999999994,0.18775,2.2313580000000002,675,81.755454999999998,0.19766400000000001,2.0023469999999999,614,83.536198999999996,0.18282100000000001,2.1042510000000001,525,2016-17,397.0741666666666,218.9258333333334
2017-01-01T00:00:00Z,E12000002,North West,NA,82.628661,0.168602,2.2920129999999999,617,82.542175999999998,0.17589199999999999,2.2064309999999998,441,83.493442000000002,0.14851,2.0583320000000001,566,82.487583999999998,0.18434600000000001,2.4474490000000002,671,82.043180000000007,0.136686,2.639281,982,83.038684000000003,9.7422999999999996E-2,2.420067,881,82.791622000000004,0.19414999999999999,2.4229319999999999,676,81.904741999999999,0.18260199999999999,2.2575370000000001,615,83.649996000000002,0.13622400000000001,2.1189619999999998,525,2016-17,397.0741666666666,219.9258333333334
2017-02-01T00:00:00Z,E12000002,North West,NA,82.807202,0.21607599999999999,2.272583,619,82.701021999999995,0.192442,2.1231010000000001,442,83.648635999999996,0.18587600000000001,1.97428,567,82.686971,0.24171699999999999,2.4623680000000001,672,82.209761999999998,0.203041,2.7372070000000002,984,83.172230999999996,0.160825,2.3837139999999999,882,82.968928000000005,0.21415899999999999,2.435943,678,82.104190000000003,0.24351300000000001,2.2491660000000002,616,83.803805999999994,0.18387400000000001,2.0385580000000001,526,2016-17,397.0741666666666,221.9258333333334
2017-03-01T00:00:00Z,E12000002,North West,NA,83.069032000000007,0.31619199999999997,2.4199299999999999,621,83.001093999999995,0.36284,2.3061609999999999,444,83.874232000000006,0.26969500000000002,2.175853,569,82.963516999999996,0.33445000000000003,2.5546890000000002,675,82.459001000000001,0.30317499999999997,2.8569629999999999,987,83.437883999999997,0.31940099999999999,2.4800059999999999,885,83.266634999999994,0.358817,2.5581749999999999,680,82.359020999999998,0.31037399999999998,2.4141270000000001,618,84.034549999999996,0.27533800000000003,2.213101,528,2016-17,397.0741666666666,223.9258333333334
2017-04-01T00:00:00Z,E12000002,North West,NA,83.252664,0.22106000000000001,2.40178,622,83.292243999999997,0.35077900000000001,2.4708359999999998,445,84.084421000000006,0.25059900000000002,2.165943,570,83.088391999999999,0.15051800000000001,2.474119,676,82.640090000000001,0.219611,2.790476,989,83.600336999999996,0.19469900000000001,2.3599920000000001,887,83.432468,0.199159,2.5076109999999998,682,82.527090000000001,0.204069,2.4098600000000001,619,84.288054000000002,0.30166599999999999,2.2533979999999998,530,2017-18,397.0741666666666,224.9258333333334
2017-05-01T00:00:00Z,E12000002,North West,NA,83.459087,0.247948,2.4826929999999998,623,83.559955000000002,0.32141199999999998,2.5595659999999998,447,84.307079000000002,0.26480300000000001,2.241358,571,83.308636000000007,0.26507199999999997,2.6208520000000002,678,82.890130999999997,0.302566,2.9991289999999999,992,83.847488999999996,0.29563600000000001,2.4941810000000002,889,83.659373000000002,0.27196300000000001,2.60555,683,82.703410000000005,0.21365100000000001,2.4658660000000001,621,84.518002999999993,0.27281300000000003,2.3415379999999999,531,2017-18,397.0741666666666,225.9258333333334
2017-06-01T00:00:00Z,E12000002,North West,NA,83.553758,0.11343399999999999,2.3640500000000002,624,83.737521999999998,0.212502,2.690658,448,84.409891999999999,0.121951,2.1978680000000002,572,83.412544999999994,0.124727,2.4917799999999999,678,82.892321999999993,2.643E-3,2.5527880000000001,992,83.911632999999995,7.6501E-2,2.2806229999999998,890,83.746722000000005,0.104409,2.4791989999999999,684,82.792821000000004,0.108111,2.320783,621,84.650271000000004,0.156497,2.3523070000000001,532,2017-18,397.0741666666666,226.9258333333334
2017-07-01T00:00:00Z,E12000002,North West,NA,83.722029,0.20139299999999999,2.3972310000000001,625,83.833804000000001,0.114981,2.6708539999999998,448,84.588408000000001,0.21148700000000001,2.2630720000000002,573,83.593575000000001,0.21703,2.5236049999999999,680,83.083817999999994,0.231018,2.493824,994,84.074372999999994,0.193942,2.3209439999999999,892,83.921899999999994,0.209176,2.4948320000000002,686,82.971750999999998,0.216118,2.3746619999999998,623,84.786985000000001,0.16150400000000001,2.3583249999999998,533,2017-18,397.0741666666666,227.9258333333334
2017-08-01T00:00:00Z,E12000002,North West,NA,83.90291,0.21604999999999999,2.3771,627,84.156436999999997,0.384849,2.7650709999999998,450,84.713451000000006,0.14782600000000001,2.2150310000000002,574,83.784983999999994,0.22897600000000001,2.4797449999999999,681,83.183401000000003,0.11985899999999999,2.2452359999999998,996,84.253698999999997,0.21329400000000001,2.1725300000000001,894,84.110918999999996,0.22523299999999999,2.5106519999999999,687,83.138319999999993,0.20075299999999999,2.3597999999999999,624,84.991927000000004,0.24171400000000001,2.3441100000000001,534,2017-18,397.0741666666666,229.9258333333334
2017-09-01T00:00:00Z,E12000002,North West,NA,84.107956,0.24438399999999999,2.459463,628,84.398652999999996,0.28781600000000002,2.884976,451,84.919420000000002,0.24313599999999999,2.323404,576,83.953398000000007,0.20100699999999999,2.5019429999999998,683,83.495114000000001,0.37472899999999998,2.404671,999,84.509356999999994,0.30343900000000001,2.4007019999999999,896,84.323808999999997,0.25310700000000003,2.590408,689,83.319689999999994,0.21815499999999999,2.3916840000000001,625,85.215744000000001,0.26334000000000002,2.4747720000000002,535,2017-18,397.0741666666666,230.9258333333334
2017-10-01T00:00:00Z,E12000002,North West,NA,84.311786,0.242343,2.542878,630,84.629403999999994,0.27340599999999998,2.9817870000000002,452,85.130277000000007,0.248303,2.4459719999999998,577,84.161206000000007,0.247528,2.5907339999999999,684,83.507140000000007,1.4402999999999999E-2,2.235582,999,84.567352999999997,6.8626000000000006E-2,2.2551869999999998,897,84.560409000000007,0.28058499999999997,2.6776990000000001,691,83.534058000000002,0.25728299999999998,2.5121229999999999,627,85.430691999999993,0.25223899999999999,2.5923159999999998,537,2017-18,397.0741666666666,232.9258333333334
2017-11-01T00:00:00Z,E12000002,North West,NA,84.758019,0.52926600000000001,2.9517530000000001,633,85.148675999999995,0.61358400000000002,3.5091359999999998,455,85.582168999999993,0.53082499999999999,2.8525079999999998,580,84.609322000000006,0.53244999999999998,2.933376,688,83.866957999999997,0.43088300000000002,2.6890320000000001,1004,84.967949000000004,0.47370000000000001,2.664488,901,85.023899,0.54811600000000005,3.0888300000000002,695,83.948239000000001,0.49582199999999998,2.8850910000000001,630,85.954356000000004,0.61297000000000001,3.0828549999999999,540,2017-18,397.0741666666666,235.9258333333334
2017-12-01T00:00:00Z,E12000002,North West,NA,84.953878,0.23108100000000001,2.987403,635,85.381787000000003,0.27377000000000001,3.6221369999999999,456,85.757330999999994,0.20467099999999999,2.8639950000000001,581,84.760486999999998,0.17866299999999999,2.944874,689,84.180176000000003,0.37347000000000002,2.7449669999999999,1007,85.191199999999995,0.26274700000000001,2.6921330000000001,904,85.200416000000004,0.20760899999999999,3.109264,696,84.147298000000006,0.237121,2.9256069999999998,632,86.151509000000004,0.22936899999999999,3.1307510000000001,541,2017-18,397.0741666666666,237.9258333333334
2018-01-01T00:00:00Z,E12000002,North West,NA,85.040363,0.101802,2.918723,635,85.482692999999998,0.118182,3.5624419999999999,457,85.900046000000003,0.16641700000000001,2.8823880000000002,582,84.840328,9.4196000000000002E-2,2.8522400000000001,690,84.172528999999997,-9.0849999999999993E-3,2.5954000000000002,1007,85.320188000000002,0.15141099999999999,2.7475200000000002,905,85.275620000000004,8.8266999999999998E-2,3.0003009999999999,697,84.207430000000002,7.1459999999999996E-2,2.8114219999999999,632,86.291726999999995,0.16275700000000001,3.158077,542,2017-18,397.0741666666666,237.9258333333334
2018-02-01T00:00:00Z,E12000002,North West,NA,85.09716,6.6788E-2,2.765409,636,85.553579999999997,8.2924999999999999E-2,3.4492419999999999,457,85.908574999999999,9.9290000000000003E-3,2.7017039999999999,582,84.946427,0.125057,2.732542,691,84.280798000000004,0.12862799999999999,2.5192100000000002,1009,85.386966999999999,7.8269000000000005E-2,2.6628310000000002,906,85.413416999999995,0.16159000000000001,2.9462700000000002,698,84.250690000000006,5.1373000000000002E-2,2.6143610000000002,632,86.293204000000003,1.7110000000000001E-3,2.9705059999999999,542,2017-18,397.0741666666666,238.9258333333334
2018-03-01T00:00:00Z,E12000002,North West,NA,85.180477,9.7907999999999995E-2,2.5417960000000002,636,85.653530000000003,0.116828,3.195665,458,86.017919000000006,0.127279,2.5558339999999999,583,84.993083999999996,5.4925000000000002E-2,2.4463370000000002,691,84.284800000000004,4.7489999999999997E-3,2.2141899999999999,1009,85.384659999999997,-2.702E-3,2.3332039999999998,906,85.498896999999999,0.100078,2.68086,698,84.338531000000003,0.10426100000000001,2.4035139999999999,633,86.396625,0.119849,2.8108379999999999,543,2017-18,397.0741666666666,238.9258333333334
2018-04-01T00:00:00Z,E12000002,North West,NA,85.351972,0.20133200000000001,2.521611,638,85.905286000000004,0.29392299999999999,3.137197,459,86.151629999999997,0.155446,2.4584920000000001,584,85.176199999999994,0.215448,2.5127549999999998,693,84.423595000000006,0.16467300000000001,2.1581600000000001,1010,85.544578999999999,0.18729199999999999,2.3256389999999998,907,85.700345999999996,0.23561599999999999,2.7182200000000001,700,84.505588000000003,0.19807900000000001,2.397392,634,86.551642000000001,0.179425,2.6855380000000002,544,2018-19,398.0130555555556,239.98694444444442
2018-05-01T00:00:00Z,E12000002,North West,NA,85.443822,0.107613,2.3780929999999998,638,85.966806000000005,7.1613999999999997E-2,2.8803879999999999,459,86.275730999999993,0.14405000000000001,2.3350979999999999,585,85.239752999999993,7.4614E-2,2.3180269999999998,693,84.539589000000007,0.13739499999999999,1.989933,1012,85.654539,0.12854099999999999,2.1551619999999998,909,85.785708999999997,9.9607000000000001E-2,2.5416590000000001,701,84.588189,9.7746E-2,2.2789609999999998,635,86.664413999999994,0.13029499999999999,2.5395910000000002,544,2018-19,398.0130555555556,239.98694444444442
2018-06-01T00:00:00Z,E12000002,North West,NA,85.490421,5.4537000000000002E-2,2.3178640000000001,639,85.972070000000002,6.1240000000000001E-3,2.6685150000000002,459,86.311319999999995,4.1249000000000001E-2,2.2526130000000002,585,85.319642999999999,9.3723000000000001E-2,2.2863440000000002,694,84.589792000000003,5.9383999999999999E-2,2.0478019999999999,1012,85.669173999999998,1.7086E-2,2.0945140000000002,909,85.851388,7.6561000000000004E-2,2.5131329999999998,701,84.633382999999995,5.3428999999999997E-2,2.2230940000000001,635,86.706995000000006,4.9133000000000003E-2,2.4296720000000001,545,2018-19,398.0130555555556,240.98694444444442
2018-07-01T00:00:00Z,E12000002,North West,NA,85.622165,0.15410299999999999,2.2695759999999998,640,86.159666999999999,0.21820700000000001,2.7743739999999999,460,86.461997999999994,0.17457600000000001,2.21495,586,85.433952000000005,0.13397800000000001,2.2015769999999999,695,84.630707000000001,4.8368000000000001E-2,1.8618410000000001,1013,85.760514000000001,0.10662000000000001,2.0055350000000001,910,85.965340999999995,0.13273299999999999,2.4349319999999999,702,84.755778000000007,0.144618,2.1501619999999999,636,86.894052000000002,0.21573500000000001,2.485131,546,2018-19,398.0130555555556,241.98694444444442
2018-08-01T00:00:00Z,E12000002,North West,NA,85.825769,0.23779400000000001,2.291766,641,86.215249999999997,6.4512E-2,2.446412,461,86.650919999999999,0.218502,2.2870849999999998,587,85.643788999999998,0.245614,2.2185419999999998,696,84.976191999999998,0.40822700000000001,2.1552259999999999,1017,85.953610999999995,0.225158,2.017611,912,86.192739000000003,0.26452300000000001,2.4750890000000001,704,84.983189999999993,0.268314,2.2190379999999998,638,87.020663999999996,0.145708,2.3869769999999999,547,2018-19,398.0130555555556,242.98694444444442
2018-09-01T00:00:00Z,E12000002,North West,NA,85.956322,0.152114,2.1976110000000002,642,86.400498999999996,0.214868,2.3718940000000002,462,86.718828999999999,7.8371999999999997E-2,2.1189610000000001,588,85.780463999999995,0.159585,2.1762860000000002,698,85.108219000000005,0.15537000000000001,1.9319759999999999,1019,86.039928000000003,0.100423,1.811126,913,86.342088000000004,0.17327300000000001,2.3934859999999998,705,85.136752000000001,0.180697,2.180831,639,87.094631000000007,8.4998000000000004E-2,2.2048580000000002,547,2018-19,398.0130555555556,243.98694444444442
2018-10-01T00:00:00Z,E12000002,North West,NA,86.055668,0.115578,2.0683729999999998,643,86.511429000000007,0.12839100000000001,2.2238440000000002,462,86.764611000000002,5.2794000000000001E-2,1.9198040000000001,588,85.922171000000006,0.16519800000000001,2.0923720000000001,699,85.423085999999998,0.36996000000000001,2.2943500000000001,1022,86.205631999999994,0.19259000000000001,1.9372480000000001,914,86.427465999999995,9.8884E-2,2.2079559999999998,706,85.246172999999999,0.128524,2.049601,640,87.158440999999996,7.3265999999999998E-2,2.0223990000000001,548,2018-19,398.0130555555556,244.98694444444442
2018-11-01T00:00:00Z,E12000002,North West,NA,86.227815,0.200042,1.7341089999999999,644,86.681920000000005,0.197073,1.800667,463,86.957248000000007,0.222022,1.606735,589,86.068353000000002,0.17013300000000001,1.7244330000000001,700,85.606080000000006,0.21422099999999999,2.0736680000000001,1025,86.316366000000002,0.12845300000000001,1.586972,916,86.575922000000006,0.17176900000000001,1.825396,707,85.423702000000006,0.20825399999999999,1.757587,641,87.365385000000003,0.23743400000000001,1.641602,549,2018-19,398.0130555555556,245.98694444444442
2018-12-01T00:00:00Z,E12000002,North West,NA,86.187485,-4.6772000000000001E-2,1.4520900000000001,644,86.519606999999993,-0.187251,1.3326260000000001,462,86.928070000000005,-3.3554E-2,1.3651770000000001,589,86.021483000000003,-5.4456999999999998E-2,1.487717,700,85.637220999999997,3.6377E-2,1.730864,1025,86.224619000000004,-0.106292,1.213058,915,86.547065000000003,-3.3331E-2,1.5805659999999999,707,85.410024000000007,-1.6011000000000001E-2,1.5006139999999999,641,87.270920000000004,-0.108126,1.2993520000000001,548,2018-19,398.0130555555556,245.98694444444442
2019-01-01T00:00:00Z,E12000002,North West,NA,86.178688,-1.0207000000000001E-2,1.33857,644,86.509275000000002,-1.1941999999999999E-2,1.2009240000000001,462,86.849913000000001,-8.9911000000000005E-2,1.1057809999999999,589,86.025362000000001,4.5100000000000001E-3,1.396782,700,85.584588999999994,-6.1460000000000001E-2,1.677578,1024,86.147906000000006,-8.8968000000000005E-2,0.97013099999999997,914,86.537277000000003,-1.1309E-2,1.4795050000000001,707,85.455219999999997,5.2916999999999999E-2,1.481806,641,87.162886999999998,-0.123791,1.009552,548,2018-19,398.0130555555556,245.98694444444442
2019-02-01T00:00:00Z,E12000002,North West,NA,86.128715,-5.7987999999999998E-2,1.2122090000000001,643,86.518424999999993,1.0577E-2,1.1277680000000001,462,86.782255000000006,-7.7901999999999999E-2,1.016988,588,85.976994000000005,-5.6225999999999998E-2,1.2131959999999999,699,85.486368999999996,-0.114763,1.4304220000000001,1023,86.005483999999996,-0.165323,0.72436900000000004,912,86.491960000000006,-5.2366999999999997E-2,1.2627330000000001,707,85.425869000000006,-3.4347000000000003E-2,1.39486,641,87.099290999999994,-7.2961999999999999E-2,0.93412600000000001,547,2018-19,398.0130555555556,244.98694444444442
2019-03-01T00:00:00Z,E12000002,North West,NA,86.268778,0.16261999999999999,1.277641,644,86.770084999999995,0.29087400000000002,1.303571,464,86.945428000000007,0.188026,1.0782750000000001,589,86.066885999999997,0.10455299999999999,1.263398,700,85.499471999999997,1.5328E-2,1.441152,1023,85.998165999999998,-8.5079999999999999E-3,0.71852000000000005,912,86.576627999999999,9.7892000000000007E-2,1.260521,707,85.577781999999999,0.17782999999999999,1.4693769999999999,642,87.307985000000002,0.23960500000000001,1.054856,548,2018-19,398.0130555555556,245.98694444444442
2019-04-01T00:00:00Z,E12000002,North West,NA,86.491038,0.257637,1.334551,646,87.044394999999994,0.316135,1.326006,465,87.130853000000002,0.21326500000000001,1.1366270000000001,591,86.305841000000001,0.27764,1.326241,702,85.593377000000004,0.10983,1.38561,1024,86.144738000000004,0.170436,0.70157400000000003,914,86.812999000000005,0.27301900000000001,1.2983070000000001,709,85.822350999999998,0.28578599999999998,1.5581970000000001,644,87.499992000000006,0.219919,1.095704,550,2019-20,400.0876388888889,245.91236111111112
2019-05-01T00:00:00Z,E12000002,North West,NA,86.552685,7.1276000000000006E-2,1.297769,647,87.206265999999999,0.18596399999999999,1.441789,466,87.196222000000006,7.5023999999999993E-2,1.0669169999999999,591,86.362796000000003,6.5991999999999995E-2,1.31751,702,85.689749000000006,0.112593,1.360498,1026,86.193449000000001,5.6545999999999999E-2,0.62916700000000003,914,86.896758000000005,9.6481999999999998E-2,1.2951440000000001,710,85.865476000000001,5.0250000000000003E-2,1.5100070000000001,644,87.583808000000005,9.5788999999999999E-2,1.0608660000000001,550,2019-20,400.0876388888889,246.91236111111112
2019-06-01T00:00:00Z,E12000002,North West,NA,86.6229,8.1124000000000002E-2,1.3246849999999999,647,87.321786000000003,0.132467,1.569947,467,87.301060000000007,0.12023200000000001,1.146709,592,86.373705999999999,1.2633E-2,1.2354290000000001,702,85.634315000000001,-6.4690999999999999E-2,1.234809,1025,86.269192000000004,8.7874999999999995E-2,0.70038900000000004,915,86.955720999999997,6.7853999999999998E-2,1.2863309999999999,710,85.919359999999998,6.2754000000000004E-2,1.519468,645,87.692621000000003,0.124239,1.1367309999999999,551,2019-20,400.0876388888889,246.91236111111112
2019-07-01T00:00:00Z,E12000002,North West,NA,86.716552,0.108114,1.278159,648,87.525855000000007,0.23369799999999999,1.585647,468,87.384192999999996,9.5226000000000005E-2,1.066589,592,86.460610000000003,0.10061299999999999,1.2016979999999999,703,85.535354999999996,-0.115561,1.0689360000000001,1024,86.320977999999997,6.0028999999999999E-2,0.65352200000000005,916,87.020126000000005,7.4066999999999994E-2,1.2269890000000001,711,86.037803999999994,0.13785500000000001,1.5126109999999999,646,87.775120999999999,9.4077999999999995E-2,1.013957,551,2019-20,400.0876388888889,247.91236111111112
2019-08-01T00:00:00Z,E12000002,North West,NA,86.964198,0.28558099999999997,1.3264419999999999,650,87.774609999999996,0.28420699999999999,1.8086819999999999,469,87.608286000000007,0.25644600000000001,1.104854,594,86.675460999999999,0.24849599999999999,1.204607,705,85.857943000000006,0.37713999999999998,1.0376449999999999,1028,86.536979000000002,0.25023000000000001,0.67870200000000003,918,87.285813000000005,0.30531700000000001,1.2681739999999999,713,86.310362999999995,0.31679000000000002,1.5616890000000001,648,87.970112,0.22214900000000001,1.0910599999999999,553,2019-20,400.0876388888889,249.91236111111112
2019-09-01T00:00:00Z,E12000002,North West,NA,87.102549,0.15909000000000001,1.3334999999999999,651,87.943460999999999,0.19236900000000001,1.785825,470,87.727852999999996,0.13647999999999999,1.1635580000000001,595,86.763508999999999,0.10158300000000001,1.146001,706,86.188908999999995,0.38548100000000002,1.2697830000000001,1032,86.664289999999994,0.147117,0.725665,919,87.386970000000005,0.11589099999999999,1.2101649999999999,714,86.468620000000001,0.18335799999999999,1.564387,649,88.103071999999997,0.151143,1.157869,553,2019-20,400.0876388888889,250.91236111111112
2019-10-01T00:00:00Z,E12000002,North West,NA,87.239003,0.15665899999999999,1.375081,652,88.116071000000005,0.196274,1.854832,471,87.825228999999993,0.110998,1.2224079999999999,595,86.943629999999999,0.20760000000000001,1.1888179999999999,707,86.334819999999993,0.169292,1.067315,1033,86.805864999999997,0.16336100000000001,0.69628100000000004,921,87.533344,0.16750100000000001,1.279544,715,86.615067999999994,0.16936399999999999,1.6058129999999999,650,88.210462000000007,0.121891,1.2070209999999999,554,2019-20,400.0876388888889,251.91236111111112
2019-11-01T00:00:00Z,E12000002,North West,NA,87.343577,0.11987100000000001,1.2939700000000001,652,88.295016000000004,0.20307800000000001,1.8609370000000001,472,87.960894999999994,0.154473,1.1541840000000001,596,86.996143000000004,6.0399000000000001E-2,1.077968,707,86.414152000000001,9.1888999999999998E-2,0.94394199999999995,1034,86.878209999999996,8.3339999999999997E-2,0.65091200000000005,922,87.581950000000006,5.5529000000000002E-2,1.162018,715,86.716863000000004,0.11752700000000001,1.5138210000000001,651,88.375283999999994,0.18685099999999999,1.1559489999999999,555,2019-20,400.0876388888889,251.91236111111112
2019-12-01T00:00:00Z,E12000002,North West,NA,87.410703,7.6852000000000004E-2,1.419252,653,88.440509000000006,0.16478000000000001,2.2201919999999999,473,87.988928999999999,3.1870999999999997E-2,1.2203870000000001,596,87.042090000000002,5.2815000000000001E-2,1.186456,708,86.348438999999999,-7.6044E-2,0.83050100000000004,1033,86.935513,6.5959000000000004E-2,0.82446799999999998,922,87.680166999999997,0.11214300000000001,1.3092330000000001,716,86.792355999999998,8.7055999999999994E-2,1.618465,651,88.404516999999998,3.3077000000000002E-2,1.2989390000000001,555,2019-20,400.0876388888889,252.91236111111112
2020-01-01T00:00:00Z,E12000002,North West,NA,87.700012,0.33097700000000002,1.7653129999999999,655,88.736335999999994,0.33449299999999998,2.5743610000000001,474,88.309785000000005,0.36465500000000001,1.680914,599,87.341244000000003,0.34368900000000002,1.529644,710,86.384011999999998,4.1196999999999998E-2,0.93407499999999999,1034,87.162231000000006,0.26078800000000002,1.177422,925,87.955386000000004,0.31388899999999997,1.638725,718,87.097791999999998,0.35191600000000001,1.9221429999999999,654,88.693674000000001,0.32708500000000001,1.756238,557,2019-20,400.0876388888889,254.91236111111112
2020-02-01T00:00:00Z,E12000002,North West,NA,87.68312,-1.9261E-2,1.8047470000000001,655,88.761183000000003,2.8001000000000002E-2,2.592231,474,88.270093000000003,-4.4946E-2,1.71445,598,87.349650999999994,9.6249999999999999E-3,1.5965400000000001,710,86.329093,-6.3575999999999994E-2,0.98579799999999995,1033,87.112810999999994,-5.6698999999999999E-2,1.2875080000000001,924,87.953072000000006,-2.6310000000000001E-3,1.6893039999999999,718,87.099166999999994,1.5790000000000001E-3,1.958771,654,88.646030999999994,-5.3716E-2,1.775836,557,2019-20,400.0876388888889,254.91236111111112
2020-03-01T00:00:00Z,E12000002,North West,NA,87.771431,0.100716,1.7418279999999999,656,88.905443000000005,0.162526,2.4609390000000002,475,88.370463000000001,0.113708,1.6389990000000001,599,87.428235000000001,8.9965000000000003E-2,1.581734,711,86.331682999999998,3.0010000000000002E-3,0.97335199999999999,1033,87.159718999999996,5.3846999999999999E-2,1.350671,924,88.041754999999995,0.100831,1.6922889999999999,719,87.176950000000005,8.9304999999999995E-2,1.8686720000000001,654,88.763603000000003,0.13263,1.667222,558,2019-20,400.0876388888889,255.91236111111112
2020-04-01T00:00:00Z,E12000002,North West,NA,88.078672,0.35004600000000002,1.8356049999999999,658,89.231978999999995,0.36728499999999997,2.513182,477,88.704859999999996,0.37840400000000002,1.806487,601,87.720796000000007,0.33462999999999998,1.6394660000000001,713,86.60042,0.31128499999999998,1.176544,1036,87.492908,0.382274,1.5650059999999999,928,88.331971999999993,0.32963599999999998,1.7497069999999999,722,87.466267999999999,0.331874,1.9154880000000001,656,89.104669000000001,0.384241,1.8339160000000001,560,2020-21,428.5359722222222,229.4640277777778
2020-05-01T00:00:00Z,E12000002,North West,NA,88.326425,0.28128599999999998,2.049318,660,89.495863,0.29572799999999999,2.6254960000000001,478,88.945037999999997,0.27076099999999997,2.005611,603,88.004540000000006,0.323463,1.9009849999999999,716,86.797871999999998,0.22800300000000001,1.29318,1039,87.699772999999993,0.23643600000000001,1.7476080000000001,930,88.586245000000005,0.28786099999999998,1.9442470000000001,724,87.718868999999998,0.288798,2.1584840000000001,658,89.351890999999995,0.277451,2.0187330000000001,561,2020-21,428.5359722222222,231.4640277777778
2020-06-01T00:00:00Z,E12000002,North West,NA,88.380061,6.0725000000000001E-2,2.0285169999999999,660,89.601500000000001,0.118035,2.6107049999999998,479,88.995396999999997,5.6618000000000002E-2,1.940798,603,88.037148999999999,3.7053999999999997E-2,1.9258679999999999,716,86.841622999999998,5.0405999999999999E-2,1.4098409999999999,1039,87.795783999999998,0.10947800000000001,1.7695689999999999,931,88.631817999999996,5.1444999999999998E-2,1.92753,724,87.765529000000001,5.3193999999999998E-2,2.1487229999999999,659,89.410255000000006,6.5319000000000002E-2,1.9586980000000001,562,2020-21,428.5359722222222,231.4640277777778
2020-07-01T00:00:00Z,E12000002,North West,NA,88.530677,0.17041899999999999,2.0920169999999998,661,89.780544000000006,0.199822,2.5760260000000001,480,89.155079000000001,0.179428,2.0265529999999998,604,88.180087999999998,0.16236200000000001,1.988742,717,86.992401000000001,0.173624,1.703443,1041,87.921250999999998,0.14290800000000001,1.853863,933,88.763188,0.14821999999999999,2.0030559999999999,725,87.917630000000003,0.17330300000000001,2.1848839999999998,660,89.578958999999998,0.18868599999999999,2.0550679999999999,563,2020-21,428.5359722222222,232.4640277777778
2020-08-01T00:00:00Z,E12000002,North West,NA,88.862106,0.37436700000000001,2.1824020000000002,664,90.106570000000005,0.36313600000000001,2.6567590000000001,482,89.466812000000004,0.34965200000000002,2.1214040000000001,606,88.513064999999997,0.37761,2.120098,720,87.412640999999994,0.48307699999999998,1.8107800000000001,1046,88.248913999999999,0.37267800000000001,1.9782690000000001,936,89.034111999999993,0.30522100000000002,2.0029590000000002,727,88.280585000000002,0.41283500000000001,2.2827169999999999,663,89.900807,0.35928900000000003,2.1947169999999998,565,2020-21,428.5359722222222,235.4640277777778
2020-09-01T00:00:00Z,E12000002,North West,NA,89.005737,0.161634,2.1849980000000002,665,90.247440999999995,0.15633900000000001,2.6198419999999998,482,89.585245999999998,0.132378,2.1172209999999998,607,88.645797000000002,0.14995800000000001,2.1694469999999999,721,87.661687999999998,0.28491,1.7087810000000001,1049,88.344668999999996,0.10850600000000001,1.938952,937,89.159363999999997,0.140678,2.0282140000000002,728,88.445085000000006,0.186338,2.2857590000000001,664,90.036462,0.150894,2.194464,566,2020-21,428.5359722222222,236.4640277777778
2020-10-01T00:00:00Z,E12000002,North West,NA,89.136914,0.14738000000000001,2.1755309999999999,666,90.361554999999996,0.126446,2.5483250000000002,483,89.691902999999996,0.119056,2.1254409999999999,608,88.779708999999997,0.151063,2.1118039999999998,722,87.775373999999999,0.129687,1.6685669999999999,1051,88.471905000000007,0.14402200000000001,1.9192709999999999,938,89.255515000000003,0.10784199999999999,1.967446,729,88.612532000000002,0.18932299999999999,2.3061389999999999,665,90.132758999999993,0.10695399999999999,2.179217,566,2020-21,428.5359722222222,237.4640277777778
2020-11-01T00:00:00Z,E12000002,North West,NA,89.350648,0.239782,2.2979029999999998,667,90.514810999999995,0.169603,2.5140669999999998,484,89.900709000000006,0.23280400000000001,2.2053129999999999,609,89.018743000000001,0.26924399999999998,2.3249309999999999,724,87.824830000000006,5.6343999999999998E-2,1.6324620000000001,1051,88.731128999999996,0.29300199999999998,2.1327780000000001,941,89.488038000000003,0.26051299999999999,2.1763479999999999,731,88.827864000000005,0.243005,2.4343599999999999,667,90.317746,0.205238,2.1979690000000001,567,2020-21,428.5359722222222,238.4640277777778
2020-12-01T00:00:00Z,E12000002,North West,NA,89.595315,0.27382800000000002,2.4992510000000001,669,90.739042999999995,0.24773000000000001,2.5989620000000002,485,90.130556999999996,0.25566899999999998,2.4339740000000001,611,89.26455,0.27612999999999999,2.5533160000000001,726,87.981314999999995,0.178179,1.8910309999999999,1053,88.936584999999994,0.231549,2.3017889999999999,943,89.761448000000001,0.30552699999999999,2.3737189999999999,733,89.082172999999997,0.28629500000000002,2.638271,669,90.538225999999995,0.244116,2.4135749999999998,569,2020-21,428.5359722222222,240.4640277777778
2021-01-01T00:00:00Z,E12000002,North West,NA,89.902568,0.34293400000000002,2.511466,672,91.091508000000005,0.38843699999999998,2.6541229999999998,487,90.463690999999997,0.369614,2.4390350000000001,613,89.619562999999999,0.39770899999999998,2.6085259999999999,729,88.113337999999999,0.150058,2.0019040000000001,1055,89.248959999999997,0.35123300000000002,2.394075,947,90.082892999999999,0.35810999999999998,2.4188489999999998,736,89.358231000000004,0.30989100000000003,2.5952890000000002,671,90.885959999999997,0.38407400000000003,2.4717500000000001,571,2020-21,428.5359722222222,243.4640277777778
2021-02-01T00:00:00Z,E12000002,North West,NA,90.009831,0.119311,2.6535449999999998,672,91.076376999999994,-1.661E-2,2.6083409999999998,487,90.548151000000004,9.3363000000000002E-2,2.580781,614,89.765904000000006,0.16329099999999999,2.7661850000000001,730,88.433727000000005,0.36360999999999999,2.4379200000000001,1058,89.279616000000004,3.4349999999999999E-2,2.4873560000000001,947,90.152664999999999,7.7452999999999994E-2,2.5008720000000002,736,89.524079,0.18559899999999999,2.7840820000000002,672,90.942927999999995,6.2681000000000001E-2,2.5910869999999999,571,2020-21,428.5359722222222,243.4640277777778
2021-03-01T00:00:00Z,E12000002,North West,NA,90.085429,8.3987999999999993E-2,2.63639,673,91.141039000000006,7.0997000000000005E-2,2.5145770000000001,487,90.561160999999998,1.4368000000000001E-2,2.478993,614,89.816837000000007,5.6738999999999998E-2,2.7320709999999999,730,88.720443000000003,0.324216,2.766956,1062,89.412755000000004,0.14912500000000001,2.5849519999999999,948,90.239536000000001,9.6360000000000001E-2,2.4962939999999998,737,89.629018000000002,0.117219,2.812748,673,90.944666999999995,1.913E-3,2.4571610000000002,571,2020-21,428.5359722222222,244.4640277777778
2021-04-01T00:00:00Z,E12000002,North West,NA,90.402251,0.35169099999999998,2.6380720000000002,675,91.399068,0.283109,2.428601,488,90.865316000000007,0.33585599999999999,2.4355549999999999,616,90.142945999999995,0.36308299999999999,2.7612040000000002,733,89.117428000000004,0.44745600000000002,2.9064610000000002,1067,89.739035999999999,0.36491600000000002,2.567212,952,90.532580999999993,0.324741,2.4912930000000002,740,89.968441999999996,0.37869900000000001,2.8607309999999999,675,91.237148000000005,0.32160300000000003,2.39323,573,2021-22,428.5359722222222,246.4640277777778
2021-05-01T00:00:00Z,E12000002,North West,NA,90.645356,0.26891599999999999,2.6254110000000002,677,91.552374,0.16773299999999999,2.2978839999999998,489,91.066175999999999,0.221053,2.3847740000000002,617,90.42653,0.31459399999999998,2.7521200000000001,735,89.391178999999994,0.30718000000000001,2.9877549999999999,1070,89.991462999999996,0.28128999999999998,2.6131090000000001,955,90.819057999999998,0.316436,2.5204960000000001,742,90.248391999999996,0.311164,2.8836710000000001,677,91.385704000000004,0.162824,2.2761840000000002,574,2021-22,428.5359722222222,248.4640277777778
2021-06-01T00:00:00Z,E12000002,North West,NA,90.87953,0.25834099999999999,2.8280919999999998,679,91.732221999999993,0.19644200000000001,2.3779979999999998,490,91.274790999999993,0.22908000000000001,2.5612490000000001,619,90.681882000000002,0.28238600000000003,3.0041099999999998,737,89.667208000000002,0.30878699999999998,3.2537219999999998,1073,90.296559000000002,0.33902700000000002,2.8483990000000001,958,91.046756000000002,0.25071599999999999,2.724685,744,90.511026999999999,0.29101399999999999,3.1282190000000001,679,91.555847999999997,0.18618199999999999,2.3997169999999999,575,2021-22,428.5359722222222,250.4640277777778
2021-07-01T00:00:00Z,E12000002,North West,NA,91.179874,0.33048499999999997,2.9924050000000002,681,91.989620000000002,0.28059699999999999,2.460528,492,91.537791999999996,0.28814200000000001,2.6725479999999999,620,91.022053999999997,0.37512600000000001,3.2229109999999999,740,90.053683000000007,0.43101,3.5190220000000001,1078,90.667788999999999,0.41112399999999999,3.1238619999999999,962,91.348625999999996,0.33155499999999999,2.9127360000000002,746,90.825467000000003,0.34740599999999999,3.3074560000000002,682,91.810799000000003,0.27846500000000002,2.4914770000000002,577,2021-22,428.5359722222222,252.4640277777778
2021-08-01T00:00:00Z,E12000002,North West,NA,91.562682,0.41983799999999999,3.0390630000000001,684,92.338733000000005,0.37951400000000002,2.477249,494,91.906737000000007,0.40305299999999999,2.727185,623,91.405685000000005,0.42147099999999998,3.2680150000000001,743,90.558289000000002,0.56033900000000003,3.5986180000000001,1084,91.002077999999997,0.368697,3.1197710000000001,965,91.687316999999993,0.37076700000000001,2.9799859999999998,749,91.241600000000005,0.45816699999999999,3.3540960000000002,685,92.182160999999994,0.40448699999999999,2.5376349999999999,579,2021-22,428.5359722222222,255.4640277777778
2021-09-01T00:00:00Z,E12000002,North West,NA,91.948523,0.42139599999999999,3.3062879999999999,687,92.580404999999999,0.26172299999999998,2.5850749999999998,495,92.265710999999996,0.39058500000000002,2.992083,625,91.757757999999995,0.38517600000000002,3.5105559999999998,746,91.300327999999993,0.81940500000000005,4.1507750000000003,1093,91.428509000000005,0.46859400000000001,3.490691,970,91.994864000000007,0.33543099999999998,3.1802609999999998,751,91.706295999999995,0.50930200000000003,3.6872720000000001,688,92.477638999999996,0.32053599999999999,2.7113200000000002,581,2021-22,428.5359722222222,258.4640277777778
2021-10-01T00:00:00Z,E12000002,North West,NA,92.325926,0.41044999999999998,3.5776560000000002,690,92.783602000000002,0.21948200000000001,2.680396,496,92.591408000000001,0.35299900000000001,3.232739,628,92.191271999999998,0.47245500000000001,3.8427289999999998,750,91.886778000000007,0.64232999999999996,4.6840060000000001,1100,91.838322000000005,0.44823400000000002,3.8050700000000002,974,92.413172000000003,0.45470699999999997,3.5377719999999999,755,92.129245999999995,0.46120100000000003,3.968642,691,92.740838999999994,0.28460999999999997,2.8935979999999999,583,2021-22,428.5359722222222,261.4640277777778
2021-11-01T00:00:00Z,E12000002,North West,NA,92.659734,0.36155399999999999,3.7034829999999999,692,93.002019000000004,0.235404,2.747846,497,92.908253000000002,0.34219699999999997,3.3454069999999998,630,92.556033999999997,0.39565800000000001,3.9736479999999998,753,92.274485999999996,0.42194100000000001,5.0665129999999996,1104,92.176497999999995,0.36822899999999997,3.8829310000000001,978,92.726259999999996,0.33879199999999998,3.6186090000000002,757,92.506369000000007,0.40934100000000001,4.1411610000000003,694,93.014865,0.29547499999999999,2.986256,584,2021-22,428.5359722222222,263.4640277777778
2021-12-01T00:00:00Z,E12000002,North West,NA,93.343357,0.73777700000000002,4.1833010000000002,697,93.592117999999999,0.63450200000000001,3.144263,500,93.537516999999994,0.67729600000000001,3.7800280000000002,634,93.294602999999995,0.79796900000000004,4.514729,759,93.160231999999993,0.95990299999999995,5.8863830000000004,1115,92.992711999999997,0.88549100000000003,4.5606960000000001,986,93.417109999999994,0.74504300000000001,4.0726420000000001,763,93.202093000000005,0.75208299999999995,4.6248529999999999,699,93.634549000000007,0.66622000000000003,3.4199069999999998,588,2021-22,428.5359722222222,268.4640277777778
2022-01-01T00:00:00Z,E12000002,North West,NA,93.736438,0.42111399999999999,4.2644729999999997,700,93.853955999999997,0.27976499999999999,3.0326080000000002,502,93.922416999999996,0.411493,3.8233299999999999,637,93.725156999999996,0.46150000000000002,4.5811349999999997,762,93.474665999999999,0.33751900000000001,6.0845820000000002,1119,93.458179000000001,0.50054100000000001,4.7162670000000002,991,93.831260999999998,0.44333600000000001,4.1610209999999999,766,93.625936999999993,0.45475700000000002,4.7759520000000002,703,93.940314999999998,0.32655299999999998,3.360646,590,2021-22,428.5359722222222,271.4640277777778
2022-02-01T00:00:00Z,E12000002,North West,NA,94.090051,0.37724099999999999,4.5330820000000003,703,94.146234000000007,0.311419,3.3706399999999999,503,94.256268000000006,0.35545300000000002,4.0951880000000003,639,94.085052000000005,0.38399,4.8115690000000004,765,93.950629000000006,0.50919000000000003,6.2384599999999999,1124,93.786821000000003,0.35164600000000001,5.0484140000000002,995,94.170332000000002,0.36136200000000002,4.4565149999999996,769,94.006259999999997,0.40621499999999999,5.0066759999999997,706,94.265343999999999,0.345995,3.6532979999999999,592,2021-22,428.5359722222222,274.4640277777778
2022-03-01T00:00:00Z,E12000002,North West,NA,94.539726,0.47792099999999998,4.9445259999999998,706,94.553230999999997,0.43230200000000002,3.7438579999999999,505,94.685529000000002,0.45541999999999999,4.5542350000000003,642,94.521953999999994,0.46436899999999998,5.238569,769,94.419718000000003,0.49929299999999999,6.4238580000000001,1130,94.298873,0.54597499999999999,5.464677,1000,94.577895999999996,0.43279499999999999,4.8076049999999997,773,94.484022999999993,0.50822500000000004,5.4167779999999999,709,94.677952000000005,0.43770999999999999,4.1050069999999996,595,2021-22,428.5359722222222,277.4640277777778
2022-04-01T00:00:00Z,E12000002,North West,NA,94.948311,0.43218299999999998,5.0287030000000001,709,95.042878999999999,0.51785499999999995,3.9867050000000002,508,95.096742000000006,0.43429299999999998,4.6568110000000003,645,94.898505999999998,0.39837499999999998,5.275576,772,94.620992000000001,0.213169,6.1756310000000001,1132,94.746640999999997,0.47483900000000001,5.5801850000000002,1005,94.930166999999997,0.37246600000000002,4.8574630000000001,775,94.904114000000007,0.44461600000000001,5.4860030000000002,712,95.094255000000004,0.43970399999999998,4.2275619999999998,597,2022-23,428.5359722222222,280.4640277777778
2022-05-01T00:00:00Z,E12000002,North West,NA,95.518906,0.60095399999999999,5.3765029999999996,714,95.637354000000002,0.62548099999999995,4.4619049999999998,511,95.642537000000004,0.57393700000000003,5.0253129999999997,648,95.473420000000004,0.60582000000000003,5.5812049999999997,776,95.343650999999994,0.763741,6.6589029999999996,1141,95.325603999999998,0.61106400000000005,5.9273850000000001,1011,95.493779000000004,0.59371200000000002,5.1472910000000001,780,95.458619999999996,0.58428000000000002,5.7732089999999996,716,95.694785999999993,0.63151199999999996,4.7152700000000003,601,2022-23,428.5359722222222,285.4640277777778
2022-06-01T00:00:00Z,E12000002,North West,NA,95.947812,0.44902700000000001,5.5769229999999999,717,96.084232,0.46726299999999998,4.7442549999999999,514,96.081601000000006,0.45906799999999998,5.2663060000000002,651,95.888616999999996,0.43488199999999999,5.7417579999999999,780,95.792783999999997,0.47106799999999999,6.8314570000000003,1146,95.820217,0.51886699999999997,6.1172409999999999,1016,95.924188000000001,0.45071899999999998,5.357062,784,95.869573000000003,0.430504,5.9203229999999998,720,96.134551999999999,0.45955000000000001,5.0009949999999996,604,2022-23,428.5359722222222,288.4640277777778
2022-07-01T00:00:00Z,E12000002,North West,NA,96.621387,0.70202200000000003,5.9678880000000003,722,96.781250999999997,0.72542499999999999,5.2088830000000002,517,96.766739000000001,0.71308000000000005,5.7123369999999998,656,96.545722999999995,0.68528100000000003,6.0684959999999997,785,96.521530999999996,0.76075400000000004,7.1822140000000001,1155,96.612031999999999,0.82635499999999995,6.5560689999999999,1025,96.551439000000002,0.65390400000000004,5.695557,789,96.535726999999994,0.694855,6.2870689999999998,725,96.818715999999995,0.711673,5.4546049999999999,608,2022-23,428.5359722222222,293.4640277777778
2022-08-01T00:00:00Z,E12000002,North West,NA,97.264153,0.665242,6.2268499999999998,727,97.374896000000007,0.61338800000000004,5.4540090000000001,520,97.377435000000006,0.63110200000000005,5.952445,660,97.175437000000002,0.65224499999999996,6.3122470000000002,790,97.159037999999995,0.66048099999999998,7.2889499999999998,1163,97.132419999999996,0.53863700000000003,6.7364850000000001,1030,97.226838999999998,0.69952300000000001,6.0417540000000001,794,97.227248000000003,0.716337,6.5602179999999999,730,97.390714000000003,0.59079300000000001,5.6502819999999998,612,2022-23,428.5359722222222,298.4640277777778
2022-09-01T00:00:00Z,E12000002,North West,NA,97.911914,0.66598199999999996,6.4855749999999999,731,98.082678999999999,0.72686399999999995,5.943238,524,97.972890000000007,0.61149100000000001,6.1855900000000004,664,97.818393,0.66164400000000001,6.6050389999999997,796,97.885783000000004,0.74799599999999999,7.2129580000000004,1172,97.669820000000001,0.55326600000000004,6.8264389999999997,1036,97.828916000000007,0.61924999999999997,6.3417149999999998,799,97.904061999999996,0.69611500000000004,6.7582779999999998,735,98.051743999999999,0.67874100000000004,6.0275169999999996,616,2022-23,428.5359722222222,302.4640277777778
2022-10-01T00:00:00Z,E12000002,North West,NA,98.363937,0.46166200000000002,6.5398860000000001,735,98.440568999999996,0.36488599999999999,6.096946,526,98.376497999999998,0.41195999999999999,6.2479769999999997,667,98.309650000000005,0.50221300000000002,6.6366129999999997,799,98.436265000000006,0.56237199999999998,7.1277799999999996,1178,98.182445999999999,0.52485599999999999,6.9079269999999999,1041,98.251213000000007,0.43166900000000002,6.3173260000000004,803,98.404290000000003,0.51093699999999997,6.8111319999999997,739,98.424267999999998,0.37992599999999999,6.1282909999999999,618,2022-23,428.5359722222222,306.4640277777778
2022-11-01T00:00:00Z,E12000002,North West,NA,99.101249,0.74957600000000002,6.9517959999999999,740,99.119722999999993,0.689913,6.5780339999999997,530,99.111715000000004,0.74734999999999996,6.6769759999999998,672,99.078530999999998,0.78210100000000005,7.0470800000000002,806,99.131182999999993,0.70595799999999997,7.4307619999999996,1186,98.943978000000001,0.77562900000000001,7.3418710000000003,1049,99.022102000000004,0.78461000000000003,6.7897080000000001,809,99.149136999999996,0.75692599999999999,7.1808769999999997,744,99.118691999999996,0.70554099999999997,6.5622049999999996,623,2022-23,428.5359722222222,311.4640277777778
2022-12-01T00:00:00Z,E12000002,North West,NA,99.546333,0.44912099999999999,6.6453329999999999,744,99.596914999999996,0.48143000000000002,6.4159220000000001,532,99.564532999999997,0.45687699999999998,6.4434209999999998,675,99.511256000000003,0.436749,6.6634650000000004,809,99.528480999999999,0.40078000000000003,6.8358020000000002,1191,99.509889000000001,0.57195200000000002,7.0082659999999999,1055,99.527601000000004,0.51049,6.5410830000000004,813,99.528566999999995,0.382685,6.787909,747,99.600055999999995,0.48564400000000002,6.3710529999999999,626,2022-23,428.5359722222222,315.4640277777778
2023-01-01T00:00:00Z,E12000002,North West,NA,100,0.45573399999999997,6.682099,747,100,0.40471600000000002,6.5485189999999998,534,100,0.43737100000000001,6.4708540000000001,678,100,0.49114400000000002,6.6949399999999999,813,100,0.47375200000000001,6.9808589999999997,1197,100,0.49252499999999999,6.9997309999999997,1061,100,0.47464200000000001,6.5742890000000003,817,100,0.47366599999999998,6.8080100000000003,751,100,0.40155000000000002,6.4505689999999998,628,2022-23,428.5359722222222,318.4640277777778
2023-02-01T00:00:00Z,E12000002,North West,NA,100.582281,0.58228100000000005,6.9000180000000002,751,100.621346,0.62134599999999995,6.8777160000000004,538,100.583089,0.58308899999999997,6.7123619999999997,682,100.524266,0.52426600000000001,6.8440349999999999,818,100.468626,0.46862599999999999,6.9376829999999998,1202,100.549409,0.54940900000000004,7.2105959999999998,1067,100.577851,0.577851,6.8041799999999997,822,100.574432,0.57443200000000005,6.9869519999999996,755,100.608467,0.60846699999999998,6.7290080000000003,632,2022-23,428.5359722222222,322.4640277777778
2023-03-01T00:00:00Z,E12000002,North West,NA,101.161642,0.57600700000000005,7.0043730000000002,756,101.235737,0.61059699999999995,7.0674539999999997,541,101.11838400000001,0.53219099999999997,6.7939150000000001,685,101.07260599999999,0.54547999999999996,6.9302960000000002,822,101.10378799999999,0.63219999999999998,7.0791040000000001,1210,101.134383,0.58177800000000002,7.2487719999999998,1073,101.217117,0.63559399999999999,7.019844,827,101.120423,0.54287200000000002,7.0238329999999998,759,101.20211999999999,0.590063,6.8909050000000001,636,2022-23,428.5359722222222,327.4640277777778
2023-04-01T00:00:00Z,E12000002,North West,NA,102.066189,0.89415999999999995,7.4965820000000001,762,102.07493700000001,0.82895600000000003,7.3988259999999997,546,102.06058299999999,0.93177900000000002,7.322902,692,101.953895,0.87193699999999996,7.4346690000000004,829,101.921319,0.80860500000000002,7.7153359999999997,1220,102.101153,0.95592600000000005,7.7622939999999998,1083,102.162237,0.933755,7.6183059999999996,835,101.994726,0.86461600000000005,7.4713430000000001,765,102.112145,0.89921499999999999,7.379931,641,2023-24,428.5359722222222,333.4640277777778
2023-05-01T00:00:00Z,E12000002,North West,NA,102.583094,0.50644100000000003,7.3955909999999996,766,102.66691299999999,0.57994299999999999,7.3502229999999997,549,102.605868,0.53427599999999997,7.2805799999999996,695,102.521129,0.55636300000000005,7.3818539999999997,834,102.354319,0.42483700000000002,7.3530519999999999,1225,102.53912699999999,0.42896000000000001,7.5672459999999999,1088,102.76573399999999,0.59072400000000003,7.6151080000000002,839,102.447316,0.44373899999999999,7.3211779999999997,769,102.70295299999999,0.57858699999999996,7.3234570000000003,645,2023-24,428.5359722222222,337.4640277777778
2023-06-01T00:00:00Z,E12000002,North West,NA,103.352179,0.74971900000000002,7.7170769999999997,772,103.45778900000001,0.77033200000000002,7.6740550000000001,553,103.32777400000001,0.70357199999999998,7.5416869999999996,700,103.29079400000001,0.75073900000000005,7.7195580000000001,840,103.2101,0.83609699999999998,7.7430849999999998,1235,103.313772,0.755463,7.8204320000000003,1096,103.618078,0.82940499999999995,8.0208030000000008,846,103.171531,0.70691400000000004,7.6165539999999998,774,103.489983,0.76631700000000003,7.6511839999999998,650,2023-24,428.5359722222222,343.4640277777778
2023-07-01T00:00:00Z,E12000002,North West,NA,103.99771,0.62459399999999998,7.6342549999999996,777,104.08720700000001,0.60838099999999995,7.5489369999999996,556,103.978538,0.62980599999999998,7.4527669999999997,705,103.938709,0.62727200000000005,7.6574970000000002,845,103.925479,0.693129,7.6707739999999998,1244,104.04849400000001,0.71115700000000004,7.6972420000000001,1104,104.25263099999999,0.61239600000000005,7.9762579999999996,852,103.79295399999999,0.602321,7.5176600000000002,779,104.15791,0.64540200000000003,7.5803459999999996,654,2023-24,428.5359722222222,348.4640277777778
2023-08-01T00:00:00Z,E12000002,North West,NA,104.786169,0.75814999999999999,7.7335950000000002,783,104.96002300000001,0.83854300000000004,7.789612,561,104.72765200000001,0.72045000000000003,7.5481720000000001,710,104.72277,0.75434900000000005,7.7667080000000004,852,104.66682400000001,0.71334299999999995,7.7273170000000002,1253,104.79014100000001,0.71278900000000001,7.8837950000000001,1111,105.046091,0.76109300000000002,8.0422770000000003,858,104.59775399999999,0.77539000000000002,7.5807000000000002,785,104.928828,0.74014400000000002,7.740075,659,2023-24,428.5359722222222,354.4640277777778
2023-09-01T00:00:00Z,E12000002,North West,NA,105.459988,0.64304300000000003,7.7090459999999998,788,105.68065799999999,0.686581,7.7465039999999998,565,105.383523,0.62626400000000004,7.5639640000000004,714,105.38496499999999,0.63233099999999998,7.7353259999999997,857,105.335461,0.63882399999999995,7.6105830000000001,1261,105.45764699999999,0.63699300000000003,7.9736260000000003,1119,105.699125,0.62166399999999999,8.0448699999999995,863,105.275234,0.64770099999999997,7.528975,790,105.612522,0.65157900000000002,7.7110079999999996,663,2023-24,428.5359722222222,359.4640277777778
2023-10-01T00:00:00Z,E12000002,North West,NA,106.111608,0.61788399999999999,7.8765369999999999,793,106.377979,0.65983800000000004,8.0631489999999992,569,106.039609,0.62256999999999996,7.7895750000000001,719,105.99758199999999,0.581314,7.820119,862,105.993782,0.62497599999999998,7.6775739999999999,1269,106.115555,0.623861,8.0799669999999999,1126,106.34106,0.60732299999999995,8.2338389999999997,869,105.90056800000001,0.59399900000000005,7.6178369999999997,795,106.31389,0.66409499999999999,8.0159310000000001,668,2023-24,428.5359722222222,364.4640277777778
2023-11-01T00:00:00Z,E12000002,North West,NA,106.741976,0.59406099999999995,7.7100210000000002,797,107.06206,0.64306700000000006,8.0128719999999998,572,106.739373,0.65990800000000005,7.696021,724,106.586969,0.55603800000000003,7.5782689999999997,867,106.351302,0.33730300000000002,7.283398,1273,106.654596,0.50797499999999995,7.7929139999999997,1131,106.887946,0.51427500000000004,7.9435229999999999,873,106.537482,0.60142600000000002,7.4517480000000003,800,107.01737300000001,0.66170399999999996,7.9689120000000004,672,2023-24,428.5359722222222,368.4640277777778
2023-12-01T00:00:00Z,E12000002,North West,NA,107.766875,0.96016500000000005,8.258006,805,108.16876000000001,1.0337000000000001,8.6065369999999994,578,107.770912,0.96640899999999996,8.2422710000000006,731,107.644814,0.99247099999999999,8.1735059999999997,875,107.189612,0.788246,7.6974260000000001,1283,107.637856,0.92191000000000001,8.167999,1142,107.922434,0.96782500000000005,8.4346789999999991,882,107.550427,0.95078799999999997,8.0598569999999992,807,108.068448,0.98215399999999997,8.5023979999999995,679,2023-24,428.5359722222222,376.4640277777778
2024-01-01T00:00:00Z,E12000002,North West,NA,108.341488,0.53319899999999998,8.341488,809,108.91030600000001,0.68554599999999999,8.9103060000000003,582,108.330771,0.51949000000000001,8.3307710000000004,734,108.2088,0.52393100000000004,8.2088000000000001,880,107.693279,0.46988400000000002,7.6932790000000004,1289,108.170823,0.49514799999999998,8.1708230000000004,1147,108.523174,0.55664000000000002,8.5231739999999991,886,108.106835,0.51734599999999997,8.1068350000000002,811,108.668575,0.55532099999999995,8.6685750000000006,683,2023-24,428.5359722222222,380.4640277777778
2024-02-01T00:00:00Z,E12000002,North West,NA,109.352562,0.93322899999999998,8.7195090000000004,817,109.845403,0.85859399999999997,9.1670979999999993,587,109.338746,0.93045999999999995,8.7048989999999993,741,109.250843,0.96299299999999999,8.6810650000000003,888,108.568336,0.81254599999999999,8.0619300000000003,1299,109.067091,0.82856700000000005,8.4711400000000001,1157,109.54706899999999,0.94348100000000001,8.9176880000000001,895,109.187521,0.99964699999999995,8.5638959999999997,819,109.58638000000001,0.84458999999999995,8.9236160000000009,688,2023-24,428.5359722222222,388.4640277777778
2024-03-01T00:00:00Z,E12000002,North West,NA,110.035733,0.62474200000000002,8.7721900000000002,822,110.59349899999999,0.68104399999999998,9.2435360000000006,591,110.04942800000001,0.64998199999999995,8.8322649999999996,746,109.92747,0.61933400000000005,8.7608949999999997,894,109.086551,0.47731699999999999,7.8956119999999999,1306,109.72100500000001,0.59955199999999997,8.4903089999999999,1164,110.297815,0.68531799999999998,8.9715030000000002,901,109.823144,0.58213800000000004,8.6062940000000001,824,110.312704,0.66278700000000002,9.0023649999999993,693,2023-24,428.5359722222222,393.4640277777778
2024-04-01T00:00:00Z,E12000002,North West,NA,111.00912,0.88460899999999998,8.7618939999999998,829,111.703636,1.0038,9.4329719999999995,597,111.04501399999999,0.90467200000000003,8.8030369999999998,753,110.854156,0.842997,8.729692,902,109.851952,0.70164499999999996,7.7811320000000004,1315,110.618611,0.81808000000000003,8.3421760000000003,1173,111.271766,0.883019,8.9167269999999998,909,110.786213,0.87692700000000001,8.6195509999999995,831,111.325435,0.91805400000000004,9.0227170000000001,699,2024-25,501.9606944444444,327.0393055555556
2024-05-01T00:00:00Z,E12000002,North West,NA,111.832726,0.741927,9.0167210000000004,835,112.53168100000001,0.74128700000000003,9.6085170000000009,601,111.874165,0.74667899999999998,9.0329110000000004,758,111.65780599999999,0.72496099999999997,8.911994,908,110.6113,0.69124699999999994,8.0670570000000001,1324,111.36513100000001,0.67486000000000002,8.60745,1181,112.04595,0.69576000000000005,9.0304570000000002,915,111.65912400000001,0.78792399999999996,8.991752,838,112.121696,0.71525499999999997,9.1708590000000001,704,2024-25,501.9606944444444,333.0393055555556
2024-06-01T00:00:00Z,E12000002,North West,NA,113.046903,1.0857079999999999,9.3802800000000008,844,113.91749,1.231484,10.110113999999999,609,113.111288,1.105817,9.4684259999999991,767,112.837473,1.056503,9.2425259999999998,918,111.498546,0.80213000000000001,8.0306540000000002,1334,112.468737,0.99097999999999997,8.8613210000000002,1193,113.3035,1.1223529999999999,9.347232,926,112.831198,1.04969,9.3627260000000003,847,113.410133,1.1491420000000001,9.5856139999999996,712,2024-25,501.9606944444444,342.0393055555556
2024-07-01T00:00:00Z,E12000002,North West,NA,113.894337,0.74963000000000002,9.516197,851,114.80674,0.780609,10.298608,614,113.92191200000001,0.71666099999999999,9.5629100000000005,772,113.688796,0.75446800000000003,9.3806119999999993,925,112.08094,0.52233300000000005,7.8474120000000003,1341,113.265851,0.70874300000000001,8.8587120000000006,1201,114.194632,0.78649999999999998,9.5364509999999996,933,113.711302,0.78001799999999999,9.5558969999999999,853,114.187031,0.68503400000000003,9.6287660000000006,717,2024-25,501.9606944444444,349.0393055555556
2024-08-01T00:00:00Z,E12000002,North West,NA,114.486322,0.51976800000000001,9.2570940000000004,855,115.47603700000001,0.58297699999999997,10.019067,617,114.54629799999999,0.54808199999999996,9.3754089999999994,776,114.28503000000001,0.52444400000000002,9.1310230000000008,929,112.525447,0.39659499999999998,7.5082269999999998,1347,113.75322,0.43028699999999998,8.5533610000000007,1207,114.760071,0.49515300000000001,9.2473500000000008,937,114.325337,0.539995,9.2999919999999996,858,114.79037,0.52837800000000001,9.3983150000000002,721,2024-25,501.9606944444444,353.0393055555556
2024-09-01T00:00:00Z,E12000002,North West,NA,115.338329,0.74419900000000005,9.3669080000000005,862,116.372212,0.77607000000000004,10.116851,622,115.381224,0.72889800000000005,9.4869669999999999,782,115.13714400000001,0.74560499999999996,9.2538619999999998,936,113.08482100000001,0.49710900000000002,7.3568389999999999,1353,114.56143,0.71049399999999996,8.6326440000000009,1215,115.57429399999999,0.70950000000000002,9.3427159999999994,944,115.23286400000001,0.79381100000000004,9.4586629999999996,865,115.586783,0.69379800000000003,9.4442029999999999,726,2024-25,501.9606944444444,360.0393055555556
2024-10-01T00:00:00Z,E12000002,North West,NA,116.471869,0.982796,9.7635509999999996,870,117.51274100000001,0.98007,10.467167999999999,628,116.53422500000001,0.99929699999999999,9.8968830000000008,790,116.238739,0.95676700000000003,9.6616890000000009,945,114.252469,1.0325409999999999,7.791671,1367,115.629648,0.93244199999999999,8.9657850000000003,1226,116.74980600000001,1.0171049999999999,9.7880789999999998,954,116.36031,0.978406,9.8769449999999992,873,116.721166,0.98141299999999998,9.7891980000000007,733,2024-25,501.9606944444444,368.0393055555556
2024-11-01T00:00:00Z,E12000002,North West,NA,117.523816,0.90317700000000001,10.100844,878,118.615922,0.93877600000000005,10.791741999999999,634,117.554237,0.87528899999999998,10.132028,797,117.353707,0.95920499999999997,10.101364,954,115.296691,0.91395999999999999,8.4111700000000003,1380,116.639707,0.873529,9.3620999999999999,1237,117.766592,0.87090999999999996,10.177618000000001,962,117.452727,0.93882299999999996,10.245450999999999,881,117.740724,0.873498,10.020196,740,2024-25,501.9606944444444,376.0393055555556
2024-12-01T00:00:00Z,E12000002,North West,NA,118.199175,0.57465699999999997,9.6804319999999997,883,119.422189,0.67972900000000003,10.403584,638,118.312541,0.64506699999999995,9.7815150000000006,802,118.00690299999999,0.55660500000000002,9.6261849999999995,960,115.88249999999999,0.50808900000000001,8.1098230000000004,1387,117.207385,0.48669400000000002,8.8904859999999992,1243,118.357146,0.50146100000000005,9.6687139999999996,967,118.10312,0.55374900000000005,9.8118560000000006,886,118.547923,0.68557299999999999,9.6970709999999993,745,2024-25,501.9606944444444,381.0393055555556
2025-01-01T00:00:00Z,E12000002,North West,NA,118.943901,0.63005999999999995,9.7861069999999994,888,120.18637200000001,0.63990100000000005,10.353534,642,119.091194,0.65813299999999997,9.9329330000000002,807,118.73868299999999,0.620116,9.7310789999999994,966,116.533925,0.56214200000000003,8.2090969999999999,1395,117.946563,0.63065800000000005,9.0373169999999998,1251,119.12634799999999,0.649899,9.7704240000000002,973,118.83806800000001,0.62229299999999999,9.9265070000000009,892,119.294177,0.62949600000000006,9.7779889999999998,749,2024-25,501.9606944444444,386.0393055555556
2025-02-01T00:00:00Z,E12000002,North West,NA,119.54133,0.502278,9.3173560000000002,893,120.82572399999999,0.53196699999999997,9.9961579999999994,646,119.753012,0.555724,9.5247720000000005,812,119.328593,0.49681399999999998,9.2244139999999994,970,116.975183,0.37865199999999999,7.7433690000000004,1400,118.35639,0.34746899999999997,8.5170510000000004,1255,119.714135,0.49341499999999999,9.2810020000000009,978,119.454577,0.51878100000000005,9.4031409999999997,897,119.946162,0.54653499999999999,9.4535309999999999,754,2024-25,501.9606944444444,391.0393055555556
2025-03-01T00:00:00Z,E12000002,North West,NA,119.971593,0.359929,9.0296660000000006,896,121.352908,0.43631799999999998,9.7287890000000008,649,120.172337,0.350157,9.1985109999999999,815,119.787576,0.38463799999999998,8.9696470000000001,974,117.27498799999999,0.25629800000000003,7.5063659999999999,1404,118.661108,0.25745800000000002,8.1480320000000006,1259,120.14690400000001,0.36150100000000002,8.9295410000000004,981,119.902151,0.37468099999999999,9.1774889999999996,900,120.39723600000001,0.37606299999999998,9.1417680000000008,756,2024-25,501.9606944444444,394.0393055555556
2025-04-01T00:00:00Z,E12000002,North West,NA,120.354365,0.319052,8.4184479999999997,899,121.823807,0.388042,9.0598399999999994,651,120.60654700000001,0.36132300000000001,8.6105020000000003,818,120.141576,0.29552299999999998,8.3780529999999995,977,117.50772499999999,0.19845399999999999,6.9691729999999996,1406,118.92337999999999,0.221026,7.5075700000000003,1261,120.47456699999999,0.27271899999999999,8.2705629999999992,984,120.318817,0.34750500000000001,8.6045040000000004,903,120.823348,0.35392200000000001,8.5316650000000003,759,2025-26,501.9606944444444,397.0393055555556
2025-05-01T00:00:00Z,E12000002,North West,NA,121.181754,0.68746099999999999,8.3598320000000008,905,122.693101,0.71356600000000003,9.0298300000000005,656,121.521877,0.75893900000000003,8.6237180000000002,824,120.968295,0.68811999999999995,8.3384129999999992,984,118.08321100000001,0.48974400000000001,6.7551069999999998,1413,119.634218,0.59772700000000001,7.4252019999999996,1269,121.291381,0.67799699999999996,8.2514649999999996,991,121.16125,0.70016699999999998,8.5099409999999995,909,121.683188,0.71165,8.5277809999999992,764,2025-26,501.9606944444444,403.0393055555556
2025-06-01T00:00:00Z,E12000002,North West,NA,122.000913,0.67597600000000002,7.9206159999999999,911,123.753176,0.86400500000000002,8.6340439999999994,661,122.423801,0.74219000000000002,8.2330539999999992,830,121.753531,0.64912599999999998,7.901681,990,118.68060800000001,0.505911,6.441395,1420,120.335089,0.58584499999999995,6.9942570000000002,1276,121.98369700000001,0.57078700000000004,7.6610139999999998,996,121.97999299999999,0.67574699999999999,8.1083909999999992,915,122.66665399999999,0.80821799999999999,8.1619879999999991,771,2025-26,501.9606944444444,409.0393055555556
2025-07-01T00:00:00Z,E12000002,North West,NA,122.131627,0.107142,7.2323969999999997,912,124.090565,0.27263100000000001,8.0864809999999991,663,122.583298,0.13028300000000001,7.6029150000000003,831,121.828976,6.1966E-2,7.1600549999999998,991,118.574545,-8.9368000000000003E-2,5.7936740000000002,1419,120.286551,-4.0335999999999997E-2,6.1984260000000004,1276,122.037313,4.3954E-2,6.86782,997,122.1073,0.104367,7.3836089999999999,916,122.94734,0.22882,7.6718950000000001,772,2025-26,501.9606944444444,410.0393055555556
2025-08-01T00:00:00Z,E12000002,North West,NA,122.669244,0.440195,7.1475099999999996,916,124.50909,0.33727400000000002,7.8224479999999996,665,123.1035,0.42436600000000002,7.4705180000000002,834,122.367091,0.44169700000000001,7.0718459999999999,995,119.119631,0.4597,5.8601720000000004,1426,120.645225,0.29818299999999998,6.0587340000000003,1280,122.559505,0.42789500000000003,6.7962959999999999,1001,122.76112000000001,0.53544700000000001,7.3787520000000004,921,123.379448,0.35145799999999999,7.4824029999999997,775,2025-26,501.9606944444444,414.0393055555556
2025-09-01T00:00:00Z,E12000002,North West,NA,123.53228,0.70354700000000003,7.1042740000000002,923,125.418718,0.730572,7.7737679999999996,670,123.924525,0.66693899999999995,7.4044119999999998,840,123.26626400000001,0.73481600000000002,7.0603800000000003,1002,120.020353,0.75614899999999996,6.1330349999999996,1436,121.501333,0.70960800000000002,6.0578010000000004,1289,123.44344599999999,0.72123400000000004,6.8087390000000001,1008,123.650451,0.724441,7.3048489999999999,928,124.182078,0.65053799999999995,7.4362269999999997,780,2025-26,501.9606944444444,421.0393055555556
2025-10-01T00:00:00Z,E12000002,North West,NA,124.053222,0.421705,6.5091710000000003,927,125.856921,0.34939199999999998,7.1006600000000004,673,124.421808,0.401279,6.7684689999999996,843,123.85406,0.47685100000000002,6.5514489999999999,1007,120.418798,0.33198100000000003,5.3971080000000002,1441,121.970597,0.38622099999999998,5.4838430000000002,1294,124.01043,0.45930700000000002,6.21896,1013,124.219326,0.460067,6.754035,932,124.60261300000001,0.338644,6.7523720000000003,783,2025-26,501.9606944444444,425.0393055555556
2025-11-01T00:00:00Z,E12000002,North West,NA,124.913139,0.69318400000000002,6.2875110000000003,933,126.682289,0.65579799999999999,6.800408,677,125.278159,0.68826399999999999,6.5705179999999999,849,124.75181600000001,0.72484899999999997,6.3041119999999999,1015,121.520186,0.91463099999999997,5.3978089999999996,1454,122.926373,0.78361199999999998,5.3898159999999997,1304,124.919113,0.73274700000000004,6.0734709999999996,1020,125.04956,0.66836099999999998,6.4679919999999997,939,125.42738,0.66191800000000001,6.5284599999999999,788,2025-26,501.9606944444444,431.0393055555556
2025-12-01T00:00:00Z,E12000002,North West,NA,125.430114,0.41386699999999998,6.1175879999999996,937,127.16902399999999,0.384218,6.4869320000000004,680,125.752809,0.37887599999999999,6.2886550000000003,852,125.32451500000001,0.45907100000000001,6.201003,1019,121.78489399999999,0.217831,5.0934299999999997,1458,123.355936,0.34944799999999998,5.2458729999999996,1308,125.421558,0.40221699999999999,5.9687250000000001,1025,125.685253,0.50835300000000005,6.4199260000000002,943,125.795813,0.293742,6.1138909999999997,790,2025-26,501.9606944444444,435.0393055555556
2026-01-01T00:00:00Z,E12000002,North West,NA,126.031608,0.479545,5.9588650000000003,941,127.868499,0.55003500000000005,6.391845,683,126.455174,0.55852800000000002,6.1834800000000003,857,125.903582,0.46205400000000002,6.0341740000000001,1024,122.298868,0.42203400000000002,4.9470080000000003,1464,123.771632,0.33698899999999998,4.9387359999999996,1313,126.04189,0.49459700000000001,5.8052159999999997,1030,126.285554,0.47762199999999999,6.2669189999999997,948,126.459064,0.52724400000000005,6.0060659999999997,794,2025-26,501.9606944444444,439.0393055555556
2026-02-01T00:00:00Z,E12000002,North West,NA,126.355539,0.25702399999999997,5.7002959999999998,944,128.192465,0.253359,6.0969980000000001,685,126.801941,0.27422200000000002,5.8862220000000001,860,126.263198,0.28562799999999999,5.8113520000000003,1027,122.50303599999999,0.16694200000000001,4.7256629999999999,1466,124.05197699999999,0.22650200000000001,4.8122340000000001,1316,126.413994,0.29522300000000001,5.5965480000000003,1033,126.608615,0.25581799999999999,5.9889190000000001,950,126.75073399999999,0.23064399999999999,5.6730219999999996,796,2025-26,501.9606944444444,442.0393055555556
2026-03-01T00:00:00Z,E12000002,North West,NA,126.828594,0.37438399999999999,5.7155199999999997,947,128.60321099999999,0.320413,5.9745609999999996,687,127.291285,0.38591199999999998,5.9239499999999996,863,126.745739,0.38217099999999998,5.8087520000000001,1031,122.69128499999999,0.153669,4.6184589999999996,1468,124.411119,0.28950900000000002,4.8457410000000003,1320,126.867492,0.35874099999999998,5.5936430000000001,1036,127.144773,0.42347699999999999,6.0404439999999999,954,127.165854,0.32750899999999999,5.6219049999999999,799,2025-26,501.9606944444444,445.0393055555556
2026-04-01T00:00:00Z,E12000002,North West,NA,127.293138,0.36627700000000002,5.7652859999999997,951,129.067127,0.36073499999999997,5.9457339999999999,690,127.744106,0.355736,5.9180529999999996,866,127.24698600000001,0.39547500000000002,5.9141979999999998,1035,123.109487,0.34085700000000002,4.767144,1473,124.83165,0.33801700000000001,4.9681309999999996,1324,127.31185000000001,0.35025299999999998,5.6752909999999996,1040,127.63565199999999,0.38607900000000001,6.0812059999999999,958,127.61799600000001,0.35555300000000001,5.623621,802,2026-27,NA,NA
2015-01-01T00:00:00Z,E12000003,Yorkshire and The Humber,NA,81.941667,NA,NA,586,82.083170999999993,NA,NA,409,82.812558999999993,NA,NA,522,81.529268999999999,NA,NA,613,81.640579000000002,NA,NA,925,81.589164999999994,NA,NA,798,81.940055999999998,NA,NA,623,81.589395999999994,NA,NA,578,82.754430999999997,NA,NA,478,2014-15,NA,NA
2015-02-01T00:00:00Z,E12000003,Yorkshire and The Humber,NA,81.813845,-0.15599199999999999,NA,585,82.082600999999997,-6.9399999999999996E-4,NA,409,82.744152,-8.2604999999999998E-2,NA,522,81.445719999999994,-0.102478,NA,612,81.290233000000001,-0.42913200000000001,NA,921,81.505286999999996,-0.10280499999999999,NA,797,81.834614999999999,-0.12868099999999999,NA,622,81.410983999999999,-0.21867,NA,577,82.728662999999997,-3.1137999999999999E-2,NA,478,2014-15,NA,NA
2015-03-01T00:00:00Z,E12000003,Yorkshire and The Humber,NA,81.89994,0.10523299999999999,NA,586,82.077354,-6.3920000000000001E-3,NA,409,82.812617000000003,8.2742999999999997E-2,NA,522,81.506461999999999,7.4579999999999994E-2,NA,613,81.569539000000006,0.34359099999999998,NA,924,81.632293000000004,0.15582599999999999,NA,798,81.894693000000004,7.3413999999999993E-2,NA,623,81.519639999999995,0.133466,NA,578,82.759072000000003,3.6757999999999999E-2,NA,478,2014-15,NA,NA
2015-04-01T00:00:00Z,E12000003,Yorkshire and The Humber,NA,81.864047,-4.3825000000000003E-2,NA,586,82.119911999999999,5.1851000000000001E-2,NA,409,82.782995999999997,-3.5770000000000003E-2,NA,522,81.499656999999999,-8.3479999999999995E-3,NA,613,81.411777000000001,-0.193409,NA,922,81.637091999999996,5.8789999999999997E-3,NA,799,81.897470999999996,3.392E-3,NA,623,81.438280000000006,-9.9805000000000005E-2,NA,577,82.776606999999998,2.1187999999999999E-2,NA,478,2015-16,364.114705882353,221.885294117647
2015-05-01T00:00:00Z,E12000003,Yorkshire and The Humber,NA,81.787724,-9.3230999999999994E-2,NA,585,82.017590999999996,-0.124599,NA,409,82.758032,-3.0155000000000001E-2,NA,522,81.458015000000003,-5.1095000000000002E-2,NA,612,81.166015000000002,-0.301875,NA,920,81.566715000000002,-8.6207000000000006E-2,NA,798,81.841624999999993,-6.8191000000000002E-2,NA,622,81.342438000000001,-0.117687,NA,577,82.723971000000006,-6.3588000000000006E-2,NA,478,2015-16,364.114705882353,220.885294117647
2015-06-01T00:00:00Z,E12000003,Yorkshire and The Humber,NA,81.568998,-0.267432,NA,583,81.816576999999995,-0.245088,NA,408,82.610079999999996,-0.17877699999999999,NA,521,81.295519999999996,-0.19948299999999999,NA,611,80.688210999999995,-0.58867499999999995,NA,914,81.447081999999995,-0.14666899999999999,NA,797,81.667039000000003,-0.21332200000000001,NA,621,81.067927999999995,-0.337474,NA,575,82.544805999999994,-0.216582,NA,477,2015-16,364.114705882353,218.885294117647
2015-07-01T00:00:00Z,E12000003,Yorkshire and The Humber,NA,81.684439,0.14152600000000001,NA,584,82.033600000000007,0.26525599999999999,NA,409,82.711939999999998,0.12330099999999999,NA,522,81.406704000000005,0.136765,NA,612,80.818864000000005,0.16192300000000001,NA,916,81.661685000000006,0.263488,NA,799,81.807179000000005,0.171599,NA,622,81.135833000000005,8.3763000000000004E-2,NA,575,82.707014999999998,0.19651099999999999,NA,478,2015-16,364.114705882353,219.885294117647
2015-08-01T00:00:00Z,E12000003,Yorkshire and The Humber,NA,81.749955,8.0207000000000001E-2,NA,585,82.042973000000003,1.1426E-2,NA,409,82.818049000000002,0.12828899999999999,NA,522,81.463871999999995,7.0224999999999996E-2,NA,612,80.991254999999995,0.213306,NA,918,81.817031999999998,0.19023100000000001,NA,800,81.886426999999998,9.6872E-2,NA,623,81.164986999999996,3.5931999999999999E-2,NA,575,82.809087000000005,0.123414,NA,478,2015-16,364.114705882353,220.885294117647
2015-09-01T00:00:00Z,E12000003,Yorkshire and The Humber,NA,82.012142,0.320718,NA,587,82.211983000000004,0.20600099999999999,NA,409,83.018654999999995,0.24222399999999999,NA,523,81.740050999999994,0.33901999999999999,NA,614,81.423070999999993,0.53316399999999997,NA,922,82.088576000000003,0.33189200000000002,NA,803,82.125242999999998,0.29164299999999999,NA,625,81.458627000000007,0.36178100000000002,NA,577,82.999804999999995,0.23030999999999999,NA,480,2015-16,364.114705882353,222.885294117647
2015-10-01T00:00:00Z,E12000003,Yorkshire and The Humber,NA,81.925757,-0.105332,NA,586,82.137264000000002,-9.0884999999999994E-2,NA,409,82.936532999999997,-9.8919999999999994E-2,NA,523,81.708284000000006,-3.8863000000000002E-2,NA,614,81.227958000000001,-0.23962900000000001,NA,920,81.952331000000001,-0.16597400000000001,NA,802,82.089820000000003,-4.3132999999999998E-2,NA,624,81.351856999999995,-0.13107199999999999,NA,577,82.918205999999998,-9.8311999999999997E-2,NA,479,2015-16,364.114705882353,221.885294117647
2015-11-01T00:00:00Z,E12000003,Yorkshire and The Humber,NA,82.073563,0.18041399999999999,NA,587,82.251722000000001,0.13935,NA,410,83.09008,0.185138,NA,524,81.844423000000006,0.16661500000000001,NA,615,81.440939,0.26220199999999999,NA,923,82.176794000000001,0.273895,NA,804,82.250541999999996,0.19578899999999999,NA,625,81.474824999999996,0.15115600000000001,NA,577,83.072565999999995,0.18615999999999999,NA,480,2015-16,364.114705882353,222.885294117647
2015-12-01T00:00:00Z,E12000003,Yorkshire and The Humber,NA,82.054796,-2.2866000000000001E-2,NA,587,82.294646999999998,5.2186999999999997E-2,NA,410,83.092297000000002,2.6679999999999998E-3,NA,524,81.851130999999995,8.1949999999999992E-3,NA,615,81.332631000000006,-0.13299,NA,921,82.135857999999999,-4.9814999999999998E-2,NA,803,82.259050999999999,1.0344000000000001E-2,NA,626,81.428686999999996,-5.6628999999999999E-2,NA,577,83.110225,4.5332999999999998E-2,NA,480,2015-16,364.114705882353,222.885294117647
2016-01-01T00:00:00Z,E12000003,Yorkshire and The Humber,NA,81.97551,-9.6626000000000004E-2,4.1300000000000003E-2,586,82.358136999999999,7.7150999999999997E-2,0.33498499999999998,410,83.096835999999996,5.463E-3,0.343277,524,81.841659000000007,-1.1572000000000001E-2,0.383162,615,81.024282999999997,-0.37911899999999998,-0.75488900000000003,918,82.089883,-5.5973000000000002E-2,0.613707,803,82.180674999999994,-9.5279000000000003E-2,0.29365200000000002,625,81.305462000000006,-0.15132799999999999,-0.34800300000000001,576,83.159459999999996,5.9239E-2,0.48943399999999998,480,2015-16,364.114705882353,221.885294117647
2016-02-01T00:00:00Z,E12000003,Yorkshire and The Humber,NA,81.821923,-0.187357,9.8740000000000008E-3,585,82.238804999999999,-0.144894,0.190301,410,82.980434000000002,-0.14008100000000001,0.28555599999999998,523,81.684178000000003,-0.19242200000000001,0.29278100000000001,614,80.773957999999993,-0.30895099999999998,-0.63510200000000006,915,81.930713999999995,-0.19389600000000001,0.52196299999999995,801,82.028075000000001,-0.18568899999999999,0.236403,624,81.138363999999996,-0.20551900000000001,-0.33486900000000003,575,83.040128999999993,-0.14349600000000001,0.37649100000000002,480,2015-16,364.114705882353,220.885294117647
2016-03-01T00:00:00Z,E12000003,Yorkshire and The Humber,NA,82.079665,0.31500400000000001,0.219444,587,82.510368,0.33021299999999998,0.52756800000000004,411,83.159796999999998,0.21615200000000001,0.41923500000000002,524,82.001600999999994,0.388598,0.60748500000000005,616,81.046136000000004,0.33696300000000001,-0.64166500000000004,918,82.232705999999993,0.36859399999999998,0.73550899999999997,804,82.330172000000005,0.36828499999999997,0.53175399999999995,626,81.379320000000007,0.29696899999999998,-0.17213100000000001,577,83.248502999999999,0.25093199999999999,0.59139299999999995,481,2015-16,364.114705882353,222.885294117647
2016-04-01T00:00:00Z,E12000003,Yorkshire and The Humber,NA,82.265901,0.22689599999999999,0.49087900000000001,588,82.650513000000004,0.169851,0.64612899999999995,412,83.366141999999996,0.24813099999999999,0.70442800000000005,526,82.181263000000001,0.21909600000000001,0.83633000000000002,618,81.259883000000002,0.263735,-0.18657399999999999,921,82.488183000000006,0.31067600000000001,1.042529,807,82.531728999999999,0.24481600000000001,0.77445399999999998,628,81.528794000000005,0.18367600000000001,0.11114400000000001,578,83.458965000000006,0.25281199999999998,0.82433699999999999,482,2016-17,364.114705882353,223.885294117647
2016-05-01T00:00:00Z,E12000003,Yorkshire and The Humber,NA,82.458993,0.23471700000000001,0.82074499999999995,590,82.886933999999997,0.286049,1.059947,413,83.581991000000002,0.25891700000000001,0.99562399999999995,527,82.330656000000005,0.181785,1.071277,619,81.399625,0.17197000000000001,0.28781800000000002,922,82.698503000000002,0.25496999999999997,1.387561,809,82.739108000000002,0.251272,1.0966100000000001,629,81.701931000000002,0.212363,0.44195099999999998,579,83.668957000000006,0.25161099999999997,1.1423369999999999,483,2016-17,364.114705882353,225.885294117647
2016-06-01T00:00:00Z,E12000003,Yorkshire and The Humber,NA,82.558404,0.120558,1.212968,591,82.865637000000007,-2.5694000000000002E-2,1.2822100000000001,413,83.618442000000002,4.3610999999999997E-2,1.220628,527,82.456980000000001,0.15343399999999999,1.428688,620,81.668898999999996,0.33080500000000002,1.2154039999999999,925,82.834586999999999,0.16455400000000001,1.7035659999999999,810,82.822094000000007,0.100298,1.414347,630,81.835458000000003,0.16343099999999999,0.946774,580,83.688154999999995,2.2946000000000001E-2,1.3851260000000001,484,2016-17,364.114705882353,226.885294117647
2016-07-01T00:00:00Z,E12000003,Yorkshire and The Humber,NA,82.682998,0.150917,1.222459,591,82.970043000000004,0.125995,1.1415360000000001,413,83.724932999999993,0.12735399999999999,1.2247250000000001,528,82.590475999999995,0.16189899999999999,1.4541459999999999,621,81.868414999999999,0.24429899999999999,1.298646,927,82.925794999999994,0.110109,1.547984,811,82.962084000000004,0.16902500000000001,1.4117409999999999,631,81.964312000000007,0.15745600000000001,1.021102,581,83.800854000000001,0.13466500000000001,1.3225469999999999,484,2016-17,364.114705882353,226.885294117647
2016-08-01T00:00:00Z,E12000003,Yorkshire and The Humber,NA,82.865214,0.22037999999999999,1.3642319999999999,593,83.194238999999996,0.27021200000000001,1.4032469999999999,414,83.856577000000001,0.15723400000000001,1.253987,529,82.798959999999994,0.25243100000000002,1.638871,622,82.144119000000003,0.33676499999999998,1.4234420000000001,931,83.208591999999996,0.34102300000000002,1.7008190000000001,814,83.112234999999998,0.18098700000000001,1.496961,632,82.135281000000006,0.208589,1.195459,582,83.994553999999994,0.23114299999999999,1.4315659999999999,485,2016-17,364.114705882353,228.885294117647
2016-09-01T00:00:00Z,E12000003,Yorkshire and The Humber,NA,83.083193,0.26305200000000001,1.305966,594,83.409424999999999,0.25865500000000002,1.4565300000000001,415,84.051213000000004,0.23210600000000001,1.2437659999999999,530,83.030460000000005,0.27959299999999998,1.5786739999999999,624,82.404067999999995,0.31645499999999999,1.204815,934,83.354366999999996,0.17519199999999999,1.541981,815,83.338813000000002,0.272617,1.4777070000000001,634,82.377173999999997,0.29450500000000002,1.127624,584,84.186667,0.22872100000000001,1.4299580000000001,486,2016-17,364.114705882353,229.885294117647
2016-10-01T00:00:00Z,E12000003,Yorkshire and The Humber,NA,83.202535,0.14364199999999999,1.558457,595,83.532922999999997,0.148063,1.699179,416,84.143973000000003,0.110361,1.4558599999999999,531,83.150955999999994,0.145122,1.765636,625,82.544365999999997,0.17025599999999999,1.6206339999999999,935,83.504998999999998,0.18071300000000001,1.8945989999999999,817,83.479198999999994,0.16845199999999999,1.692512,635,82.486761000000001,0.13303100000000001,1.3950560000000001,585,84.280668000000006,0.11165799999999999,1.643141,487,2016-17,364.114705882353,230.885294117647
2016-11-01T00:00:00Z,E12000003,Yorkshire and The Humber,NA,83.324725,0.14685799999999999,1.52444,596,83.635143999999997,0.12237199999999999,1.681937,417,84.276335000000003,0.157304,1.427673,531,83.324973999999997,0.20927999999999999,1.8089820000000001,626,82.544736,4.4799999999999999E-4,1.3553329999999999,935,83.591442999999998,0.103521,1.721471,818,83.613294999999994,0.160634,1.6568320000000001,636,82.606255000000004,0.14486499999999999,1.388687,585,84.413878999999994,0.158056,1.614627,488,2016-17,364.114705882353,231.885294117647
2016-12-01T00:00:00Z,E12000003,Yorkshire and The Humber,NA,83.62396,0.35911900000000002,1.912337,598,83.89716,0.31328400000000001,1.9472879999999999,418,84.572935000000001,0.35193799999999997,1.7819199999999999,533,83.609461999999994,0.34142,2.1482070000000002,628,82.950779999999995,0.49190800000000001,1.989544,940,83.942735999999996,0.42024899999999998,2.199865,821,83.908001999999996,0.352464,2.0045829999999998,638,82.899452999999994,0.35493400000000003,1.8062009999999999,588,84.702404000000001,0.34179900000000002,1.9157439999999999,489,2016-17,364.114705882353,233.885294117647
2017-01-01T00:00:00Z,E12000003,Yorkshire and The Humber,NA,83.754858,0.156532,2.170585,599,84.011860999999996,0.13671700000000001,2.0079669999999998,418,84.684917999999996,0.132409,1.911122,534,83.761724999999998,0.182112,2.3460740000000002,630,83.052317000000002,0.122407,2.5029949999999999,941,84.009673000000006,7.9741999999999993E-2,2.3386439999999999,822,84.057374999999993,0.17802000000000001,2.2836270000000001,639,83.052937999999997,0.18514600000000001,2.149273,589,84.791765999999996,0.1055,1.962863,490,2016-17,364.114705882353,234.885294117647
2017-02-01T00:00:00Z,E12000003,Yorkshire and The Humber,NA,83.886208,0.15682699999999999,2.5228999999999999,600,84.123605999999995,0.13300999999999999,2.2918630000000002,419,84.783114999999995,0.115956,2.1724169999999998,535,83.911451999999997,0.178753,2.7266900000000001,631,83.165302999999994,0.136043,2.9605410000000001,942,84.079586000000006,8.3220000000000002E-2,2.622792,822,84.179016000000004,0.14471200000000001,2.622201,640,83.217868999999993,0.19858500000000001,2.5629110000000002,590,84.891452000000001,0.117566,2.2294330000000002,490,2016-17,364.114705882353,235.885294117647
2017-03-01T00:00:00Z,E12000003,Yorkshire and The Humber,NA,84.105607,0.261544,2.4682629999999999,602,84.367211999999995,0.28958200000000001,2.2504369999999998,420,84.963547000000005,0.21281600000000001,2.1690160000000001,536,84.147181000000003,0.28092600000000001,2.6165099999999999,632,83.369530999999995,0.24556800000000001,2.8667549999999999,944,84.336239000000006,0.30524899999999999,2.5580250000000002,825,84.428426000000002,0.29628599999999999,2.5485850000000001,642,83.42371,0.24735299999999999,2.5121739999999999,591,85.079898,0.22198499999999999,2.1999140000000001,492,2016-17,364.114705882353,237.885294117647
2017-04-01T00:00:00Z,E12000003,Yorkshire and The Humber,NA,84.568596,0.55048600000000003,2.7990889999999999,605,84.919737999999995,0.65490499999999996,2.7455669999999999,423,85.461316999999994,0.58586400000000005,2.5132210000000001,539,84.569614999999999,0.50201799999999996,2.906199,636,83.842815000000002,0.56769499999999995,3.1786059999999998,950,84.845994000000005,0.60443199999999997,2.8583630000000002,830,84.877150999999998,0.53148499999999999,2.8418429999999999,645,83.845892000000006,0.50606899999999999,2.8420610000000002,594,85.633591999999993,0.65079299999999995,2.6056240000000002,495,2017-18,364.114705882353,240.885294117647
2017-05-01T00:00:00Z,E12000003,Yorkshire and The Humber,NA,84.612808,5.2278999999999999E-2,2.6119829999999999,605,85.027809000000005,0.12726299999999999,2.5828859999999998,424,85.521880999999993,7.0866999999999999E-2,2.3209430000000002,539,84.601771999999997,3.8025000000000003E-2,2.7585299999999999,636,83.903447,7.2316000000000005E-2,3.0759620000000001,951,84.907404,7.2376999999999997E-2,2.6710280000000002,830,84.956329999999994,9.3286999999999995E-2,2.6797749999999998,646,83.860073,1.6913000000000001E-2,2.6414819999999999,594,85.696742,7.3744000000000004E-2,2.423581,495,2017-18,364.114705882353,240.885294117647
2017-06-01T00:00:00Z,E12000003,Yorkshire and The Humber,NA,84.590434,-2.6443000000000001E-2,2.4613239999999998,605,85.087051000000002,6.9672999999999999E-2,2.680742,424,85.509714000000002,-1.4227E-2,2.2617880000000001,539,84.584352999999993,-2.0590000000000001E-2,2.5799799999999999,636,83.80941,-0.112077,2.620962,949,84.857377,-5.8918999999999999E-2,2.4419629999999999,830,84.933475000000001,-2.6901999999999999E-2,2.5492970000000001,646,83.830141999999995,-3.5692000000000002E-2,2.4374319999999998,594,85.713403999999997,1.9442000000000001E-2,2.419994,495,2017-18,364.114705882353,240.885294117647
2017-07-01T00:00:00Z,E12000003,Yorkshire and The Humber,NA,84.670173,9.4265000000000002E-2,2.4033660000000001,606,85.094695000000002,8.9829999999999997E-3,2.5607449999999998,424,85.589465000000004,9.3265000000000001E-2,2.2269730000000001,540,84.673445999999998,0.10532999999999999,2.522046,636,83.902189000000007,0.110703,2.4841989999999998,951,84.916559000000007,6.9742999999999999E-2,2.4006569999999998,831,85.020728000000005,0.10273,2.481427,647,83.931045999999995,0.120367,2.3995000000000002,595,85.742683999999997,3.4160999999999997E-2,2.317196,495,2017-18,364.114705882353,241.885294117647
2017-08-01T00:00:00Z,E12000003,Yorkshire and The Humber,NA,84.941177,0.32007000000000002,2.5052279999999998,608,85.499487000000002,0.47569600000000001,2.7709229999999998,426,85.802704000000006,0.249141,2.3207800000000001,541,84.960407000000004,0.33890300000000001,2.6104759999999998,639,84.081805000000003,0.21407799999999999,2.358886,953,85.182508999999996,0.313189,2.372252,833,85.287992000000003,0.31435200000000002,2.617855,649,84.191452999999996,0.31026399999999998,2.5033970000000001,597,86.048715000000001,0.35691800000000001,2.4455879999999999,497,2017-18,364.114705882353,243.885294117647
2017-09-01T00:00:00Z,E12000003,Yorkshire and The Humber,NA,85.040224,0.116607,2.3555079999999999,608,85.615153000000007,0.13528299999999999,2.6444589999999999,426,85.893095000000002,0.105348,2.1913809999999998,542,85.024833999999998,7.5831999999999997E-2,2.4019780000000002,639,84.281620000000004,0.23764299999999999,2.27847,955,85.343485000000001,0.18897800000000001,2.3863400000000001,835,85.390951000000001,0.12071900000000001,2.4624039999999998,649,84.267377999999994,9.0180999999999997E-2,2.2945730000000002,597,86.159377000000006,0.128604,2.3432569999999999,498,2017-18,364.114705882353,243.885294117647
2017-10-01T00:00:00Z,E12000003,Yorkshire and The Humber,NA,85.179131,0.16334199999999999,2.3756439999999999,609,85.774680000000004,0.18633,2.683681,427,86.047387999999998,0.17963399999999999,2.2620939999999998,543,85.182157000000004,0.185032,2.4427880000000002,640,84.246178,-4.2050999999999998E-2,2.0616949999999998,954,85.338132000000002,-6.2719999999999998E-3,2.1952379999999998,835,85.559811999999994,0.19775000000000001,2.4923730000000002,651,84.425282999999993,0.187386,2.350101,598,86.308184999999995,0.172712,2.405672,499,2017-18,364.114705882353,244.885294117647
2017-11-01T00:00:00Z,E12000003,Yorkshire and The Humber,NA,85.320403,0.165853,2.3950610000000001,610,85.954588999999999,0.20974599999999999,2.7732890000000001,428,86.188350999999997,0.16381999999999999,2.2687460000000002,543,85.341481999999999,0.18704100000000001,2.4200529999999998,641,84.308583999999996,7.4075000000000002E-2,2.1368390000000002,955,85.464162000000002,0.14768300000000001,2.2403240000000002,836,85.715812,0.18232899999999999,2.5145719999999998,652,84.535552999999993,0.13061300000000001,2.3355350000000001,599,86.519706999999997,0.24507799999999999,2.4946470000000001,500,2017-18,364.114705882353,245.885294117647
2017-12-01T00:00:00Z,E12000003,Yorkshire and The Humber,NA,85.45595,0.15886900000000001,2.1907480000000001,611,86.115069000000005,0.18670400000000001,2.643605,429,86.301016000000004,0.13072,2.0433020000000002,544,85.432321000000002,0.10644099999999999,2.1802060000000001,642,84.537138999999996,0.27109299999999997,1.9124099999999999,958,85.646949000000006,0.21387600000000001,2.0302099999999998,838,85.831209000000001,0.134627,2.2920419999999999,653,84.666056999999995,0.15437799999999999,2.1310210000000001,600,86.662283000000002,0.16478999999999999,2.3138399999999999,501,2017-18,364.114705882353,246.885294117647
2018-01-01T00:00:00Z,E12000003,Yorkshire and The Humber,NA,85.523774,7.9366999999999993E-2,2.1120160000000001,612,86.200641000000005,9.9368999999999999E-2,2.6053229999999998,429,86.426927000000006,0.145898,2.057048,545,85.496898999999999,7.5590000000000004E-2,2.0715599999999998,643,84.514324000000002,-2.6988000000000002E-2,1.7603439999999999,957,85.754085000000003,0.12508900000000001,2.076441,839,85.891955999999993,7.0775000000000005E-2,2.1825329999999998,653,84.706265000000002,4.7489999999999997E-2,1.9906900000000001,600,86.783389,0.13974500000000001,2.34884,501,2017-18,364.114705882353,247.885294117647
2018-02-01T00:00:00Z,E12000003,Yorkshire and The Humber,NA,85.43539,-0.10334400000000001,1.846767,611,86.130048000000002,-8.1893999999999995E-2,2.3851119999999999,429,86.288211000000004,-0.160501,1.775231,544,85.449385000000007,-5.5573999999999998E-2,1.832805,642,84.467338999999996,-5.5592999999999997E-2,1.5656000000000001,957,85.650874999999999,-0.120356,1.868811,838,85.863934999999998,-3.2622999999999999E-2,2.0015900000000002,653,84.615848,-0.106741,1.6799029999999999,600,86.633911999999995,-0.17224100000000001,2.0525739999999999,501,2017-18,364.114705882353,246.885294117647
2018-03-01T00:00:00Z,E12000003,Yorkshire and The Humber,NA,85.561414,0.147508,1.730928,612,86.258296000000001,0.1489,2.2414909999999999,430,86.442503000000002,0.178809,1.7406950000000001,545,85.540668999999994,0.10682800000000001,1.656012,643,84.534794000000005,7.9858999999999999E-2,1.3977090000000001,958,85.695141000000007,5.1683E-2,1.611291,838,85.991301000000007,0.14833499999999999,1.851124,654,84.753032000000005,0.16212499999999999,1.593458,601,86.780867000000001,0.169627,1.99926,501,2017-18,364.114705882353,247.885294117647
2018-04-01T00:00:00Z,E12000003,Yorkshire and The Humber,NA,85.816194,0.29777399999999998,1.47525,614,86.577654999999993,0.37023699999999998,1.9523349999999999,431,86.648775000000001,0.238624,1.3894679999999999,546,85.791160000000005,0.29283300000000001,1.4444250000000001,645,84.789601000000005,0.30142200000000002,1.1292390000000001,961,85.946055000000001,0.292798,1.296538,841,86.271184000000005,0.32547799999999999,1.642412,656,85.005128999999997,0.29744900000000002,1.3825810000000001,602,87.013005000000007,0.26749899999999999,1.6108309999999999,503,2018-19,364.114705882353,249.885294117647
2018-05-01T00:00:00Z,E12000003,Yorkshire and The Humber,NA,85.902892,0.10102700000000001,1.524691,614,86.622328999999993,5.1598999999999999E-2,1.875292,431,86.761819000000003,0.13046199999999999,1.449848,547,85.843655999999996,6.1190000000000001E-2,1.4679169999999999,645,84.910777999999993,0.14291499999999999,1.200583,962,86.051461000000003,0.122642,1.347418,842,86.349289999999996,9.0535000000000004E-2,1.639618,657,85.087221,9.6573000000000006E-2,1.463328,603,87.109826999999996,0.111273,1.6489370000000001,503,2018-19,364.114705882353,249.885294117647
2018-06-01T00:00:00Z,E12000003,Yorkshire and The Humber,NA,85.850192,-6.1348E-2,1.4892449999999999,614,86.543059999999997,-9.1510999999999995E-2,1.7111989999999999,431,86.717332999999996,-5.1274E-2,1.4122589999999999,547,85.846252000000007,3.0240000000000002E-3,1.4918819999999999,645,84.824567000000002,-0.101531,1.211268,961,85.989414999999994,-7.2103E-2,1.3340479999999999,841,86.326362000000003,-2.6551999999999999E-2,1.639974,656,85.017411999999993,-8.2044000000000006E-2,1.4162809999999999,603,87.065252999999998,-5.117E-2,1.5771740000000001,503,2018-19,364.114705882353,249.885294117647
2018-07-01T00:00:00Z,E12000003,Yorkshire and The Humber,NA,85.944451,0.109795,1.504991,615,86.682828000000001,0.16150100000000001,1.8663130000000001,432,86.816591000000003,0.11446099999999999,1.4337340000000001,547,85.925916000000001,9.2798000000000005E-2,1.479176,646,84.868469000000005,5.1756000000000003E-2,1.1516740000000001,961,86.079567999999995,0.104842,1.3695900000000001,842,86.402593999999993,8.8305999999999996E-2,1.6253280000000001,657,85.097645,9.4372999999999999E-2,1.38995,603,87.216440000000006,0.173648,1.7188129999999999,504,2018-19,364.114705882353,250.885294117647
2018-08-01T00:00:00Z,E12000003,Yorkshire and The Humber,NA,86.024963,9.3679999999999999E-2,1.2759259999999999,615,86.592177000000007,-0.104578,1.278008,431,86.872609999999995,6.4526E-2,1.246937,548,86.001469999999998,8.7928999999999993E-2,1.2253510000000001,646,85.106780000000001,0.28079999999999999,1.2190209999999999,964,86.111467000000005,3.7057E-2,1.0905499999999999,842,86.495228999999995,0.107213,1.415483,658,85.232881000000006,0.158918,1.2369749999999999,604,87.184776999999997,-3.6304000000000003E-2,1.320254,504,2018-19,364.114705882353,250.885294117647
2018-09-01T00:00:00Z,E12000003,Yorkshire and The Humber,NA,86.317712,0.34030700000000003,1.502216,617,86.916453000000004,0.37448599999999999,1.519941,433,87.100065999999998,0.26182800000000001,1.4052020000000001,549,86.299161999999995,0.34614800000000001,1.498772,649,85.393026000000006,0.33633800000000003,1.318681,967,86.367163000000005,0.29693599999999998,1.1994800000000001,845,86.806764000000001,0.36017700000000002,1.658037,660,85.553503000000006,0.37617200000000001,1.526243,606,87.411983000000006,0.26060299999999997,1.453824,505,2018-19,364.114705882353,252.885294117647
2018-10-01T00:00:00Z,E12000003,Yorkshire and The Humber,NA,86.313272,-5.1440000000000001E-3,1.3314779999999999,617,86.908652000000004,-8.9750000000000003E-3,1.322036,433,87.031293000000005,-7.8959000000000001E-2,1.143446,549,86.325028000000003,2.9973E-2,1.3416790000000001,649,85.613416999999998,0.25809100000000001,1.6229089999999999,970,86.460972999999996,0.10861899999999999,1.315755,846,86.802161999999996,-5.3020000000000003E-3,1.4520249999999999,660,85.541848000000002,-1.3623E-2,1.3225480000000001,606,87.366292999999999,-5.2269000000000003E-2,1.2259659999999999,505,2018-19,364.114705882353,252.885294117647
2018-11-01T00:00:00Z,E12000003,Yorkshire and The Humber,NA,86.520726,0.24035000000000001,1.4068419999999999,619,87.101752000000005,0.222187,1.334616,434,87.255613999999994,0.257747,1.2382919999999999,550,86.509550000000004,0.213752,1.3686990000000001,650,85.863026000000005,0.29155399999999998,1.843753,973,86.611894000000007,0.17455300000000001,1.3429390000000001,847,86.997624000000002,0.22517999999999999,1.49542,662,85.759365000000003,0.25428200000000001,1.447689,608,87.598737999999997,0.26605699999999999,1.24715,506,2018-19,364.114705882353,254.885294117647
2018-12-01T00:00:00Z,E12000003,Yorkshire and The Humber,NA,86.558347,4.3482E-2,1.2900180000000001,619,86.999949999999998,-0.11687699999999999,1.0275559999999999,433,87.295338000000001,4.5526999999999998E-2,1.152156,550,86.529881000000003,2.3501999999999999E-2,1.284713,650,86.035268000000002,0.200601,1.7721560000000001,975,86.609487000000001,-2.7780000000000001E-3,1.1238440000000001,847,87.048222999999993,5.8160999999999997E-2,1.417915,662,85.829824000000002,8.2158999999999996E-2,1.374538,608,87.568415000000002,-3.4616000000000001E-2,1.04559,506,2018-19,364.114705882353,254.885294117647
2019-01-01T00:00:00Z,E12000003,Yorkshire and The Humber,NA,86.795162,0.27359,1.4865900000000001,621,87.227793000000005,0.26188800000000001,1.1915819999999999,434,87.460863000000003,0.189614,1.196312,551,86.773617999999999,0.28167900000000001,1.4932920000000001,652,86.273651999999998,0.27707599999999999,2.0816919999999999,977,86.727401999999998,0.13614599999999999,1.1350100000000001,848,87.254468000000003,0.236933,1.5863100000000001,664,86.156846000000002,0.38101200000000002,1.7124839999999999,611,87.705624999999998,0.15668899999999999,1.0626880000000001,507,2018-19,364.114705882353,256.885294117647
2019-02-01T00:00:00Z,E12000003,Yorkshire and The Humber,NA,86.920633,0.14455999999999999,1.73844,622,87.417288999999997,0.21724299999999999,1.494532,435,87.574308000000002,0.12970899999999999,1.4904660000000001,552,86.905401999999995,0.15187100000000001,1.7039530000000001,653,86.367486999999997,0.108765,2.249565,978,86.770167999999998,4.9311000000000001E-2,1.3068090000000001,849,87.394972999999993,0.16102900000000001,1.7830980000000001,665,86.296870999999996,0.162524,1.986653,612,87.824172000000004,0.13516500000000001,1.373896,507,2018-19,364.114705882353,257.885294117647
2019-03-01T00:00:00Z,E12000003,Yorkshire and The Humber,NA,86.950701,3.4591999999999998E-2,1.6237299999999999,622,87.542897999999994,0.14368800000000001,1.48925,436,87.617124000000004,4.8891999999999998E-2,1.3588469999999999,552,86.892548000000005,-1.4791E-2,1.5803940000000001,653,86.291139999999999,-8.8398000000000004E-2,2.0776599999999998,978,86.678089,-0.106119,1.1470279999999999,848,87.382642000000004,-1.4109999999999999E-2,1.6180019999999999,664,86.348478,5.9802000000000001E-2,1.8824650000000001,612,87.921961999999994,0.111347,1.314916,508,2018-19,364.114705882353,257.885294117647
2019-04-01T00:00:00Z,E12000003,Yorkshire and The Humber,NA,87.16734,0.24915100000000001,1.5744640000000001,624,87.803729000000004,0.29794799999999999,1.4161550000000001,437,87.789233999999993,0.196434,1.3161860000000001,554,87.116172000000006,0.257357,1.544462,655,86.376733000000002,9.9191000000000001E-2,1.871847,979,86.818146999999996,0.16158500000000001,1.014697,849,87.606851000000006,0.25658300000000001,1.548219,666,86.589473999999996,0.27909600000000001,1.8638220000000001,614,88.111299000000002,0.21534700000000001,1.262219,509,2019-20,364.114705882353,259.885294117647
2019-05-01T00:00:00Z,E12000003,Yorkshire and The Humber,NA,87.232677,7.4955999999999995E-2,1.548009,624,87.968078000000006,0.18717800000000001,1.5535829999999999,438,87.860397000000006,8.1060999999999994E-2,1.2661990000000001,554,87.170078000000004,6.1878000000000002E-2,1.5451600000000001,655,86.464723000000006,0.101869,1.8300920000000001,980,86.841194000000002,2.6546E-2,0.91774500000000003,849,87.688820000000007,9.3564999999999995E-2,1.551293,667,86.652056000000002,7.2275000000000006E-2,1.8390949999999999,614,88.188817999999998,8.7978000000000001E-2,1.238656,510,2019-20,364.114705882353,259.885294117647
2019-06-01T00:00:00Z,E12000003,Yorkshire and The Humber,NA,87.360547,0.14658599999999999,1.7592909999999999,625,88.145617000000001,0.201821,1.851745,439,88.029904999999999,0.19292999999999999,1.513622,555,87.259642999999997,0.10274800000000001,1.6464209999999999,656,86.431216000000006,-3.8752000000000002E-2,1.894085,979,86.978038999999995,0.157582,1.1497040000000001,851,87.813996000000003,0.14275099999999999,1.723268,668,86.755125000000007,0.118947,2.0439500000000002,615,88.378629000000004,0.21523200000000001,1.5084960000000001,511,2019-20,364.114705882353,260.885294117647
2019-07-01T00:00:00Z,E12000003,Yorkshire and The Humber,NA,87.468901,0.124031,1.7737620000000001,626,88.382142999999999,0.26833600000000002,1.9603820000000001,440,88.141941000000003,0.12726999999999999,1.52661,556,87.380714999999995,0.13874800000000001,1.693085,657,86.339039999999997,-0.10664700000000001,1.7327650000000001,978,87.074032000000003,0.110365,1.155284,852,87.916951999999995,0.117243,1.752677,669,86.864547000000002,0.12612699999999999,2.0763219999999998,616,88.497771999999998,0.13481000000000001,1.4691399999999999,511,2019-20,364.114705882353,261.885294117647
2019-08-01T00:00:00Z,E12000003,Yorkshire and The Humber,NA,87.726848,0.29490100000000002,1.978361,628,88.611661999999995,0.25968999999999998,2.3321800000000001,441,88.345770999999999,0.23125200000000001,1.6957720000000001,557,87.573532,0.220663,1.827947,658,86.665537999999998,0.37815900000000002,1.8315330000000001,982,87.250338999999997,0.20247899999999999,1.3225560000000001,853,88.161165999999994,0.27777800000000002,1.926045,670,87.179101000000003,0.36212100000000003,2.2834150000000002,618,88.673180000000002,0.19820699999999999,1.7071829999999999,512,2019-20,364.114705882353,263.885294117647
2019-09-01T00:00:00Z,E12000003,Yorkshire and The Humber,NA,88.178311,0.51462300000000005,2.1555230000000001,631,89.081062000000003,0.52972699999999995,2.4904489999999999,444,88.760247000000007,0.46915200000000001,1.906061,560,87.965524000000002,0.44761499999999999,1.9309130000000001,661,87.307889000000003,0.74118300000000004,2.2424110000000002,989,87.711738999999994,0.52882300000000004,1.5568139999999999,858,88.570008000000001,0.46374300000000002,2.031228,674,87.646749,0.53642199999999995,2.4467110000000001,621,89.126695999999995,0.51144599999999996,1.9616450000000001,515,2019-20,364.114705882353,266.885294117647
2019-10-01T00:00:00Z,E12000003,Yorkshire and The Humber,NA,88.416407,0.27001700000000001,2.4366289999999999,632,89.342061000000001,0.29298999999999997,2.7999610000000001,445,88.945531000000003,0.20874599999999999,2.1994820000000002,561,88.222457000000006,0.29208400000000001,2.1980059999999999,663,87.553925000000007,0.281804,2.2665929999999999,992,87.912496000000004,0.228883,1.6788179999999999,860,88.790631000000005,0.24909400000000001,2.2908050000000002,675,87.917156000000006,0.30851800000000001,2.7767789999999999,623,89.323499999999996,0.22081400000000001,2.2402310000000001,516,2019-20,364.114705882353,267.885294117647
2019-11-01T00:00:00Z,E12000003,Yorkshire and The Humber,NA,88.736684,0.36223699999999998,2.561188,635,89.733013999999997,0.43759100000000001,3.020905,447,89.283733999999995,0.38023600000000002,2.3243429999999998,563,88.474079000000003,0.28521299999999999,2.2708819999999998,665,87.858356000000001,0.34770699999999999,2.323852,995,88.222855999999993,0.35303299999999999,1.8599779999999999,863,89.060004000000006,0.30337999999999998,2.3706160000000001,677,88.235303999999999,0.361873,2.8870779999999998,625,89.715524000000002,0.43888100000000002,2.4164569999999999,518,2019-20,364.114705882353,270.885294117647
2019-12-01T00:00:00Z,E12000003,Yorkshire and The Humber,NA,88.988649,0.28394599999999998,2.8077030000000001,637,90.072265999999999,0.37806899999999999,3.5314000000000001,449,89.489298000000005,0.230237,2.513261,564,88.685568000000004,0.23904,2.491263,667,87.963571999999999,0.119756,2.2412939999999999,997,88.426941999999997,0.23133000000000001,2.0984479999999999,865,89.313203000000001,0.284302,2.6019839999999999,679,88.502898000000002,0.30327300000000001,3.1143879999999999,627,89.953263000000007,0.26499299999999998,2.7234120000000002,520,2019-20,364.114705882353,272.885294117647
2020-01-01T00:00:00Z,E12000003,Yorkshire and The Humber,NA,89.040795,5.8598999999999998E-2,2.5872790000000001,637,90.145696999999998,8.1523999999999999E-2,3.3451550000000001,449,89.603537000000003,0.12765599999999999,2.4498660000000001,565,88.773650000000004,9.9320000000000006E-2,2.3048850000000001,667,87.738202000000001,-0.25620799999999999,1.6975640000000001,994,88.468766000000002,4.7298E-2,2.0078589999999998,865,89.355547999999999,4.7412000000000003E-2,2.407991,680,88.558974000000006,6.3361000000000001E-2,2.7880880000000001,628,90.012994000000006,6.6402000000000003E-2,2.6308099999999999,520,2019-20,364.114705882353,272.885294117647
2020-02-01T00:00:00Z,E12000003,Yorkshire and The Humber,NA,89.184917,0.161861,2.6050019999999998,638,90.321513999999993,0.19503599999999999,3.322254,450,89.724963000000002,0.135515,2.4558059999999999,566,88.943477000000001,0.191303,2.3451650000000002,668,87.867793000000006,0.147702,1.7371190000000001,995,88.610330000000005,0.16001599999999999,2.1207310000000001,867,89.519718999999995,0.183727,2.4311989999999999,681,88.707736999999995,0.16798099999999999,2.7936879999999999,629,90.128523999999999,0.12834799999999999,2.6238239999999999,521,2019-20,364.114705882353,273.885294117647
2020-03-01T00:00:00Z,E12000003,Yorkshire and The Humber,NA,89.25879,8.2831000000000002E-2,2.65448,638,90.446612999999999,0.13850399999999999,3.3169059999999999,451,89.811796999999999,9.6778000000000003E-2,2.504845,566,89.004126999999997,6.8190000000000001E-2,2.430104,669,87.855447999999996,-1.405E-2,1.812826,995,88.633405999999994,2.6041999999999999E-2,2.2558379999999998,867,89.594904,8.3986000000000005E-2,2.531695,681,88.782776999999996,8.4592000000000001E-2,2.819156,629,90.227422000000004,0.10972999999999999,2.622166,521,2019-20,364.114705882353,273.885294117647
2020-04-01T00:00:00Z,E12000003,Yorkshire and The Humber,NA,89.349509,0.101636,2.503425,639,90.555521999999996,0.12041200000000001,3.1340270000000001,451,89.935115999999994,0.13730800000000001,2.4443570000000001,567,89.087912000000003,9.4134999999999996E-2,2.2633450000000002,670,87.894057000000004,4.3945999999999999E-2,1.7566349999999999,996,88.767020000000002,0.15074899999999999,2.2447759999999999,868,89.687068999999994,0.102869,2.374492,682,88.846104999999994,7.1329000000000004E-2,2.6061269999999999,630,90.349070999999995,0.134825,2.5397099999999999,522,2020-21,399.8698039215687,239.1301960784313
2020-05-01T00:00:00Z,E12000003,Yorkshire and The Humber,NA,89.534905,0.20749500000000001,2.6391810000000002,640,90.766846000000001,0.23336399999999999,3.1815709999999999,452,90.127429000000006,0.213835,2.5802670000000001,568,89.320645999999996,0.261241,2.467095,671,88.018040999999997,0.14106099999999999,1.796475,997,88.932463999999996,0.18637999999999999,2.4081549999999998,870,89.896691000000004,0.23372699999999999,2.5178479999999999,684,89.017173,0.19254399999999999,2.729441,631,90.550779000000006,0.22325500000000001,2.6783000000000001,523,2020-21,399.8698039215687,240.1301960784313
2020-06-01T00:00:00Z,E12000003,Yorkshire and The Humber,NA,89.59678,6.9108000000000003E-2,2.559774,641,90.880002000000005,0.124667,3.102122,453,90.187158999999994,6.6271999999999998E-2,2.4505919999999999,569,89.354275999999999,3.7650000000000003E-2,2.4004590000000001,672,88.059244000000007,4.6811999999999999E-2,1.88361,998,89.029611000000003,0.109237,2.358724,871,89.950160999999994,5.9478999999999997E-2,2.432601,684,89.070924000000005,6.0384E-2,2.6693509999999998,631,90.618009999999998,7.4246000000000006E-2,2.533849,524,2020-21,399.8698039215687,241.1301960784313
2020-07-01T00:00:00Z,E12000003,Yorkshire and The Humber,NA,89.886655,0.32353199999999999,2.7641290000000001,643,91.198183,0.35011100000000001,3.1862089999999998,454,90.485243999999994,0.33051799999999998,2.6585559999999999,571,89.628902999999994,0.30734699999999998,2.5728659999999999,674,88.352109999999996,0.33257900000000001,2.331588,1001,89.291725,0.29441200000000001,2.5469050000000002,873,90.224954999999994,0.30549599999999999,2.6252080000000002,686,89.364734999999996,0.32986100000000002,2.87826,633,90.930700000000002,0.34506399999999998,2.7491400000000001,525,2020-21,399.8698039215687,243.1301960784313
2020-08-01T00:00:00Z,E12000003,Yorkshire and The Humber,NA,89.955926,7.7064999999999995E-2,2.5409299999999999,643,91.233963000000003,3.9232999999999997E-2,2.959317,454,90.525332000000006,4.4303000000000002E-2,2.4670800000000002,571,89.697384999999997,7.6406000000000002E-2,2.4252229999999999,674,88.554772999999997,0.22938,2.1799140000000001,1003,89.373911000000007,9.2041999999999999E-2,2.4338839999999999,874,90.231937000000002,7.7390000000000002E-3,2.3488470000000001,686,89.477540000000005,0.12623000000000001,2.6364559999999999,634,90.965733999999998,3.8529000000000001E-2,2.5853969999999999,526,2020-21,399.8698039215687,243.1301960784313
2020-09-01T00:00:00Z,E12000003,Yorkshire and The Humber,NA,90.136958,0.20124500000000001,2.2212350000000001,645,91.404089999999997,0.186473,2.6077680000000001,455,90.670896999999997,0.160801,2.1525970000000001,572,89.866204999999994,0.18820999999999999,2.160711,675,88.859155000000001,0.34372200000000003,1.7767770000000001,1007,89.512338999999997,0.154887,2.052861,876,90.380404999999996,0.16453999999999999,2.0440299999999998,687,89.688918000000001,0.236236,2.3299989999999999,636,91.141085000000004,0.19276599999999999,2.260141,527,2020-21,399.8698039215687,245.1301960784313
2020-10-01T00:00:00Z,E12000003,Yorkshire and The Humber,NA,90.338308,0.223382,2.1736930000000001,646,91.607624999999999,0.22267700000000001,2.5358320000000001,456,90.860298,0.20888799999999999,2.1527419999999999,573,90.084828000000002,0.24327599999999999,2.1109939999999998,677,89.010403999999994,0.170212,1.663521,1008,89.718012000000002,0.22977,2.0537640000000001,878,90.560561000000007,0.19933100000000001,1.9933749999999999,689,89.908495000000002,0.24482100000000001,2.265018,637,91.323690999999997,0.20035600000000001,2.2392669999999999,528,2020-21,399.8698039215687,246.1301960784313
2020-11-01T00:00:00Z,E12000003,Yorkshire and The Humber,NA,90.204428,-0.148198,1.6540440000000001,645,91.423946000000001,-0.20050699999999999,1.8844030000000001,455,90.743145999999996,-0.128937,1.6345769999999999,572,90.000630000000001,-9.3465000000000006E-2,1.7254210000000001,676,88.695414,-0.353879,0.95273600000000003,1005,89.636439999999993,-9.0919E-2,1.6022879999999999,877,90.453620000000001,-0.118088,1.5648059999999999,688,89.757176999999999,-0.16830300000000001,1.7247889999999999,636,91.168947000000003,-0.16944600000000001,1.6200349999999999,527,2020-21,399.8698039215687,245.1301960784313
2020-12-01T00:00:00Z,E12000003,Yorkshire and The Humber,NA,90.325806,0.13455800000000001,1.502615,646,91.527908999999994,0.113715,1.6160829999999999,456,90.861813999999995,0.130774,1.5337209999999999,573,90.143845999999996,0.15912799999999999,1.6443239999999999,677,88.713147000000006,1.9993E-2,0.85214299999999998,1005,89.720895999999996,9.4219999999999998E-2,1.463303,878,90.610219999999998,0.173127,1.4522109999999999,689,89.881998999999993,0.139067,1.5582560000000001,637,91.268280000000004,0.108955,1.461889,527,2020-21,399.8698039215687,246.1301960784313
2021-01-01T00:00:00Z,E12000003,Yorkshire and The Humber,NA,90.361712,3.9752000000000003E-2,1.4834959999999999,646,91.633449999999996,0.115311,1.650387,456,90.972999000000002,0.122367,1.528357,574,90.267313999999999,0.13696700000000001,1.682553,678,88.524286000000004,-0.21289,0.89594200000000002,1003,89.796435000000002,8.4194000000000005E-2,1.500721,878,90.705330000000004,0.104966,1.5105740000000001,690,89.841879000000006,-4.4637000000000003E-2,1.448644,637,91.379051000000004,0.121368,1.517622,528,2020-21,399.8698039215687,246.1301960784313
2021-02-01T00:00:00Z,E12000003,Yorkshire and The Humber,NA,90.5468,0.20483000000000001,1.5270330000000001,648,91.730141000000003,0.105519,1.5595699999999999,457,91.142005999999995,0.185778,1.5793189999999999,575,90.484217999999998,0.240291,1.73227,680,88.962968000000004,0.49554999999999999,1.2463900000000001,1008,89.899866000000003,0.11518399999999999,1.4552879999999999,879,90.832144,0.13980899999999999,1.466073,691,90.098269999999999,0.28538000000000002,1.567544,639,91.524171999999993,0.15881300000000001,1.5485089999999999,529,2020-21,399.8698039215687,248.1301960784313
2021-03-01T00:00:00Z,E12000003,Yorkshire and The Humber,NA,90.816106,0.29742200000000002,1.744721,650,92.006624000000002,0.30140800000000001,1.7247859999999999,458,91.371202999999994,0.25147199999999997,1.7363040000000001,576,90.746628999999999,0.29000700000000001,1.957776,682,89.407388999999995,0.49955699999999997,1.7664709999999999,1013,90.210576000000003,0.34561799999999998,1.779431,882,91.099951000000004,0.29483700000000002,1.6798360000000001,693,90.382731000000007,0.31572299999999998,1.8020989999999999,641,91.741992999999994,0.23799200000000001,1.678615,530,2020-21,399.8698039215687,250.1301960784313
2021-04-01T00:00:00Z,E12000003,Yorkshire and The Humber,NA,91.058697,0.267123,1.9129240000000001,651,92.186937999999998,0.19597999999999999,1.8015639999999999,459,91.603010999999995,0.25369900000000001,1.8545529999999999,578,90.997484999999998,0.27643699999999999,2.1434709999999999,684,89.704514000000003,0.33232699999999998,2.0598179999999999,1016,90.443622000000005,0.25833499999999998,1.8887670000000001,885,91.317922999999993,0.23926700000000001,1.8183830000000001,694,90.652647000000002,0.29863699999999999,2.0333380000000001,643,91.959569000000002,0.23716100000000001,1.782529,531,2021-22,399.8698039215687,251.1301960784313
2021-05-01T00:00:00Z,E12000003,Yorkshire and The Humber,NA,91.483306,0.46630199999999999,2.1761360000000001,654,92.507896000000002,0.34816000000000003,1.9181569999999999,461,91.970994000000005,0.40171600000000002,2.045509,580,91.436802,0.48277900000000001,2.3691680000000002,687,90.191704999999999,0.54310700000000001,2.4695670000000001,1022,90.860265999999996,0.46066699999999999,2.1677140000000001,889,91.755605000000003,0.479294,2.0678329999999998,698,91.125226999999995,0.52130900000000002,2.368144,646,92.280101999999999,0.34855799999999998,1.9097820000000001,533,2021-22,399.8698039215687,254.1301960784313
2021-06-01T00:00:00Z,E12000003,Yorkshire and The Humber,NA,91.632695,0.163296,2.2723080000000002,655,92.604771,0.10471999999999999,1.897853,461,92.111846,0.15314800000000001,2.1341030000000001,581,91.622370000000004,0.20294599999999999,2.5383170000000002,689,90.378803000000005,0.20744499999999999,2.63409,1024,91.085497000000004,0.247887,2.3092160000000002,891,91.900261,0.15765399999999999,2.1679789999999999,699,91.289071000000007,0.17980099999999999,2.4903149999999998,647,92.363628000000006,9.0513999999999997E-2,1.926347,534,2021-22,399.8698039215687,255.1301960784313
2021-07-01T00:00:00Z,E12000003,Yorkshire and The Humber,NA,92.048827,0.45413100000000001,2.405443,658,92.962126999999995,0.38589499999999999,1.9341889999999999,463,92.478860999999995,0.39844600000000002,2.2032509999999998,583,92.064660000000003,0.48273199999999999,2.7176019999999999,692,90.884287999999998,0.55929600000000002,2.8660079999999999,1030,91.561132999999998,0.52218600000000004,2.5415649999999999,896,92.302234999999996,0.43740200000000001,2.3023340000000001,702,91.721424999999996,0.473609,2.637159,650,92.728648000000007,0.39519900000000002,1.9772730000000001,536,2021-22,399.8698039215687,258.1301960784313
2021-08-01T00:00:00Z,E12000003,Yorkshire and The Humber,NA,92.378648,0.35831099999999999,2.6932330000000002,661,93.245896000000002,0.30525099999999999,2.2052459999999998,464,92.781058999999999,0.32677499999999998,2.491819,585,92.396465000000006,0.360404,3.009096,694,91.349526999999995,0.51190199999999997,3.155961,1035,91.853672000000003,0.31950200000000001,2.7745920000000002,898,92.583721999999995,0.30496200000000001,2.6063770000000002,704,92.090266999999997,0.40213300000000002,2.9199799999999998,653,93.048705999999996,0.34515499999999999,2.2898420000000002,538,2021-22,399.8698039215687,261.1301960784313
2021-09-01T00:00:00Z,E12000003,Yorkshire and The Humber,NA,92.663247,0.30807899999999999,2.8027229999999999,663,93.369704999999996,0.13277700000000001,2.150468,465,93.016244999999998,0.25348500000000002,2.5866600000000002,587,92.642926000000003,0.26674199999999998,3.089839,696,91.998081999999997,0.70997100000000002,3.5324749999999998,1042,92.197978000000006,0.37484099999999998,3.0003000000000002,902,92.789790999999994,0.222576,2.6658279999999999,706,92.449663999999999,0.39026699999999998,3.0781350000000001,655,93.228548000000004,0.19327800000000001,2.2903639999999998,539,2021-22,399.8698039215687,263.1301960784313
2021-10-01T00:00:00Z,E12000003,Yorkshire and The Humber,NA,93.121961,0.495033,3.0813649999999999,666,93.658489000000003,0.30929099999999998,2.238747,467,93.417081999999994,0.43093199999999998,2.8139720000000001,589,93.140223000000006,0.53678899999999996,3.3916870000000001,700,92.652330000000006,0.71115300000000004,4.0915730000000003,1050,92.644695999999996,0.48452099999999998,3.2620930000000001,906,93.260626000000002,0.50742100000000001,2.981503,709,92.966987000000003,0.55957299999999999,3.401783,659,93.565130999999994,0.36103000000000002,2.4543900000000001,541,2021-22,399.8698039215687,266.1301960784313
2021-11-01T00:00:00Z,E12000003,Yorkshire and The Humber,NA,93.436861,0.33815899999999999,3.583453,668,93.872697000000002,0.228712,2.6784569999999999,468,93.719834000000006,0.32408700000000001,3.2803450000000001,591,93.472078999999994,0.35629699999999997,3.8571390000000001,702,93.034987999999998,0.41300500000000001,4.8926699999999999,1054,92.953695999999994,0.333532,3.7007889999999999,909,93.544427999999996,0.30431000000000002,3.4170090000000002,711,93.324672000000007,0.384743,3.9746069999999998,661,93.828564999999998,0.281551,2.9172410000000002,542,2021-22,399.8698039215687,268.1301960784313
2021-12-01T00:00:00Z,E12000003,Yorkshire and The Humber,NA,93.980586,0.58191700000000002,4.0462189999999998,672,94.322413999999995,0.47907100000000002,3.0531730000000001,470,94.224400000000003,0.53837599999999997,3.7007690000000002,594,94.061032999999995,0.63008500000000001,4.3454839999999999,707,93.781495000000007,0.80239400000000005,5.7131869999999996,1062,93.635255000000001,0.73322399999999999,4.3628179999999999,916,94.081253000000004,0.57387100000000002,3.83073,715,93.864534000000006,0.57847800000000005,4.4308480000000001,665,94.311019000000002,0.51418699999999995,3.3338410000000001,545,2021-22,399.8698039215687,272.1301960784313
2022-01-01T00:00:00Z,E12000003,Yorkshire and The Humber,NA,94.653892,0.71643100000000004,4.7499979999999997,677,94.878534000000002,0.58959399999999995,3.5413739999999998,473,94.927158000000006,0.74583500000000003,4.3465189999999998,599,94.779571000000004,0.763907,4.9987729999999999,712,94.380634999999998,0.63886799999999999,6.6155290000000004,1069,94.377416999999994,0.79261000000000004,5.1015189999999997,923,94.785601,0.74865899999999996,4.49838,721,94.540574000000007,0.72022900000000001,5.2299600000000002,670,94.910559000000006,0.63570499999999996,3.864681,548,2021-22,399.8698039215687,277.1301960784313
2022-02-01T00:00:00Z,E12000003,Yorkshire and The Humber,NA,95.032963,0.40048099999999998,4.9545240000000002,680,95.182777000000002,0.32066600000000001,3.7639049999999998,474,95.278643000000002,0.37026799999999999,4.5386709999999999,601,95.155440999999996,0.39657199999999998,5.1624730000000003,715,94.885914,0.535362,6.6577659999999996,1075,94.733986999999999,0.37781199999999998,5.3772279999999997,927,95.148819000000003,0.38319999999999999,4.7523660000000003,724,94.948139999999995,0.43110199999999999,5.3828670000000001,673,95.259364000000005,0.36751,4.081099,550,2021-22,399.8698039215687,280.1301960784313
2022-03-01T00:00:00Z,E12000003,Yorkshire and The Humber,NA,95.482427,0.47295599999999999,5.1382079999999997,683,95.592528000000001,0.43048900000000001,3.8974419999999999,476,95.700688999999997,0.44296000000000002,4.7383490000000004,603,95.586513999999994,0.45301999999999998,5.3334060000000001,718,95.344497000000004,0.48330000000000001,6.6405120000000002,1080,95.257851000000002,0.55298499999999995,5.5949920000000004,932,95.549689999999998,0.42130800000000002,4.8844580000000004,727,95.416819000000004,0.493616,5.5697460000000003,676,95.676379999999995,0.43776900000000002,4.2885350000000004,553,2021-22,399.8698039215687,283.1301960784313
2022-04-01T00:00:00Z,E12000003,Yorkshire and The Humber,NA,95.89357,0.43059599999999998,5.3096220000000001,686,96.054423,0.48319099999999998,4.1952629999999997,478,96.113584000000003,0.43144500000000002,4.9240449999999996,606,95.965676000000002,0.39666899999999999,5.4597009999999999,721,95.558628999999996,0.22458700000000001,6.5259980000000004,1083,95.756102999999996,0.52305599999999997,5.8738039999999998,937,95.929456999999999,0.397455,5.049976,729,95.814229999999995,0.41649999999999998,5.6938029999999999,679,96.098678000000007,0.441382,4.50101,555,2022-23,399.8698039215687,286.1301960784313
2022-05-01T00:00:00Z,E12000003,Yorkshire and The Humber,NA,96.311534,0.43586200000000003,5.2777149999999997,689,96.470459000000005,0.43312499999999998,4.2834859999999999,481,96.483795999999998,0.385181,4.9067660000000002,608,96.357973999999999,0.40878900000000001,5.382047,724,96.150739000000002,0.61963100000000004,6.607075,1089,96.201092000000003,0.46471099999999999,5.8780650000000003,941,96.330634000000003,0.41820000000000002,4.986103,733,96.228099,0.43194900000000003,5.5998450000000002,682,96.526887000000002,0.44559300000000002,4.6020599999999998,558,2022-23,399.8698039215687,289.1301960784313
2022-06-01T00:00:00Z,E12000003,Yorkshire and The Humber,NA,96.560482,0.25848199999999999,5.3777609999999996,691,96.745706999999996,0.28531800000000002,4.4716230000000001,482,96.743774999999999,0.26945400000000003,5.0285929999999999,610,96.593074999999999,0.24398800000000001,5.4252089999999997,726,96.398938999999999,0.25813599999999998,6.6610040000000001,1092,96.513254000000003,0.32449,5.9589699999999999,944,96.572716999999997,0.25130400000000003,5.0842679999999998,734,96.457566,0.23846200000000001,5.6616790000000004,684,96.787535000000005,0.27002599999999999,4.7896640000000001,559,2022-23,399.8698039215687,291.1301960784313
2022-07-01T00:00:00Z,E12000003,Yorkshire and The Humber,NA,97.025256,0.48132999999999998,5.4062929999999998,694,97.271094000000005,0.54305999999999999,4.6351849999999999,485,97.237656000000001,0.51050399999999996,5.1458190000000004,613,97.050255000000007,0.47330499999999998,5.4153190000000002,729,96.869737000000001,0.48838500000000001,6.5857900000000003,1097,97.068498000000005,0.57530300000000001,6.0149600000000003,949,96.991540000000001,0.43368699999999999,5.080381,738,96.901145999999997,0.459872,5.6472319999999998,687,97.291739000000007,0.52093900000000004,4.9209069999999997,562,2022-23,399.8698039215687,294.1301960784313
2022-08-01T00:00:00Z,E12000003,Yorkshire and The Humber,NA,97.505397,0.494861,5.5497120000000004,697,97.677738000000005,0.41805300000000001,4.7528550000000003,487,97.677426999999994,0.45226300000000003,5.2773349999999999,616,97.510850000000005,0.47459400000000002,5.5352600000000001,733,97.379097000000002,0.52581900000000004,6.6005479999999999,1103,97.434689000000006,0.37724999999999997,6.0759860000000003,953,97.492948999999996,0.516961,5.302473,741,97.443144000000004,0.55933100000000002,5.8126420000000003,691,97.686490000000006,0.40573999999999999,4.9842550000000001,564,2022-23,399.8698039215687,297.1301960784313
2022-09-01T00:00:00Z,E12000003,Yorkshire and The Humber,NA,98.144339,0.65528900000000001,5.9150650000000002,702,98.358881999999994,0.69733800000000001,5.3434650000000001,490,98.240795000000006,0.57676400000000005,5.6168149999999999,619,98.120350999999999,0.62505999999999995,5.9124049999999997,737,98.135136000000003,0.77638799999999997,6.6708499999999997,1112,97.964540999999997,0.54380300000000004,6.2545440000000001,958,98.081084000000004,0.60325899999999999,5.7024520000000001,746,98.132728,0.70767800000000003,6.1471970000000002,696,98.333369000000005,0.66219899999999998,5.4755979999999997,568,2022-23,399.8698039215687,302.1301960784313
2022-10-01T00:00:00Z,E12000003,Yorkshire and The Humber,NA,98.493275,0.35553400000000002,5.7680420000000003,705,98.605054999999993,0.25028,5.2814920000000001,491,98.522640999999993,0.28689300000000001,5.465338,621,98.482460000000003,0.36904599999999999,5.7356930000000004,740,98.591215000000005,0.46474599999999999,6.4098610000000003,1117,98.340256999999994,0.38352199999999997,6.1477459999999997,962,98.386315999999994,0.31120399999999998,5.496092,748,98.539468999999997,0.41448099999999999,5.9940439999999997,698,98.591865999999996,0.26287899999999997,5.3724449999999999,570,2022-23,399.8698039215687,305.1301960784313
2022-11-01T00:00:00Z,E12000003,Yorkshire and The Humber,NA,98.855089,0.36734899999999998,5.7988119999999999,707,98.887325000000004,0.28626400000000002,5.3419449999999999,493,98.868823000000006,0.35137299999999999,5.4940220000000002,623,98.841288000000006,0.36435699999999999,5.7441849999999999,743,98.919015999999999,0.33248499999999998,6.3245319999999996,1121,98.719521,0.38566600000000001,6.2029009999999998,966,98.779144000000002,0.39927000000000001,5.5959669999999999,751,98.914973000000003,0.38106899999999999,5.9901650000000002,701,98.884202999999999,0.296512,5.3881649999999999,571,2022-23,399.8698039215687,307.1301960784313
2022-12-01T00:00:00Z,E12000003,Yorkshire and The Humber,NA,99.356536,0.50725500000000001,5.7202770000000003,711,99.404106999999996,0.52259599999999995,5.3875770000000003,495,99.367311999999998,0.504193,5.4581540000000004,627,99.319614999999999,0.483935,5.5906070000000003,746,99.346691000000007,0.43234899999999998,5.934215,1125,99.328792000000007,0.61717299999999997,6.0805480000000003,972,99.338803999999996,0.56657800000000003,5.5883089999999997,755,99.346147000000002,0.43590400000000001,5.8399190000000001,704,99.411544000000006,0.53329099999999996,5.4081960000000002,574,2022-23,399.8698039215687,311.1301960784313
2023-01-01T00:00:00Z,E12000003,Yorkshire and The Humber,NA,100,0.64763199999999999,5.6480600000000001,715,100,0.59946500000000003,5.3979189999999999,498,100,0.63671599999999995,5.3439310000000004,631,100,0.68504600000000004,5.507968,752,100,0.657605,5.953938,1133,100,0.67574400000000001,5.9575509999999996,978,100,0.66559699999999999,5.5012569999999998,760,100,0.65815599999999996,5.7746909999999998,709,100,0.59194000000000002,5.362355,578,2022-23,399.8698039215687,315.1301960784313
2023-02-01T00:00:00Z,E12000003,Yorkshire and The Humber,NA,100.464962,0.46496199999999999,5.71591,719,100.484427,0.484427,5.5699680000000003,501,100.456574,0.45657399999999998,5.4345140000000001,633,100.396891,0.39689099999999999,5.5083029999999997,755,100.35805000000001,0.35804999999999998,5.7670690000000002,1137,100.44490399999999,0.44490400000000002,6.0283720000000001,982,100.46934899999999,0.46934900000000002,5.5917979999999998,764,100.45587999999999,0.45588000000000001,5.8007869999999997,712,100.490174,0.490174,5.4911240000000001,581,2022-23,399.8698039215687,319.1301960784313
2023-03-01T00:00:00Z,E12000003,Yorkshire and The Humber,NA,101.22296,0.75449100000000002,6.0121359999999999,724,101.239442,0.75137500000000002,5.9072750000000003,504,101.141656,0.68196800000000002,5.6853999999999996,638,101.10904600000001,0.70933999999999997,5.7775220000000003,760,101.18137299999999,0.82038599999999995,6.1218810000000001,1146,101.188152,0.73995699999999998,6.2255250000000002,990,101.30020500000001,0.82697399999999999,6.0183499999999999,770,101.183339,0.72415799999999997,6.0435040000000004,717,101.245363,0.75150499999999998,5.8206449999999998,585,2022-23,399.8698039215687,324.1301960784313
2023-04-01T00:00:00Z,E12000003,Yorkshire and The Humber,NA,102.096097,0.86258699999999999,6.4681360000000003,730,102.03949,0.79025400000000001,6.2309130000000001,508,102.042933,0.89110400000000001,6.1691060000000002,643,101.94448800000001,0.82627799999999996,6.230156,766,101.992921,0.80207200000000001,6.7333449999999999,1155,102.08648700000001,0.88778699999999999,6.6109460000000002,999,102.200185,0.88842900000000002,6.5368120000000003,777,102.037441,0.84411400000000003,6.4950799999999997,723,102.116799,0.86071699999999995,6.2624380000000004,590,2023-24,399.8698039215687,330.1301960784313
2023-05-01T00:00:00Z,E12000003,Yorkshire and The Humber,NA,102.626383,0.51939900000000006,6.5566909999999998,734,102.67173200000001,0.61960400000000004,6.4281569999999997,511,102.629649,0.57496899999999995,6.3698290000000002,647,102.537966,0.58215799999999995,6.4135759999999999,771,102.41296800000001,0.41183900000000001,6.5129289999999997,1160,102.531835,0.43624499999999999,6.5807399999999996,1003,102.807554,0.59429399999999999,6.7236349999999998,782,102.50935699999999,0.46249299999999999,6.5274679999999998,727,102.73563,0.60600299999999996,6.4321380000000001,594,2023-24,399.8698039215687,334.1301960784313
2023-06-01T00:00:00Z,E12000003,Yorkshire and The Humber,NA,103.01935,0.38290999999999997,6.6889349999999999,737,103.076964,0.39468700000000001,6.544225,513,102.97180299999999,0.33338800000000002,6.4376519999999999,649,102.915682,0.368367,6.5456099999999999,773,102.87029200000001,0.446548,6.7130960000000002,1165,102.901233,0.36027599999999999,6.6187579999999997,1006,103.287504,0.46684300000000001,6.9530890000000003,785,102.851457,0.33372600000000002,6.6287089999999997,729,103.15818400000001,0.41130299999999997,6.5820970000000001,596,2023-24,399.8698039215687,337.1301960784313
2023-07-01T00:00:00Z,E12000003,Yorkshire and The Humber,NA,103.753047,0.71219399999999999,6.9340619999999999,742,103.808167,0.70937499999999998,6.7204680000000003,517,103.710978,0.71784199999999998,6.6572170000000002,654,103.671036,0.733954,6.822012,779,103.630492,0.73898900000000001,6.9792230000000002,1174,103.712129,0.78803400000000001,6.844271,1014,104.01629,0.70559000000000005,7.242642,791,103.554378,0.68343299999999996,6.8659990000000004,734,103.918201,0.73674899999999999,6.8109200000000003,600,2023-24,399.8698039215687,342.1301960784313
2023-08-01T00:00:00Z,E12000003,Yorkshire and The Humber,NA,104.385205,0.60929,7.0558230000000002,747,104.51692300000001,0.68275600000000003,7.0017839999999998,521,104.307941,0.57560199999999995,6.7881739999999997,658,104.308967,0.61534199999999994,6.9716519999999997,784,104.208315,0.55757999999999996,7.0130220000000003,1181,104.305115,0.57176099999999996,7.0513139999999996,1020,104.65692900000001,0.61590199999999995,7.3482029999999998,796,104.200176,0.62363100000000005,6.9343320000000004,739,104.535011,0.59355400000000003,7.0107150000000003,604,2023-24,399.8698039215687,347.1301960784313
2023-09-01T00:00:00Z,E12000003,Yorkshire and The Humber,NA,105.050835,0.63766699999999998,7.0370809999999997,751,105.211339,0.66440600000000005,6.9667899999999996,524,104.951576,0.61705299999999996,6.8309519999999999,662,104.953013,0.61744100000000002,6.9635530000000001,789,104.89384800000001,0.65784900000000002,6.8871479999999998,1188,104.996582,0.66292700000000004,7.1781490000000003,1027,105.31076,0.62473800000000002,7.3711219999999997,801,104.8617,0.63485899999999995,6.857011,743,105.206969,0.64280700000000002,6.9901,608,2023-24,399.8698039215687,351.1301960784313
2023-10-01T00:00:00Z,E12000003,Yorkshire and The Humber,NA,105.890958,0.79973000000000005,7.5108509999999997,757,106.104642,0.84905600000000003,7.605683,529,105.800988,0.80933699999999997,7.3874870000000001,667,105.749183,0.75859600000000005,7.3786969999999998,795,105.716945,0.78469500000000003,7.2275499999999999,1198,105.86430300000001,0.82642800000000005,7.6510340000000001,1035,106.15001700000001,0.796933,7.8910369999999999,807,105.66181,0.763015,7.2279059999999999,749,106.115397,0.86346699999999998,7.6309849999999999,613,2023-24,399.8698039215687,357.1301960784313
2023-11-01T00:00:00Z,E12000003,Yorkshire and The Humber,NA,106.466419,0.54344700000000001,7.6994829999999999,762,106.749624,0.607873,7.9507640000000004,532,106.463138,0.62584499999999998,7.6812040000000001,671,106.294915,0.51606300000000005,7.5410060000000003,799,106.020422,0.28706599999999999,7.1790099999999999,1201,106.38360900000001,0.490539,7.7634980000000002,1041,106.653913,0.47470200000000001,7.9720969999999998,811,106.241015,0.54816900000000002,7.4064040000000002,753,106.786252,0.63219400000000003,7.9912150000000004,617,2023-24,399.8698039215687,362.1301960784313
2023-12-01T00:00:00Z,E12000003,Yorkshire and The Humber,NA,106.982598,0.48482700000000001,7.6754509999999998,765,107.358535,0.570411,8.0021120000000003,535,107.011777,0.51533200000000001,7.6931380000000003,675,106.88136900000001,0.55172299999999996,7.6135549999999999,803,106.33768000000001,0.29924200000000001,7.0369619999999999,1205,106.906575,0.49158499999999999,7.6289899999999999,1046,107.180701,0.493923,7.8940929999999998,815,106.734155,0.46417000000000003,7.4366320000000004,756,107.335469,0.51431400000000005,7.9708300000000003,620,2023-24,399.8698039215687,365.1301960784313
2024-01-01T00:00:00Z,E12000003,Yorkshire and The Humber,NA,107.529034,0.510772,7.5290340000000002,769,108.04929,0.64341000000000004,8.0492899999999992,538,107.512175,0.467611,7.512175,678,107.401364,0.48651699999999998,7.4013640000000001,807,106.90096699999999,0.52971500000000005,6.9009669999999996,1211,107.40020199999999,0.46173700000000001,7.4002020000000002,1050,107.755229,0.53603699999999999,7.7552289999999999,819,107.270585,0.50258499999999995,7.2705849999999996,760,107.90286999999999,0.52862399999999998,7.9028700000000001,623,2023-24,399.8698039215687,369.1301960784313
2024-02-01T00:00:00Z,E12000003,Yorkshire and The Humber,NA,108.353931,0.76713900000000002,7.8524580000000004,775,108.82400800000001,0.71700299999999995,8.2993760000000005,542,108.362859,0.79124399999999995,7.8703500000000002,683,108.27331700000001,0.81186400000000003,7.8452890000000002,814,107.583651,0.63861400000000001,7.1998220000000002,1219,108.1242,0.67411200000000004,7.6452819999999999,1058,108.59599,0.78025,8.0886770000000006,826,108.152511,0.82215099999999997,7.6617030000000002,767,108.651954,0.69422099999999998,8.1219680000000007,628,2023-24,399.8698039215687,375.1301960784313
2024-03-01T00:00:00Z,E12000003,Yorkshire and The Humber,NA,109.063454,0.65481999999999996,7.7457659999999997,780,109.620288,0.73171399999999998,8.2782420000000005,546,109.108755,0.68833200000000005,7.8771690000000003,688,108.99686199999999,0.66825699999999999,7.8012959999999998,819,108.122585,0.50094399999999994,6.8601669999999997,1225,108.819215,0.64279299999999995,7.5414580000000004,1064,109.387818,0.72914999999999996,7.9838069999999997,832,108.80107599999999,0.59967599999999999,7.5286479999999996,771,109.41098700000001,0.69859099999999996,8.0651829999999993,632,2023-24,399.8698039215687,380.1301960784313
2024-04-01T00:00:00Z,E12000003,Yorkshire and The Humber,NA,109.738063,0.61854799999999999,7.4850719999999997,785,110.457026,0.76330600000000004,8.2492920000000005,550,109.830067,0.66109499999999999,7.6312329999999999,693,109.647575,0.597001,7.5561579999999999,824,108.565917,0.41002699999999997,6.4445600000000001,1230,109.42912200000001,0.560477,7.1925619999999997,1070,110.067943,0.62175599999999998,7.6983790000000001,837,109.45329700000001,0.59946200000000005,7.267779,776,110.16131,0.68578399999999995,7.8777549999999996,636,2024-25,474.5764705882353,310.4235294117647
2024-05-01T00:00:00Z,E12000003,Yorkshire and The Humber,NA,110.439705,0.639378,7.6133660000000001,790,111.135732,0.614452,8.2437489999999993,554,110.516834,0.62529999999999997,7.6850949999999996,697,110.29958600000001,0.59464300000000003,7.5695079999999999,829,109.291083,0.66795000000000004,6.7160580000000003,1238,110.077989,0.59295699999999996,7.3598160000000004,1077,110.713444,0.58645700000000001,7.6899899999999999,842,110.213211,0.69428199999999995,7.515269,781,110.82997899999999,0.60699099999999995,7.8788140000000002,640,2024-25,474.5764705882353,315.4235294117647
2024-06-01T00:00:00Z,E12000003,Yorkshire and The Humber,NA,110.972807,0.482709,7.7203530000000002,794,111.870589,0.66122499999999995,8.5311249999999994,557,111.109934,0.53666000000000003,7.9032609999999996,701,110.838234,0.48835000000000001,7.6981000000000002,833,109.457761,0.15250900000000001,6.4036660000000003,1240,110.571819,0.44861800000000002,7.4543189999999999,1082,111.30189300000001,0.53150600000000003,7.7593030000000001,846,110.660021,0.40540500000000002,7.592079,784,111.504636,0.60873100000000002,8.0909250000000004,644,2024-25,474.5764705882353,319.4235294117647
2024-07-01T00:00:00Z,E12000003,Yorkshire and The Humber,NA,111.030708,5.2176E-2,7.0144070000000003,794,111.974558,9.2937000000000006E-2,7.8668110000000002,558,111.153566,3.9269999999999999E-2,7.1762779999999999,701,110.919883,7.3664999999999994E-2,6.9921620000000004,834,109.242509,-0.19665299999999999,5.4154109999999998,1238,110.58604,1.2860999999999999E-2,6.6278759999999997,1082,111.41724000000001,0.103634,7.1151840000000002,847,110.71862900000001,5.2962000000000002E-2,6.9183459999999997,785,111.52783100000001,2.0802000000000001E-2,7.3227120000000001,644,2024-25,474.5764705882353,319.4235294117647
2024-08-01T00:00:00Z,E12000003,Yorkshire and The Humber,NA,111.591782,0.505332,6.9038300000000001,798,112.680511,0.63045799999999996,7.8107810000000004,561,111.786328,0.569268,7.1695279999999997,705,111.527208,0.54753499999999999,6.920058,838,109.63014,0.35483500000000001,5.2028720000000002,1242,111.0436,0.41375899999999999,6.4603590000000004,1086,111.95800800000001,0.48535400000000001,6.9762029999999999,851,111.292959,0.51873000000000002,6.806883,789,112.13952500000001,0.54846700000000004,7.2746089999999999,648,2024-25,474.5764705882353,323.4235294117647
2024-09-01T00:00:00Z,E12000003,Yorkshire and The Humber,NA,111.595368,3.2130000000000001E-3,6.2298720000000003,798,112.727783,4.1952000000000003E-2,7.144139,561,111.796115,8.7559999999999999E-3,6.5216159999999999,705,111.530118,2.6090000000000002E-3,6.2667140000000003,838,109.35775099999999,-0.24846199999999999,4.2556390000000004,1239,111.02043999999999,-2.0857000000000001E-2,5.7371939999999997,1086,111.955125,-2.575E-3,6.3092930000000003,851,111.32714900000001,3.0720000000000001E-2,6.165692,789,112.102242,-3.3246999999999999E-2,6.5540070000000004,648,2024-25,474.5764705882353,323.4235294117647
2024-10-01T00:00:00Z,E12000003,Yorkshire and The Humber,NA,112.135872,0.48434199999999999,5.8974950000000002,802,113.28529899999999,0.49456800000000001,6.7675229999999997,564,112.36434199999999,0.50827,6.2034900000000004,709,112.062325,0.47718699999999997,5.9699210000000003,842,109.90566,0.50102400000000002,3.9621979999999999,1245,111.50724,0.43847799999999998,5.330349,1091,112.542126,0.52431799999999995,6.0217689999999999,856,111.85629900000001,0.47531099999999998,5.8625619999999996,793,112.649017,0.48774600000000001,6.157089,651,2024-25,474.5764705882353,327.4235294117647
2024-11-01T00:00:00Z,E12000003,Yorkshire and The Humber,NA,112.478384,0.30544399999999999,5.6468170000000004,805,113.73166500000001,0.39401999999999998,6.5405769999999999,566,112.703248,0.30161399999999999,5.8612869999999999,711,112.501563,0.39195799999999997,5.8390820000000003,845,110.25783800000001,0.320436,3.9967920000000001,1249,111.85111000000001,0.30838399999999999,5.1394209999999996,1094,112.83953700000001,0.264266,5.7997160000000001,858,112.221816,0.32677400000000001,5.6294649999999997,795,112.989175,0.30196299999999998,5.8087280000000003,653,2024-25,474.5764705882353,330.4235294117647
2024-12-01T00:00:00Z,E12000003,Yorkshire and The Humber,NA,112.625053,0.13039799999999999,5.2741809999999996,806,114.053549,0.28301999999999999,6.2361269999999998,568,112.959451,0.227325,5.5579619999999998,712,112.682531,0.160859,5.4276650000000002,847,110.370825,0.102475,3.7927710000000001,1250,111.940234,7.9680000000000001E-2,4.7084650000000003,1095,112.894262,4.8497999999999999E-2,5.3307739999999999,858,112.35584299999999,0.11942999999999999,5.2670000000000003,796,113.28521000000001,0.26200299999999999,5.5431270000000001,655,2024-25,474.5764705882353,331.4235294117647
2025-01-01T00:00:00Z,E12000003,Yorkshire and The Humber,NA,113.144242,0.46098899999999998,5.2220389999999997,809,114.598348,0.47766900000000001,6.0611759999999997,571,113.531614,0.506521,5.5988439999999997,716,113.210446,0.468497,5.4087589999999999,851,110.836462,0.42188399999999998,3.6814399999999998,1256,112.501593,0.50148099999999995,4.7498889999999996,1100,113.43676600000001,0.48054200000000002,5.2726319999999998,863,112.848617,0.438583,5.1999639999999996,800,113.811424,0.46450399999999997,5.4758079999999998,658,2024-25,474.5764705882353,334.4235294117647
2025-02-01T00:00:00Z,E12000003,Yorkshire and The Humber,NA,113.608182,0.41004299999999999,4.8491559999999998,813,115.12229600000001,0.457204,5.7875909999999999,573,114.072861,0.47673700000000002,5.2693349999999999,719,113.67000400000001,0.40593299999999999,4.984318,854,111.155227,0.28759899999999999,3.3198129999999999,1259,112.810874,0.27491300000000002,4.3345289999999999,1103,113.90035,0.40867199999999998,4.8844900000000004,866,113.326335,0.42332599999999998,4.7838219999999998,803,114.337377,0.46212599999999998,5.2326920000000001,661,2024-25,474.5764705882353,338.4235294117647
2025-03-01T00:00:00Z,E12000003,Yorkshire and The Humber,NA,114.057836,0.39579399999999998,4.5793359999999996,816,115.659177,0.46635700000000002,5.5089160000000001,576,114.511471,0.38450000000000001,4.9516799999999996,722,114.13578,0.40976099999999999,4.7147399999999999,858,111.511439,0.32046400000000003,3.1342699999999999,1263,113.102772,0.25874999999999998,3.9363980000000001,1106,114.344284,0.38975700000000002,4.5310959999999998,870,113.81286900000001,0.42932199999999998,4.606382,807,114.812641,0.41566900000000001,4.9370310000000002,663,2024-25,474.5764705882353,341.4235294117647
2025-04-01T00:00:00Z,E12000003,Yorkshire and The Humber,NA,114.074339,1.4468999999999999E-2,3.9514779999999998,816,115.766695,9.2960000000000001E-2,4.8069990000000002,577,114.586068,6.5143000000000006E-2,4.3303269999999996,723,114.141059,4.6249999999999998E-3,4.098115,858,111.38966499999999,-0.10920299999999999,2.6009530000000001,1262,113.01195199999999,-8.0298999999999995E-2,3.2741099999999999,1105,114.31940299999999,-2.1760000000000002E-2,3.8625780000000001,869,113.861317,4.2567000000000001E-2,4.0273070000000004,807,114.88376,6.1942999999999998E-2,4.2868500000000003,664,2025-26,474.5764705882353,341.4235294117647
2025-05-01T00:00:00Z,E12000003,Yorkshire and The Humber,NA,114.5421,0.410049,3.7146020000000002,819,116.34370699999999,0.49842700000000001,4.6861389999999998,580,115.202504,0.537968,4.2397790000000004,726,114.66003499999999,0.45467999999999997,3.9532780000000001,862,111.585835,0.17611099999999999,2.0996700000000001,1264,113.43246000000001,0.37209199999999998,3.0473590000000002,1109,114.79589900000001,0.41681099999999999,3.6874060000000002,873,114.290446,0.376888,3.6994069999999999,810,115.443049,0.48682999999999998,4.1622940000000002,667,2025-26,474.5764705882353,344.4235294117647
2025-06-01T00:00:00Z,E12000003,Yorkshire and The Humber,NA,114.907325,0.318857,3.54548,822,116.965909,0.53479699999999997,4.5546559999999996,583,115.665976,0.40231099999999997,4.1004820000000004,729,115.027857,0.32079299999999999,3.779944,864,111.776875,0.171205,2.1187299999999998,1266,113.729283,0.26167299999999999,2.8555769999999998,1112,115.04890399999999,0.22039500000000001,3.3665289999999999,875,114.658671,0.322183,3.6134539999999999,813,115.994309,0.47751700000000002,4.026446,670,2025-26,474.5764705882353,347.4235294117647
2025-07-01T00:00:00Z,E12000003,Yorkshire and The Humber,NA,114.966229,5.1262000000000002E-2,3.5445340000000001,822,117.245188,0.23877000000000001,4.7069890000000001,584,115.772823,9.2374999999999999E-2,4.1557440000000003,730,115.068575,3.5397999999999999E-2,3.7402600000000001,865,111.59978700000001,-0.15843099999999999,2.1578390000000001,1264,113.645366,-7.3786000000000004E-2,2.766467,1112,115.052988,3.5500000000000002E-3,3.263182,875,114.687028,2.4732000000000001E-2,3.5842200000000002,813,116.269291,0.237065,4.2513699999999996,672,2025-26,474.5764705882353,347.4235294117647
2025-08-01T00:00:00Z,E12000003,Yorkshire and The Humber,NA,115.363206,0.34529900000000002,3.379661,825,117.535088,0.24726000000000001,4.3082669999999998,585,116.15250399999999,0.32795299999999999,3.9058229999999998,732,115.45276699999999,0.33388099999999998,3.519822,868,112.03222599999999,0.38749099999999997,2.1910810000000001,1269,113.85984000000001,0.188722,2.5361570000000002,1114,115.446195,0.34176200000000001,3.115621,878,115.191157,0.43957000000000002,3.5026449999999998,816,116.565054,0.25437700000000002,3.9464489999999999,673,2025-26,474.5764705882353,350.4235294117647
2025-09-01T00:00:00Z,E12000003,Yorkshire and The Humber,NA,115.885537,0.45277099999999998,3.8443969999999998,829,118.101412,0.48183399999999998,4.7669079999999999,588,116.650645,0.42886800000000003,4.3423059999999998,736,116.001464,0.47525699999999999,4.009093,872,112.56267699999999,0.47348099999999999,2.9306800000000002,1275,114.354293,0.43426399999999998,3.0029180000000002,1119,115.970332,0.45401000000000002,3.586443,882,115.75155700000001,0.48649500000000001,3.97424,820,117.02647899999999,0.39585199999999998,4.3926299999999996,676,2025-26,474.5764705882353,354.4235294117647
2025-10-01T00:00:00Z,E12000003,Yorkshire and The Humber,NA,116.44792,0.485292,3.8453789999999999,833,118.604304,0.425813,4.6952290000000003,591,117.20473699999999,0.47500100000000001,4.3077680000000003,739,116.626459,0.53878199999999998,4.0728530000000003,876,112.98859400000001,0.37838300000000002,2.8050730000000001,1280,114.860624,0.442774,3.007323,1123,116.570775,0.51775599999999999,3.5796809999999999,886,116.355357,0.52163400000000004,4.0221770000000001,825,117.48818,0.39452700000000002,4.2957879999999999,679,2025-26,474.5764705882353,358.4235294117647
2025-11-01T00:00:00Z,E12000003,Yorkshire and The Humber,NA,117.109357,0.56801100000000004,4.1172120000000003,838,119.277551,0.56764199999999998,4.87629,594,117.86467,0.56306,4.5796570000000001,743,117.31726500000001,0.59232300000000004,4.2805650000000002,882,113.84657799999999,0.75935399999999997,3.2548620000000001,1290,115.594818,0.63920399999999999,3.347045,1131,117.272507,0.60197900000000004,3.9285610000000002,892,117.002999,0.55660699999999996,4.2604749999999996,829,118.081185,0.50473599999999996,4.5066360000000003,682,2025-26,474.5764705882353,363.4235294117647
2025-12-01T00:00:00Z,E12000003,Yorkshire and The Humber,NA,117.626529,0.44161400000000001,4.4408200000000004,841,119.80267600000001,0.44025399999999998,5.0407260000000003,597,118.370069,0.42879600000000001,4.7898759999999996,746,117.893315,0.49101899999999998,4.6243049999999997,886,114.135532,0.25380999999999998,3.4109630000000002,1293,116.039102,0.38434600000000002,3.6616569999999999,1135,117.789642,0.440969,4.336252,896,117.59648300000001,0.507239,4.6643239999999997,833,118.490376,0.34653299999999998,4.5947440000000004,685,2025-26,474.5764705882353,366.4235294117647
2026-01-01T00:00:00Z,E12000003,Yorkshire and The Humber,NA,117.901395,0.233677,4.2045029999999999,843,120.152923,0.292354,4.8469939999999996,598,118.741981,0.31419399999999997,4.589353,749,118.158686,0.22509399999999999,4.3708340000000003,888,114.402534,0.233933,3.2174170000000002,1296,116.18043900000001,0.12180100000000001,3.2700390000000001,1136,118.06845,0.23669999999999999,4.0830539999999997,898,117.891749,0.25108399999999997,4.4689360000000002,836,118.796144,0.25805400000000001,4.3798060000000003,686,2025-26,474.5764705882353,368.4235294117647
2026-02-01T00:00:00Z,E12000003,Yorkshire and The Humber,NA,118.542481,0.54374800000000001,4.3432599999999999,848,120.84738299999999,0.57798000000000005,4.9730480000000004,602,119.442792,0.59019699999999997,4.7074569999999998,753,118.861615,0.59490200000000004,4.5672649999999999,893,114.918195,0.450743,3.3853270000000002,1302,116.83081300000001,0.55979599999999996,3.5634320000000002,1143,118.77090099999999,0.59495200000000004,4.2761509999999996,903,118.493932,0.51079300000000005,4.5599259999999999,840,119.430409,0.53391,4.4543889999999999,690,2025-26,474.5764705882353,373.4235294117647
2026-03-01T00:00:00Z,E12000003,Yorkshire and The Humber,NA,119.076368,0.450376,4.3999879999999996,852,121.352011,0.417574,4.9220769999999998,604,120.000365,0.466812,4.7933130000000004,757,119.409342,0.46081100000000003,4.6204280000000004,897,115.17839600000001,0.22642300000000001,3.2884139999999999,1305,117.270239,0.37612200000000001,3.6846730000000001,1147,119.306034,0.45055899999999999,4.3393069999999998,907,119.06408500000001,0.48116599999999998,4.6139029999999996,844,119.932744,0.42060900000000001,4.4595289999999999,693,2025-26,474.5764705882353,377.4235294117647
2026-04-01T00:00:00Z,E12000003,Yorkshire and The Humber,NA,119.483913,0.34225499999999998,4.7421480000000003,855,121.81858800000001,0.38448199999999999,5.2276639999999999,607,120.444529,0.37013499999999999,5.112717,759,119.91585600000001,0.42418299999999998,5.0593510000000004,901,115.53770900000001,0.31196099999999999,3.7239040000000001,1309,117.67074700000001,0.34152500000000002,4.1223910000000004,1151,119.70322,0.33291399999999999,4.7094519999999997,910,119.47005799999999,0.34097100000000002,4.925942,847,120.36378000000001,0.35939700000000002,4.7700560000000003,695,2026-27,NA,NA
2015-01-01T00:00:00Z,E12000004,East Midlands,NA,76.557273,NA,NA,566,76.714438000000001,NA,NA,393,77.544514000000007,NA,NA,511,76.320273,NA,NA,608,76.031210999999999,NA,NA,887,76.471445000000003,NA,NA,753,76.486563000000004,NA,NA,591,76.204445000000007,NA,NA,551,77.352849000000006,NA,NA,457,2014-15,NA,NA
2015-02-01T00:00:00Z,E12000004,East Midlands,NA,76.670548,0.14796100000000001,NA,567,76.955575999999994,0.314332,NA,395,77.697987999999995,0.19791700000000001,NA,512,76.449963999999994,0.169931,NA,609,76.039012999999997,1.0262E-2,NA,887,76.548877000000005,0.101256,NA,754,76.584269000000006,0.127743,NA,591,76.308633,0.13672200000000001,NA,551,77.566530999999998,0.27624300000000002,NA,459,2014-15,NA,NA
2015-03-01T00:00:00Z,E12000004,East Midlands,NA,76.751892,0.106096,NA,568,76.931408000000005,-3.1405000000000002E-2,NA,394,77.762829999999994,8.3454E-2,NA,513,76.520921000000001,9.2814999999999995E-2,NA,609,76.262741000000005,0.29422799999999999,NA,889,76.720817999999994,0.22461600000000001,NA,756,76.658103999999994,9.6409999999999996E-2,NA,592,76.385373000000001,0.100566,NA,552,77.573244000000003,8.6549999999999995E-3,NA,459,2014-15,NA,NA
2015-04-01T00:00:00Z,E12000004,East Midlands,NA,76.812172,7.8538999999999998E-2,NA,568,77.079273999999998,0.19220499999999999,NA,395,77.820649000000003,7.4354000000000003E-2,NA,513,76.590135000000004,9.0452000000000005E-2,NA,610,76.229426000000004,-4.3685000000000002E-2,NA,889,76.779469000000006,7.6447000000000001E-2,NA,756,76.733031999999994,9.7742999999999997E-2,NA,593,76.414394999999999,3.7994E-2,NA,552,77.685644999999994,0.144897,NA,459,2015-16,367.75030303030303,200.24969696969697
2015-05-01T00:00:00Z,E12000004,East Midlands,NA,76.94986,0.179253,NA,569,77.155828,9.9320000000000006E-2,NA,396,77.973551999999998,0.19648099999999999,NA,514,76.730979000000005,0.183892,NA,611,76.266007000000002,4.7988000000000003E-2,NA,889,76.911090999999999,0.171428,NA,757,76.881065000000007,0.19291900000000001,NA,594,76.546888999999993,0.17338799999999999,NA,553,77.819875999999994,0.172787,NA,460,2015-16,367.75030303030303,201.24969696969697
2015-06-01T00:00:00Z,E12000004,East Midlands,NA,77.100959,0.19636000000000001,NA,570,77.246404999999996,0.117394,NA,396,78.129288000000003,0.19972899999999999,NA,515,76.910729000000003,0.23426,NA,613,76.339671999999993,9.6588999999999994E-2,NA,890,77.118228999999999,0.26932099999999998,NA,759,77.048644999999993,0.217973,NA,595,76.671004999999994,0.16214500000000001,NA,554,77.940905999999998,0.155527,NA,461,2015-16,367.75030303030303,202.24969696969697
2015-07-01T00:00:00Z,E12000004,East Midlands,NA,77.271772,0.22154399999999999,NA,572,77.496637000000007,0.32394000000000001,NA,397,78.285892000000004,0.20044200000000001,NA,516,77.073860999999994,0.21210599999999999,NA,614,76.577887000000004,0.31204700000000002,NA,893,77.348166000000006,0.29816199999999998,NA,762,77.214823999999993,0.21568000000000001,NA,596,76.802941000000004,0.17208000000000001,NA,555,78.158204999999995,0.27879900000000002,NA,462,2015-16,367.75030303030303,204.24969696969697
2015-08-01T00:00:00Z,E12000004,East Midlands,NA,77.459455,0.24288699999999999,NA,573,77.618999000000002,0.15789400000000001,NA,398,78.495676000000003,0.26797100000000001,NA,517,77.239182,0.21449699999999999,NA,615,76.925933000000001,0.45449899999999999,NA,897,77.591503000000003,0.31459900000000002,NA,764,77.394592000000003,0.232816,NA,598,76.961021000000002,0.20582600000000001,NA,556,78.378816999999998,0.28226299999999999,NA,463,2015-16,367.75030303030303,205.24969696969697
2015-09-01T00:00:00Z,E12000004,East Midlands,NA,77.686225,0.29276099999999999,NA,575,77.774608999999998,0.20047899999999999,NA,399,78.679267999999993,0.23388900000000001,NA,519,77.491384999999994,0.32652300000000001,NA,617,77.284941000000003,0.466694,NA,901,77.838888999999995,0.318832,NA,767,77.611428000000004,0.280169,NA,599,77.205534999999998,0.31771199999999999,NA,558,78.555752999999996,0.225745,NA,465,2015-16,367.75030303030303,207.24969696969697
2015-10-01T00:00:00Z,E12000004,East Midlands,NA,77.879696,0.24904100000000001,NA,576,77.953604999999996,0.23014799999999999,NA,400,78.864230000000006,0.23508399999999999,NA,520,77.725691999999995,0.30236400000000002,NA,619,77.431988000000004,0.19026599999999999,NA,903,77.996257,0.20217099999999999,NA,768,77.845181999999994,0.30118600000000001,NA,601,77.385643000000002,0.23328399999999999,NA,559,78.733438000000007,0.226191,NA,466,2015-16,367.75030303030303,208.24969696969697
2015-11-01T00:00:00Z,E12000004,East Midlands,NA,77.877951,-2.2399999999999998E-3,NA,576,77.916146999999995,-4.8051999999999997E-2,NA,399,78.858311,-7.5059999999999997E-3,NA,520,77.710920999999999,-1.9004E-2,NA,619,77.501938999999993,9.0338000000000002E-2,NA,904,78.030921000000006,4.4443000000000003E-2,NA,768,77.840990000000005,-5.385E-3,NA,601,77.373726000000005,-1.54E-2,NA,559,78.72296,-1.3309E-2,NA,466,2015-16,367.75030303030303,208.24969696969697
2015-12-01T00:00:00Z,E12000004,East Midlands,NA,77.88847,1.3507E-2,NA,576,77.969461999999993,6.8426000000000001E-2,NA,400,78.872058999999993,1.7434000000000002E-2,NA,520,77.726867999999996,2.0521000000000001E-2,NA,619,77.466545999999994,-4.5666999999999999E-2,NA,903,78.005917999999994,-3.2043000000000002E-2,NA,768,77.874769999999998,4.3395999999999997E-2,NA,601,77.370768999999996,-3.823E-3,NA,559,78.757198000000002,4.3491000000000002E-2,NA,466,2015-16,367.75030303030303,208.24969696969697
2016-01-01T00:00:00Z,E12000004,East Midlands,NA,78.129952,0.31003500000000001,2.0542509999999998,578,78.283569,0.40285900000000002,2.0454180000000002,401,79.158118000000002,0.36268800000000001,2.0808759999999999,522,78.036699999999996,0.39861600000000003,2.2489789999999998,621,77.654482999999999,0.24260399999999999,2.1350069999999999,906,78.268112000000002,0.336121,2.3494609999999998,771,78.119393000000002,0.31412299999999999,2.1347930000000002,603,77.575430999999995,0.26452199999999998,1.7990900000000001,561,79.065470000000005,0.39142100000000002,2.2140369999999998,468,2015-16,367.75030303030303,210.24969696969697
2016-02-01T00:00:00Z,E12000004,East Midlands,NA,78.087584,-5.4226999999999997E-2,1.8482149999999999,578,78.309168999999997,3.2702000000000002E-2,1.758928,401,79.176193999999995,2.2834E-2,1.9025019999999999,522,78.026196999999996,-1.3457999999999999E-2,2.0617839999999998,621,77.488667000000007,-0.21353,1.90646,904,78.191526999999994,-9.7850000000000006E-2,2.1458840000000001,770,78.082991000000007,-4.6598000000000001E-2,1.956958,603,77.525987000000001,-6.3737000000000002E-2,1.5953029999999999,560,79.071923999999996,8.1630000000000001E-3,1.940777,468,2015-16,367.75030303030303,210.24969696969697
2016-03-01T00:00:00Z,E12000004,East Midlands,NA,78.213064,0.160691,1.9037599999999999,579,78.438094000000007,0.164636,1.9584809999999999,402,79.220674000000002,5.6179E-2,1.8747309999999999,522,78.196258999999998,0.21795500000000001,2.1893859999999998,623,77.625018999999995,0.17596400000000001,1.7862960000000001,905,78.352119999999999,0.20538400000000001,2.1262819999999998,772,78.233395000000002,0.19262099999999999,2.0549559999999998,604,77.632507000000004,0.13739899999999999,1.6326860000000001,561,79.149225000000001,9.776E-2,2.0316040000000002,468,2015-16,367.75030303030303,211.24969696969697
2016-04-01T00:00:00Z,E12000004,East Midlands,NA,78.350802,0.17610500000000001,2.0031059999999998,580,78.530694999999994,0.11805499999999999,1.883024,403,79.378011999999998,0.19860800000000001,2.0012210000000001,523,78.329667000000001,0.17060600000000001,2.2712219999999999,624,77.779759999999996,0.19934399999999999,2.0337730000000001,907,78.531593999999998,0.22906099999999999,2.282022,773,78.381027000000003,0.18870700000000001,2.1476989999999998,605,77.736135000000004,0.13348499999999999,1.7297,562,79.302267999999998,0.193359,2.0809799999999998,469,2016-17,367.75030303030303,212.24969696969697
2016-05-01T00:00:00Z,E12000004,East Midlands,NA,78.606496,0.326345,2.152876,582,78.834384999999997,0.386716,2.1755409999999999,404,79.663580999999994,0.35975699999999999,2.1674380000000002,525,78.553877,0.28623900000000002,2.3757000000000001,626,77.972022999999993,0.24718899999999999,2.2369279999999998,909,78.784216000000001,0.32168200000000002,2.4354429999999998,776,78.645026999999999,0.336816,2.294403,607,77.978634,0.31195200000000001,1.870417,564,79.57741,0.34695399999999998,2.258464,471,2016-17,367.75030303030303,214.24969696969697
2016-06-01T00:00:00Z,E12000004,East Midlands,NA,78.840289,0.29742299999999999,2.2559119999999999,583,78.927543,0.118169,2.1763319999999999,405,79.823646999999994,0.200928,2.16866,526,78.793940000000006,0.30560300000000001,2.4485670000000002,628,78.384292000000002,0.52873999999999999,2.6783199999999998,914,79.058295000000001,0.347885,2.5157039999999999,779,78.863901999999996,0.278308,2.3559890000000001,609,78.238309000000001,0.333007,2.0441929999999999,565,79.723770999999999,0.183923,2.2874569999999999,471,2016-17,367.75030303030303,215.24969696969697
2016-07-01T00:00:00Z,E12000004,East Midlands,NA,79.160299,0.40589599999999998,2.444007,586,79.234239000000002,0.38857799999999998,2.2421639999999998,406,80.125263000000004,0.37785299999999999,2.3495560000000002,528,79.110811999999996,0.40215299999999998,2.642855,630,78.767571000000004,0.48897400000000002,2.8594200000000001,919,79.347461999999993,0.36576399999999998,2.5848,781,79.201111999999995,0.42758400000000002,2.5724179999999999,612,78.557640000000006,0.40815299999999999,2.284678,568,80.045884000000001,0.40403600000000001,2.415203,473,2016-17,367.75030303030303,218.24969696969697
2016-08-01T00:00:00Z,E12000004,East Midlands,NA,79.448731,0.36436499999999999,2.568152,588,79.549685999999994,0.398121,2.48739,408,80.358199999999997,0.29071599999999997,2.3727740000000002,530,79.410919000000007,0.37935099999999999,2.8117040000000002,632,79.159385,0.49742999999999998,2.9033799999999998,923,79.733107000000004,0.48602099999999998,2.7601019999999998,785,79.454988999999998,0.320548,2.6621980000000001,614,78.826228,0.34189900000000001,2.4235739999999999,570,80.337147000000002,0.36387000000000003,2.4985460000000002,475,2016-17,367.75030303030303,220.24969696969697
2016-09-01T00:00:00Z,E12000004,East Midlands,NA,79.593636,0.18238799999999999,2.4552749999999999,589,79.69735,0.18562400000000001,2.4721959999999998,409,80.478847000000002,0.15013599999999999,2.2872340000000002,530,79.577644000000006,0.209951,2.6922450000000002,634,79.347190999999995,0.23724999999999999,2.6683720000000002,925,79.832712999999998,0.12492399999999999,2.5614750000000002,786,79.613549000000006,0.19955899999999999,2.5796739999999998,615,78.990019000000004,0.207787,2.3113419999999998,571,80.459400000000002,0.152175,2.423308,476,2016-17,367.75030303030303,221.24969696969697
2016-10-01T00:00:00Z,E12000004,East Midlands,NA,79.860233,0.33494800000000002,2.5430730000000001,591,79.953800999999999,0.32178099999999998,2.5658799999999999,410,80.716448,0.295234,2.3486150000000001,532,79.845991999999995,0.33721499999999999,2.7279270000000002,636,79.623497,0.34822500000000001,2.8302369999999999,929,80.132174000000006,0.37511100000000003,2.7384870000000001,789,79.897847999999996,0.357099,2.636857,617,79.237649000000005,0.31349500000000002,2.3932159999999998,573,80.695436000000001,0.29336000000000001,2.491949,477,2016-17,367.75030303030303,223.24969696969697
2016-11-01T00:00:00Z,E12000004,East Midlands,NA,80.203955,0.43040499999999998,2.986729,593,80.282692999999995,0.41135300000000002,3.037299,412,81.071099000000004,0.43937999999999999,2.8060309999999999,534,80.234735999999998,0.48686699999999999,3.2476959999999999,639,79.844396000000003,0.27743000000000001,3.0224500000000001,931,80.444303000000005,0.389517,3.0928529999999999,792,80.251177999999996,0.44222600000000001,3.0962960000000002,620,79.582353999999995,0.435027,2.8544930000000002,575,81.053976000000006,0.44431300000000001,2.9610370000000001,479,2016-17,367.75030303030303,225.24969696969697
2016-12-01T00:00:00Z,E12000004,East Midlands,NA,80.390429,0.23249900000000001,3.2122320000000002,595,80.432297000000005,0.18634600000000001,3.1587179999999999,412,81.243136000000007,0.212204,3.0062319999999998,535,80.397775999999993,0.203205,3.4362740000000001,640,80.135587999999998,0.364699,3.4454129999999998,934,80.671261000000001,0.28213100000000002,3.4168470000000002,794,80.430884000000006,0.22392899999999999,3.2823389999999999,621,79.763710000000003,0.227884,3.0928230000000001,576,81.216769999999997,0.200847,3.1229809999999998,480,2016-17,367.75030303030303,227.24969696969697
2017-01-01T00:00:00Z,E12000004,East Midlands,NA,80.718078,0.40757300000000002,3.312592,597,80.755142000000006,0.40138699999999999,3.157206,414,81.552232000000004,0.38045800000000002,3.02447,538,80.740600000000001,0.42641000000000001,3.464909,643,80.436044999999993,0.37493700000000002,3.5819730000000001,938,80.966431,0.365892,3.447533,797,80.776523999999995,0.42973600000000001,3.4013719999999998,624,80.101955000000004,0.42405900000000002,3.2568609999999998,579,81.517309999999995,0.37004700000000001,3.1010249999999999,482,2016-17,367.75030303030303,229.24969696969697
2017-02-01T00:00:00Z,E12000004,East Midlands,NA,81.02536,0.38068600000000002,3.7621549999999999,599,81.021856,0.33027499999999999,3.464073,415,81.826695000000001,0.33654899999999999,3.3475990000000002,539,81.055222000000001,0.38967099999999999,3.8820619999999999,646,80.713534999999993,0.34498200000000001,4.1617290000000002,941,81.249035000000006,0.34903899999999999,3.9102809999999999,800,81.080274000000003,0.37603700000000001,3.8385859999999998,626,80.436543,0.41770299999999999,3.7542979999999999,581,81.797826000000001,0.34411799999999998,3.4473690000000001,484,2016-17,367.75030303030303,231.24969696969697
2017-03-01T00:00:00Z,E12000004,East Midlands,NA,81.043439,2.2311999999999999E-2,3.6187999999999998,600,81.050910999999999,3.5860000000000003E-2,3.3310550000000001,416,81.794578999999999,-3.9248999999999999E-2,3.2490320000000001,539,81.079796999999999,3.0318000000000001E-2,3.6875650000000002,646,80.725255000000004,1.452E-2,3.9938609999999999,941,81.283840999999995,4.2838000000000001E-2,3.7417259999999999,800,81.133409999999998,6.5534999999999996E-2,3.7068759999999998,627,80.442524000000006,7.4359999999999999E-3,3.61964,581,81.757911000000007,-4.8797E-2,3.2959079999999998,483,2016-17,367.75030303030303,232.24969696969697
2017-04-01T00:00:00Z,E12000004,East Midlands,NA,81.418663,0.46299099999999999,3.9155449999999998,602,81.544747000000001,0.60929100000000003,3.8380559999999999,418,82.202533000000003,0.49875399999999998,3.558316,542,81.384409000000005,0.37569399999999997,3.8998529999999998,648,81.087813999999995,0.449127,4.2531040000000004,946,81.646680000000003,0.44638499999999998,3.9666649999999999,804,81.494112999999999,0.444581,3.9717349999999998,629,80.791467999999995,0.43378,3.9303900000000001,584,82.235513999999995,0.58416699999999999,3.6988180000000002,486,2017-18,367.75030303030303,234.24969696969697
2017-05-01T00:00:00Z,E12000004,East Midlands,NA,81.503432,0.104115,3.685365,603,81.691078000000005,0.179449,3.6236630000000001,419,82.308876999999995,0.12936900000000001,3.3205840000000002,543,81.487538000000001,0.126718,3.734585,649,81.199355999999995,0.13755700000000001,4.1390909999999996,947,81.741579999999999,0.116234,3.753752,805,81.597976000000003,0.12744800000000001,3.7547809999999999,630,80.850915999999998,7.3581999999999995E-2,3.6834210000000001,584,82.330663000000001,0.115702,3.4598420000000001,487,2017-18,367.75030303030303,235.24969696969697
2017-06-01T00:00:00Z,E12000004,East Midlands,NA,81.697664,0.238311,3.6242570000000001,604,81.979265999999996,0.35277799999999998,3.8664860000000001,420,82.524043000000006,0.26141300000000001,3.382952,544,81.691261999999995,0.25000600000000001,3.6770870000000002,651,81.324010000000001,0.15351600000000001,3.750391,948,81.917599999999993,0.215336,3.6167039999999999,807,81.785971000000004,0.23039200000000001,3.7052040000000002,632,81.039385999999993,0.23310900000000001,3.580187,586,82.572051999999999,0.29319499999999998,3.5726870000000002,488,2017-18,367.75030303030303,236.24969696969697
2017-07-01T00:00:00Z,E12000004,East Midlands,NA,81.886817,0.23152900000000001,3.4443000000000001,606,82.078832000000006,0.12145300000000001,3.590106,421,82.712162000000006,0.22795699999999999,3.2285680000000001,545,81.899998999999994,0.255519,3.525671,652,81.546836999999996,0.27399899999999999,3.5284390000000001,951,82.112498000000002,0.23791999999999999,3.4847190000000001,809,81.984947000000005,0.24328900000000001,3.514894,633,81.242851000000002,0.25106899999999999,3.4181409999999999,587,82.702115000000006,0.15751399999999999,3.3183850000000001,489,2017-18,367.75030303030303,238.24969696969697
2017-08-01T00:00:00Z,E12000004,East Midlands,NA,82.131955,0.29936200000000002,3.3773029999999999,608,82.456703000000005,0.46037600000000001,3.6543410000000001,423,82.901583000000002,0.22901199999999999,3.1650559999999999,546,82.147763999999995,0.30252200000000001,3.446434,654,81.694092999999995,0.18057899999999999,3.202032,953,82.359587000000005,0.30091600000000002,3.2940900000000002,811,82.226685000000003,0.29485699999999998,3.4883850000000001,635,81.469534999999993,0.27901999999999999,3.3533339999999998,589,82.993284000000003,0.35206999999999999,3.306238,491,2017-18,367.75030303030303,240.24969696969697
2017-09-01T00:00:00Z,E12000004,East Midlands,NA,82.352131,0.26807500000000001,3.4657230000000001,609,82.682373999999996,0.27368399999999998,3.7454499999999999,424,83.105547000000001,0.246032,3.2638389999999999,548,82.330184000000003,0.22206300000000001,3.4589370000000002,656,82.011523999999994,0.38856000000000002,3.3578169999999998,956,82.628181999999995,0.32612400000000002,3.5016590000000001,814,82.447710000000001,0.26879900000000001,3.5598969999999999,637,81.662216000000001,0.236507,3.3829549999999999,590,83.214647999999997,0.26672400000000002,3.4243939999999999,492,2017-18,367.75030303030303,241.24969696969697
2017-10-01T00:00:00Z,E12000004,East Midlands,NA,82.574958,0.27057900000000001,3.3993449999999998,611,82.932094000000006,0.30202299999999999,3.7250169999999998,425,83.347497000000004,0.29113600000000001,3.25962,549,82.559864000000005,0.27897499999999997,3.3988839999999998,658,82.033316999999997,2.6571999999999998E-2,3.0265179999999998,957,82.732512,0.12626399999999999,3.2450600000000001,815,82.705256000000006,0.31237500000000001,3.5137459999999998,639,81.909706,0.30306499999999997,3.3722059999999998,592,83.463044999999994,0.29850300000000002,3.4296980000000001,494,2017-18,367.75030303030303,243.24969696969697
2017-11-01T00:00:00Z,E12000004,East Midlands,NA,83.007011,0.52322500000000005,3.49491,614,83.375097999999994,0.53417700000000001,3.8518949999999998,427,83.759769000000006,0.49464200000000003,3.3164340000000001,552,82.987409999999997,0.51786200000000004,3.430777,661,82.356763999999998,0.39428800000000003,3.1465800000000002,960,83.158685000000006,0.515123,3.3742380000000001,819,83.154527999999999,0.54322199999999998,3.617829,642,82.302546000000007,0.479601,3.4180839999999999,595,83.960234999999997,0.59570000000000001,3.585585,496,2017-18,367.75030303030303,246.24969696969697
2017-12-01T00:00:00Z,E12000004,East Midlands,NA,83.207927,0.24204700000000001,3.5047679999999999,616,83.604524999999995,0.27517399999999997,3.943972,429,83.935378999999998,0.20965900000000001,3.3138100000000001,553,83.133359999999996,0.17587,3.4025609999999999,662,82.639232000000007,0.34298200000000001,3.1242610000000002,964,83.379075999999998,0.26502399999999998,3.3566039999999999,821,83.336044999999999,0.21828800000000001,3.6119970000000001,644,82.505420999999998,0.246499,3.4372919999999998,596,84.167824999999993,0.247248,3.633553,498,2017-18,367.75030303030303,248.24969696969697
2018-01-01T00:00:00Z,E12000004,East Midlands,NA,83.197801,-1.2168999999999999E-2,3.0720779999999999,616,83.607276999999996,3.2919999999999998E-3,3.5318299999999998,429,83.974644999999995,4.6781999999999997E-2,2.970383,553,83.128690000000006,-5.6169999999999996E-3,2.9577309999999999,662,82.560023999999999,-9.5849000000000004E-2,2.6405799999999999,963,83.410623999999999,3.7837000000000003E-2,3.0187740000000001,821,83.314620000000005,-2.5708999999999999E-2,3.1421209999999999,643,82.468421000000006,-4.4845999999999997E-2,2.9543170000000001,596,84.189036000000002,2.5201000000000001E-2,3.277495,498,2017-18,367.75030303030303,248.24969696969697
2018-02-01T00:00:00Z,E12000004,East Midlands,NA,83.469211,0.32622200000000001,3.0161549999999999,618,83.862140999999994,0.30483500000000002,3.5055779999999999,430,84.193698999999995,0.26085700000000001,2.8927040000000002,555,83.439228,0.37356299999999998,2.9412120000000002,665,82.882510999999994,0.39061000000000001,2.687252,967,83.689580000000007,0.33443699999999998,3.0037829999999999,824,83.656698000000006,0.41058499999999998,3.1776219999999999,646,82.718236000000005,0.30292200000000002,2.8366359999999999,598,84.381283999999994,0.228353,3.1583459999999999,499,2017-18,367.75030303030303,250.24969696969697
2018-03-01T00:00:00Z,E12000004,East Midlands,NA,83.648799,0.21515599999999999,3.2147709999999998,619,84.046609000000004,0.21996599999999999,3.6960700000000002,431,84.404790000000006,0.25072,3.1911779999999998,556,83.582190999999995,0.17133799999999999,3.0863350000000001,666,82.975896000000006,0.11267099999999999,2.7880259999999999,968,83.801214999999999,0.13339200000000001,3.0970170000000001,825,83.848263000000003,0.228989,3.3461590000000001,647,82.909935000000004,0.23175000000000001,3.0672959999999998,599,84.595074999999994,0.253363,3.4702009999999999,500,2017-18,367.75030303030303,251.24969696969697
2018-04-01T00:00:00Z,E12000004,East Midlands,NA,83.850253,0.24083299999999999,2.9865270000000002,620,84.330372999999994,0.33762799999999998,3.4160710000000001,432,84.575243,0.20194699999999999,2.8864200000000002,557,83.789849000000004,0.248448,2.9556520000000002,667,83.151769999999999,0.21195800000000001,2.545334,970,83.995075999999997,0.23133400000000001,2.8762910000000002,827,84.080539999999999,0.27701999999999999,3.1737579999999999,649,83.097140999999993,0.225795,2.8538570000000001,600,84.786715000000001,0.22653799999999999,3.1023100000000001,501,2018-19,369.90515151515154,250.09484848484846
2018-05-01T00:00:00Z,E12000004,East Midlands,NA,84.120853,0.322718,3.2114250000000002,622,84.553179999999998,0.26420700000000003,3.503568,433,84.870041000000001,0.34856399999999998,3.11165,559,84.025250999999997,0.280943,3.1142349999999999,669,83.436863000000002,0.34285900000000002,2.7555730000000001,973,84.273352000000003,0.33130100000000001,3.0972879999999998,830,84.350015999999997,0.32049699999999998,3.3726820000000002,651,83.358373,0.31436900000000001,3.101334,602,85.071151,0.33547199999999999,3.3286359999999999,503,2018-19,369.90515151515154,252.09484848484846
2018-06-01T00:00:00Z,E12000004,East Midlands,NA,84.367588,0.29331000000000002,3.2680539999999998,624,84.794320999999997,0.28519499999999998,3.4338630000000001,435,85.126752999999994,0.30247600000000002,3.1538810000000002,561,84.301930999999996,0.32928200000000002,3.195776,671,83.688004000000006,0.30099500000000001,2.9068839999999998,976,84.480917000000005,0.24629899999999999,3.1291410000000002,832,84.610957999999997,0.30935600000000002,3.4541219999999999,653,83.603138000000001,0.29362899999999997,3.1635870000000001,604,85.346022000000005,0.32310699999999998,3.3594529999999998,505,2018-19,369.90515151515154,254.09484848484846
2018-07-01T00:00:00Z,E12000004,East Midlands,NA,84.609919,0.28723199999999999,3.3254459999999999,626,85.080061999999998,0.33698,3.6565210000000001,436,85.371125000000006,0.28706799999999999,3.214718,563,84.514871999999997,0.25259300000000001,3.1927629999999998,673,83.839437000000004,0.180949,2.811391,978,84.697877000000005,0.25681500000000002,3.1485810000000001,834,84.848005999999998,0.280163,3.4921769999999999,655,83.831710999999999,0.27340300000000001,3.1865700000000001,606,85.660764,0.36878300000000003,3.577477,507,2018-19,369.90515151515154,256.09484848484846
2018-08-01T00:00:00Z,E12000004,East Midlands,NA,84.835965,0.26716299999999998,3.2922739999999999,628,85.120808999999994,4.7892999999999998E-2,3.2309139999999998,436,85.569423,0.23227800000000001,3.2180810000000002,564,84.745964999999998,0.27343499999999998,3.1628379999999998,675,84.188607000000005,0.41647499999999998,3.0534810000000001,982,84.911793000000003,0.25256400000000001,3.0988570000000002,836,85.113579000000001,0.312998,3.5108959999999998,657,84.079269999999994,0.29530400000000001,3.2033269999999998,608,85.782349999999994,0.14193900000000001,3.360592,507,2018-19,369.90515151515154,258.09484848484846
2018-09-01T00:00:00Z,E12000004,East Midlands,NA,85.883244,1.234475,4.2878220000000002,635,86.206322,1.2752619999999999,4.2620300000000002,442,86.552021999999994,1.148307,4.1471070000000001,570,85.757115999999996,1.1931560000000001,4.1624249999999998,683,85.181216000000006,1.1790290000000001,3.8649339999999999,993,85.906082999999995,1.170968,3.9670489999999998,846,86.207228000000001,1.284929,4.559882,666,85.126518000000004,1.2455480000000001,4.2422329999999997,615,86.812676999999994,1.2010940000000001,4.3237930000000002,513,2018-19,369.90515151515154,265.09484848484846
2018-10-01T00:00:00Z,E12000004,East Midlands,NA,86.269388,0.44961600000000002,4.4740320000000002,638,86.630416999999994,0.491954,4.4594589999999998,444,86.895189000000002,0.39648600000000001,4.2565080000000002,573,86.172358000000003,0.484207,4.3756050000000002,686,85.786237,0.71027600000000002,4.5748740000000003,1000,86.335863000000003,0.50029000000000001,4.355423,850,86.579206999999997,0.43149399999999999,4.6840450000000002,669,85.507006000000004,0.44696799999999998,4.3917869999999999,618,87.181102999999993,0.42439300000000002,4.4547350000000003,516,2018-19,369.90515151515154,268.09484848484846
2018-11-01T00:00:00Z,E12000004,East Midlands,NA,86.855222,0.67907499999999998,4.6360080000000004,643,87.232107999999997,0.69454899999999997,4.626093,447,87.512579000000002,0.71050000000000002,4.4804449999999996,577,86.717772999999994,0.63293500000000003,4.4950939999999999,691,86.381054000000006,0.69337099999999996,4.8864109999999998,1007,86.848057999999995,0.59325899999999998,4.4365459999999999,855,87.159260000000003,0.66996699999999998,4.8160109999999996,673,86.089635000000001,0.68138200000000004,4.6014239999999997,622,87.873589999999993,0.79430900000000004,4.6609629999999997,520,2018-19,369.90515151515154,273.09484848484846
2018-12-01T00:00:00Z,E12000004,East Midlands,NA,86.829865,-2.9194999999999999E-2,4.3528770000000003,642,87.080242999999996,-0.174093,4.1573330000000004,446,87.499540999999994,-1.4899000000000001E-2,4.2463170000000003,577,86.694732999999999,-2.6568999999999999E-2,4.2839280000000004,690,86.438460000000006,6.6457000000000002E-2,4.5973649999999999,1008,86.808181000000005,-4.5915999999999998E-2,4.1126680000000002,855,87.160061999999996,9.2100000000000005E-4,4.5886709999999997,673,86.092433999999997,3.251E-3,4.3476090000000003,622,87.754523000000006,-0.13549900000000001,4.2613649999999996,519,2018-19,369.90515151515154,272.09484848484846
2019-01-01T00:00:00Z,E12000004,East Midlands,NA,87.13659,0.35324800000000001,4.7342459999999997,645,87.345425000000006,0.30452600000000002,4.4710799999999997,448,87.734361000000007,0.268368,4.4772040000000004,578,87.018287000000001,0.37321100000000001,4.6790070000000004,693,86.695609000000005,0.29749399999999998,5.0091869999999998,1011,87.057559999999995,0.28727599999999998,4.3722669999999999,857,87.469893999999996,0.35547499999999999,4.9874479999999997,675,86.465102000000002,0.43286999999999998,4.846317,625,87.968507000000002,0.24384400000000001,4.489268,520,2018-19,369.90515151515154,275.09484848484846
2019-02-01T00:00:00Z,E12000004,East Midlands,NA,87.205047,7.8563999999999995E-2,4.4757059999999997,645,87.484260000000006,0.15894900000000001,4.3191350000000002,449,87.782571000000004,5.4948999999999998E-2,4.2626379999999999,579,87.082594999999998,7.3900999999999994E-2,4.3664909999999999,694,86.712290999999993,1.9241999999999999E-2,4.6207339999999997,1011,87.060511000000005,3.3909999999999999E-3,4.0278989999999997,857,87.556460000000001,9.8965999999999998E-2,4.6616249999999999,676,86.557798000000005,0.107206,4.6417359999999999,625,88.029276999999993,6.9082000000000005E-2,4.323226,521,2018-19,369.90515151515154,275.09484848484846
2019-03-01T00:00:00Z,E12000004,East Midlands,NA,87.347498,0.163351,4.4216990000000003,646,87.740660000000005,0.29308099999999998,4.3952410000000004,450,87.950254999999999,0.191022,4.2005499999999998,580,87.181741000000002,0.113854,4.3066000000000004,694,86.719485000000006,8.2959999999999996E-3,4.5116579999999997,1011,87.092381000000003,3.6606E-2,3.9273479999999998,858,87.669145999999998,0.12870200000000001,4.556902,677,86.735185000000001,0.20493400000000001,4.6137410000000001,627,88.255526000000003,0.25701499999999999,4.327026,522,2018-19,369.90515151515154,276.09484848484846
2019-04-01T00:00:00Z,E12000004,East Midlands,NA,87.448849,0.116032,4.2916930000000004,647,87.915139999999994,0.19885900000000001,4.2508600000000003,451,88.017469000000006,7.6422000000000004E-2,4.0700159999999999,580,87.297196,0.13242999999999999,4.185886,695,86.671317000000002,-5.5544000000000003E-2,4.2326790000000001,1011,87.137923000000001,5.2290999999999997E-2,3.7417039999999999,858,87.787914999999998,0.13547400000000001,4.4093150000000003,678,86.855069,0.13821900000000001,4.5223310000000003,628,88.351782,0.109066,4.2047470000000002,522,2019-20,374.0651515151515,272.9348484848485
2019-05-01T00:00:00Z,E12000004,East Midlands,NA,87.647164,0.22677900000000001,4.1919579999999996,648,88.211931000000007,0.337588,4.327159,452,88.214313000000004,0.22364300000000001,3.9404620000000001,581,87.482799,0.21260999999999999,4.1148910000000001,697,86.883833999999993,0.245198,4.1312319999999998,1013,87.332509000000002,0.22330800000000001,3.6300400000000002,860,88.012207000000004,0.25549300000000003,4.3416610000000002,680,87.034445000000005,0.20652300000000001,4.409961,629,88.555805000000007,0.23092099999999999,4.0961639999999999,524,2019-20,374.0651515151515,273.9348484848485
2019-06-01T00:00:00Z,E12000004,East Midlands,NA,87.716017,7.8556000000000001E-2,3.9688569999999999,649,88.29616,9.5485E-2,4.1298029999999999,453,88.292591999999999,8.8736999999999996E-2,3.7189700000000001,582,87.497366,1.6652E-2,3.7904650000000002,697,86.818235999999999,-7.5500999999999999E-2,3.7403590000000002,1012,87.387151000000003,6.2567999999999999E-2,3.4401079999999999,861,88.082708999999994,8.0104999999999996E-2,4.1031930000000001,680,87.098406999999995,7.3491000000000001E-2,4.1807869999999996,629,88.646803000000006,0.102758,3.8675269999999999,524,2019-20,374.0651515151515,274.9348484848485
2019-07-01T00:00:00Z,E12000004,East Midlands,NA,87.863635,0.168291,3.8455490000000001,650,88.572004000000007,0.31240800000000002,4.1043010000000004,454,88.435440999999997,0.16178999999999999,3.5894059999999999,583,87.644013000000001,0.167601,3.702474,698,86.783844999999999,-3.9612000000000001E-2,3.5119609999999999,1012,87.508105,0.13841200000000001,3.3179449999999999,862,88.206558999999999,0.14060700000000001,3.9583170000000001,681,87.268365000000003,0.195134,4.0994679999999999,631,88.809295000000006,0.18330299999999999,3.6755810000000002,525,2019-20,374.0651515151515,275.9348484848485
2019-08-01T00:00:00Z,E12000004,East Midlands,NA,88.011304,0.16806599999999999,3.7429160000000001,651,88.723078000000001,0.170567,4.2319490000000002,455,88.555257999999995,0.135486,3.4893719999999999,584,87.759496999999996,0.13176499999999999,3.5559599999999998,699,86.970980999999995,0.21563399999999999,3.304929,1014,87.630853999999999,0.14027200000000001,3.2022189999999999,863,88.372168000000002,0.18775,3.8285179999999999,682,87.443922999999998,0.20116999999999999,4.0017639999999997,632,88.900226000000004,0.10238999999999999,3.634636,526,2019-20,374.0651515151515,276.9348484848485
2019-09-01T00:00:00Z,E12000004,East Midlands,NA,88.252863,0.27446399999999999,2.759118,653,89.006641999999999,0.319606,3.2483930000000001,456,88.776328000000007,0.249641,2.569906,585,87.949011999999996,0.215948,2.5559340000000002,700,87.384872000000001,0.47589599999999999,2.5870220000000002,1019,87.865465999999998,0.26772800000000002,2.2808440000000001,865,88.578226000000001,0.23317099999999999,2.7503470000000001,684,87.704087999999999,0.29752200000000001,3.0279289999999999,634,89.160319999999999,0.29256799999999999,2.7042630000000001,527,2019-20,374.0651515151515,278.9348484848485
2019-10-01T00:00:00Z,E12000004,East Midlands,NA,88.624933,0.421595,2.7304529999999998,656,89.400493999999995,0.442498,3.197581,458,89.113937000000007,0.38029099999999999,2.5533610000000002,587,88.362667999999999,0.47033599999999998,2.5417779999999999,704,87.757673999999994,0.42662099999999997,2.2980809999999998,1023,88.250192999999996,0.437859,2.2173060000000002,869,88.949066000000002,0.41865799999999997,2.737215,687,88.082172999999997,0.43109199999999998,3.011644,637,89.508184999999997,0.39015699999999998,2.669251,529,2019-20,374.0651515151515,281.9348484848485
2019-11-01T00:00:00Z,E12000004,East Midlands,NA,88.779396,0.174288,2.2153800000000001,657,89.655495000000002,0.28523399999999999,2.7780909999999999,460,89.303494000000001,0.21271300000000001,2.046465,589,88.468960999999993,0.120292,2.019412,705,87.874421999999996,0.13303499999999999,1.728815,1025,88.380285000000001,0.14741299999999999,1.764262,870,89.056336000000002,0.120597,2.1765629999999998,688,88.235248999999996,0.173787,2.492302,638,89.756433000000001,0.27734599999999998,2.142671,531,2019-20,374.0651515151515,282.9348484848485
2019-12-01T00:00:00Z,E12000004,East Midlands,NA,88.725917,-6.0238E-2,2.18364,656,89.675662000000003,2.2494E-2,2.9804919999999999,460,89.201363000000001,-0.11436399999999999,1.944949,588,88.395156999999998,-8.3423999999999998E-2,1.9613929999999999,704,87.651124999999993,-0.25411,1.4029229999999999,1022,88.307990000000004,-8.1799999999999998E-2,1.7277279999999999,870,89.028340999999998,-3.1434999999999998E-2,2.1435040000000001,687,88.194537999999994,-4.6138999999999999E-2,2.4416820000000001,637,89.660577000000004,-0.106795,2.1720290000000002,530,2019-20,374.0651515151515,281.9348484848485
2020-01-01T00:00:00Z,E12000004,East Midlands,NA,88.668624,-6.4572000000000004E-2,1.7581990000000001,656,89.594689000000002,-9.0296000000000001E-2,2.5751369999999998,459,89.149499000000006,-5.8141999999999999E-2,1.6129800000000001,588,88.352185000000006,-4.8613999999999997E-2,1.5328930000000001,704,87.361226000000002,-0.33074199999999998,0.76776200000000006,1019,88.226551000000001,-9.2221999999999998E-2,1.3427800000000001,869,88.988409000000004,-4.4853999999999998E-2,1.7360420000000001,687,88.164658000000003,-3.3878999999999999E-2,1.965597,637,89.547894999999997,-0.12567600000000001,1.7954019999999999,530,2019-20,374.0651515151515,281.9348484848485
2020-02-01T00:00:00Z,E12000004,East Midlands,NA,88.931131,0.29605300000000001,1.979339,658,89.917043000000007,0.359792,2.780824,461,89.394503,0.27482400000000001,1.8362780000000001,589,88.631544000000005,0.31618800000000002,1.778713,706,87.608492999999996,0.28304000000000001,1.0335350000000001,1022,88.483900000000006,0.29169200000000001,1.6349419999999999,871,89.265767999999994,0.31168000000000001,1.9522349999999999,689,88.421756000000002,0.29161100000000001,2.1534260000000001,639,89.804558999999998,0.28662100000000001,2.0166940000000002,531,2019-20,374.0651515151515,283.9348484848485
2020-03-01T00:00:00Z,E12000004,East Midlands,NA,88.995471,7.2347999999999996E-2,1.8866860000000001,658,90.027394000000001,0.122725,2.6062419999999999,462,89.474373,8.9344999999999994E-2,1.732931,590,88.684171000000006,5.9376999999999999E-2,1.72333,706,87.578621999999996,-3.4097000000000002E-2,0.99070800000000003,1021,88.511584999999997,3.1288000000000003E-2,1.6295379999999999,872,89.331531999999996,7.3672000000000001E-2,1.896204,690,88.486712999999995,7.3463000000000001E-2,2.0193979999999998,639,89.893957,9.9547999999999998E-2,1.8564639999999999,532,2019-20,374.0651515151515,283.9348484848485
2020-04-01T00:00:00Z,E12000004,East Midlands,NA,89.202244,0.23234099999999999,2.0050520000000001,660,90.248789000000002,0.24592,2.6544340000000002,463,89.708206000000004,0.26134099999999999,1.920911,591,88.889933999999997,0.232018,1.8245009999999999,708,87.757975000000002,0.204792,1.2537689999999999,1023,88.758917999999994,0.27943600000000002,1.8602639999999999,874,89.531819999999996,0.22420799999999999,1.9864980000000001,691,88.670930999999996,0.20818600000000001,2.0906799999999999,641,90.120804000000007,0.25235000000000002,2.0022489999999999,533,2020-21,429.68545454545455,230.31454545454545
2020-05-01T00:00:00Z,E12000004,East Midlands,NA,89.317469,0.12917300000000001,1.905715,661,90.411310999999998,0.18008099999999999,2.4932910000000001,464,89.826845000000006,0.13225000000000001,1.827971,592,89.041882999999999,0.17094000000000001,1.7821610000000001,709,87.829910999999996,8.1971000000000002E-2,1.0888990000000001,1024,88.846245999999994,9.8387000000000002E-2,1.733303,875,89.654644000000005,0.137184,1.866147,692,88.778837999999993,0.121694,2.0042559999999998,642,90.260966999999994,0.155527,1.9255230000000001,534,2020-21,429.68545454545455,231.31454545454545
2020-06-01T00:00:00Z,E12000004,East Midlands,NA,89.40659,9.9779999999999994E-2,1.9273260000000001,661,90.543357999999998,0.14605199999999999,2.5450699999999999,464,89.916128999999998,9.9395999999999998E-2,1.8388150000000001,593,89.112962999999993,7.9827999999999996E-2,1.8464510000000001,710,87.908332000000001,8.9287000000000005E-2,1.2556069999999999,1025,88.969200999999998,0.13839199999999999,1.8103929999999999,876,89.731179999999995,8.5367999999999999E-2,1.8715040000000001,693,88.867625000000004,0.10001,2.0312869999999998,642,90.341757999999999,8.9508000000000004E-2,1.912032,534,2020-21,429.68545454545455,231.31454545454545
2020-07-01T00:00:00Z,E12000004,East Midlands,NA,89.438508,3.5700000000000003E-2,1.7924070000000001,662,90.626183999999995,9.1476000000000002E-2,2.3192210000000002,465,89.969528999999994,5.9388999999999997E-2,1.734699,593,89.137090999999998,2.7075999999999999E-2,1.7035709999999999,710,87.92577,1.9837E-2,1.3158270000000001,1025,88.958887000000004,-1.1592999999999999E-2,1.657883,876,89.748721000000003,1.9549E-2,1.748353,693,88.907500999999996,4.4871000000000001E-2,1.878271,642,90.410522,7.6115000000000002E-2,1.802996,535,2020-21,429.68545454545455,232.31454545454545
2020-08-01T00:00:00Z,E12000004,East Midlands,NA,89.627374,0.21116799999999999,1.8362069999999999,663,90.807402999999994,0.199963,2.3492479999999998,466,90.141935000000004,0.19162699999999999,1.7917369999999999,594,89.339143000000007,0.22667599999999999,1.799971,711,88.227473000000003,0.34313399999999999,1.444726,1029,89.166600000000003,0.23349300000000001,1.7525170000000001,878,89.884951999999998,0.15179100000000001,1.7118329999999999,694,89.138321000000005,0.25961800000000002,1.9376960000000001,644,90.577136999999993,0.18428700000000001,1.8862840000000001,536,2020-21,429.68545454545455,233.31454545454545
2020-09-01T00:00:00Z,E12000004,East Midlands,NA,89.863388,0.26332899999999998,1.8248979999999999,665,91.047765999999996,0.26469500000000001,2.2932269999999999,467,90.356688000000005,0.23823800000000001,1.780159,596,89.557486999999995,0.24439900000000001,1.8288720000000001,713,88.562844999999996,0.38012200000000002,1.348028,1033,89.351123999999999,0.20694299999999999,1.6908319999999999,880,90.101097999999993,0.24046999999999999,1.719239,696,89.399351999999993,0.29283799999999999,1.932936,646,90.832509000000002,0.28193800000000002,1.8754850000000001,537,2020-21,429.68545454545455,235.31454545454545
2020-10-01T00:00:00Z,E12000004,East Midlands,NA,90.131543,0.29840299999999997,1.6999839999999999,667,91.301186000000001,0.278337,2.126042,468,90.599203000000003,0.26839800000000003,1.6667050000000001,597,89.823289000000003,0.29679499999999998,1.652984,715,88.810142999999997,0.27923500000000001,1.19929,1036,89.611124000000004,0.290987,1.5421279999999999,882,90.335237000000006,0.25986300000000001,1.5583880000000001,698,89.708094000000003,0.34535199999999999,1.8459129999999999,648,91.076605000000001,0.268733,1.752265,539,2020-21,429.68545454545455,237.31454545454545
2020-11-01T00:00:00Z,E12000004,East Midlands,NA,90.248469,0.12972800000000001,1.6547460000000001,668,91.333457999999993,3.5347000000000003E-2,1.871567,468,90.702084999999997,0.11355700000000001,1.566111,598,89.970450999999997,0.16383500000000001,1.697193,717,88.771169999999998,-4.3882999999999998E-2,1.0204880000000001,1035,89.766895000000005,0.17382900000000001,1.5689120000000001,884,90.463233000000002,0.14169000000000001,1.5797840000000001,699,89.822275000000005,0.12728100000000001,1.7986310000000001,649,91.153986000000003,8.4961999999999996E-2,1.557051,539,2020-21,429.68545454545455,238.31454545454545
2020-12-01T00:00:00Z,E12000004,East Midlands,NA,90.509008,0.28869099999999998,2.0096620000000001,670,91.579029000000006,0.26887299999999997,2.1225000000000001,470,90.948149000000001,0.27128799999999997,1.95825,599,90.234966999999997,0.29400399999999999,2.0813470000000001,719,88.925855999999996,0.17425199999999999,1.454323,1037,89.973262000000005,0.22989299999999999,1.8857550000000001,886,90.742272,0.30845499999999998,1.9251510000000001,701,90.102243000000001,0.311691,2.163065,651,91.394695999999996,0.264069,1.9340930000000001,540,2020-21,429.68545454545455,240.31454545454545
2021-01-01T00:00:00Z,E12000004,East Midlands,NA,90.648632,0.15426500000000001,2.2330420000000002,671,91.763858999999997,0.20182600000000001,2.4210919999999998,470,91.117109999999997,0.185778,2.2070910000000001,601,90.423879999999997,0.20935699999999999,2.3448150000000001,720,88.931264999999996,6.0829999999999999E-3,1.7971809999999999,1037,90.123106000000007,0.166542,2.1496420000000001,888,90.895702999999997,0.16908400000000001,2.1433059999999999,702,90.209807999999995,0.119382,2.3196940000000001,652,91.568135999999996,0.189771,2.2560449999999999,541,2020-21,429.68545454545455,241.31454545454545
2021-02-01T00:00:00Z,E12000004,East Midlands,NA,91.002732,0.39062999999999998,2.3294450000000002,673,92.07526,0.33934999999999998,2.4002309999999998,472,91.484240999999997,0.40292099999999997,2.3376570000000001,603,90.811508000000003,0.428678,2.4595799999999999,723,89.496049999999997,0.63508100000000001,2.1545369999999999,1044,90.408125999999996,0.31625599999999998,2.1746620000000001,890,91.210218999999995,0.34601900000000002,2.1782720000000002,704,90.623199999999997,0.458256,2.4897079999999998,655,91.915688000000003,0.37955499999999998,2.3508040000000001,544,2020-21,429.68545454545455,243.31454545454545
2021-03-01T00:00:00Z,E12000004,East Midlands,NA,91.230659,0.25046200000000002,2.5115759999999998,675,92.331405000000004,0.27819100000000002,2.559234,473,91.679856000000001,0.21382499999999999,2.4649329999999998,604,91.028366000000005,0.23880000000000001,2.6433080000000002,725,89.899698000000001,0.45102199999999998,2.650277,1048,90.659491000000003,0.27803499999999998,2.4266960000000002,893,91.428178000000003,0.23896300000000001,2.3470390000000001,706,90.872287,0.27486100000000002,2.6959689999999998,657,92.098279000000005,0.19864999999999999,2.4521350000000002,545,2020-21,429.68545454545455,245.31454545454545
2021-04-01T00:00:00Z,E12000004,East Midlands,NA,91.523409,0.32088899999999998,2.6021380000000001,677,92.564527999999996,0.25248399999999999,2.5659489999999998,475,91.962035,0.30778699999999998,2.5124,606,91.329763,0.33110200000000001,2.7447750000000002,727,90.259185000000002,0.39987600000000001,2.8501219999999998,1053,90.940622000000005,0.31009500000000001,2.4580109999999999,896,91.693229000000002,0.28990100000000002,2.414123,708,91.199186999999995,0.35973500000000003,2.85128,659,92.371976000000004,0.29718,2.4979490000000002,546,2021-22,429.68545454545455,247.31454545454545
2021-05-01T00:00:00Z,E12000004,East Midlands,NA,92.001137,0.52197300000000002,3.0046390000000001,681,92.942014999999998,0.40781000000000001,2.7991009999999998,477,92.38458,0.459478,2.8474059999999999,609,91.835318000000001,0.55354899999999996,3.1372149999999999,731,90.761510000000001,0.55653699999999995,3.3378139999999998,1058,91.435198,0.54384500000000002,2.9139689999999998,900,92.191045000000003,0.54291400000000001,2.8290790000000001,712,91.702837000000002,0.55225299999999999,3.293577,663,92.759780000000006,0.41982799999999998,2.7684310000000001,549,2021-22,429.68545454545455,251.31454545454545
2021-06-01T00:00:00Z,E12000004,East Midlands,NA,92.070519,7.5414999999999996E-2,2.9795669999999999,681,92.977529000000004,3.8212000000000003E-2,2.6884030000000001,477,92.448819999999998,6.9535E-2,2.8167249999999999,609,91.940473999999995,0.11450399999999999,3.1729509999999999,732,90.881377000000001,0.13206799999999999,3.381983,1060,91.582431999999997,0.161025,2.93723,902,92.252555999999998,6.6722000000000004E-2,2.8099219999999998,712,91.786838000000003,9.1601000000000002E-2,3.2848999999999999,663,92.751237000000003,-9.2090000000000002E-3,2.667071,548,2021-22,429.68545454545455,251.31454545454545
2021-07-01T00:00:00Z,E12000004,East Midlands,NA,92.316364,0.26701799999999998,3.217692,683,93.169314,0.20627100000000001,2.8061759999999998,478,92.648548000000005,0.21604200000000001,2.9776959999999999,611,92.219476,0.30346000000000001,3.4580280000000001,734,91.212269000000006,0.364093,3.7378110000000002,1064,91.874601999999996,0.31902399999999997,3.2775979999999998,905,92.490117999999995,0.25751299999999999,3.0545249999999999,714,92.045749999999998,0.28208,3.5297909999999999,665,92.947201000000007,0.21127899999999999,2.8057340000000002,550,2021-22,429.68545454545455,253.31454545454545
2021-08-01T00:00:00Z,E12000004,East Midlands,NA,92.699658,0.41519600000000001,3.4278420000000001,686,93.521017000000001,0.37748799999999999,2.988318,479,93.009955000000005,0.39008300000000001,3.18167,613,92.592321999999996,0.40430300000000002,3.6413820000000001,737,91.724348000000006,0.56141399999999997,3.963476,1070,92.217026000000004,0.37270799999999998,3.4210410000000002,908,92.831169000000003,0.36874299999999999,3.277765,717,92.472277000000005,0.46338600000000002,3.740205,668,93.336404000000002,0.41873500000000002,3.0463170000000002,552,2021-22,429.68545454545455,256.31454545454545
2021-09-01T00:00:00Z,E12000004,East Midlands,NA,93.032817,0.35939599999999999,3.5269409999999999,688,93.713735999999997,0.20607,2.9281000000000001,480,93.303895999999995,0.31603199999999998,3.2617479999999999,615,92.875608999999997,0.30595099999999997,3.7050200000000002,740,92.414213000000004,0.75210699999999997,4.3487400000000003,1078,92.585149999999999,0.39919300000000002,3.6194570000000001,912,93.094421999999994,0.283582,3.322184,719,92.878383999999997,0.439166,3.8915630000000001,671,93.596883000000005,0.27907599999999999,3.0433750000000002,553,2021-22,429.68545454545455,258.31454545454545
2021-10-01T00:00:00Z,E12000004,East Midlands,NA,93.331153,0.32067800000000002,3.5499339999999999,690,93.840422000000004,0.135184,2.781164,481,93.548948999999993,0.26263999999999998,3.2558180000000001,617,93.219178999999997,0.36992399999999998,3.7806350000000002,742,92.888240999999994,0.51293800000000001,4.5919280000000002,1083,92.895759999999996,0.33548699999999998,3.6654339999999999,915,93.421263999999994,0.35108699999999998,3.4161929999999998,721,93.214821000000001,0.362234,3.909043,674,93.774120999999994,0.189363,2.9618090000000001,555,2021-22,429.68545454545455,260.31454545454545
2021-11-01T00:00:00Z,E12000004,East Midlands,NA,93.664906,0.357601,3.78559,693,94.069349000000003,0.243954,2.9954969999999999,482,93.869307000000006,0.34244999999999998,3.4918960000000001,619,93.578906000000003,0.38589299999999999,4.0107109999999997,745,93.282071000000002,0.423983,5.081493,1088,93.231429000000006,0.36133900000000002,3.8594789999999999,918,93.733277999999999,0.33398600000000001,3.6147770000000001,724,93.586160000000007,0.39836899999999997,4.1903689999999996,676,94.063665,0.30876799999999999,3.1920480000000002,556,2021-22,429.68545454545455,263.31454545454545
2021-12-01T00:00:00Z,E12000004,East Midlands,NA,94.1886,0.559114,4.065442,697,94.506659999999997,0.46488200000000002,3.1968359999999998,485,94.354134999999999,0.51649199999999995,3.7449759999999999,622,94.165940000000006,0.62731499999999996,4.3563739999999997,750,94.012158999999997,0.782667,5.7197120000000004,1096,93.852273999999994,0.66591900000000004,4.3112940000000002,924,94.259861000000001,0.56178899999999998,3.8764620000000001,728,94.113325000000003,0.56329399999999996,4.4517009999999999,680,94.501293000000004,0.46524599999999999,3.3990999999999998,559,2021-22,429.68545454545455,267.31454545454545
2022-01-01T00:00:00Z,E12000004,East Midlands,NA,94.546452,0.37993199999999999,4.2999219999999996,699,94.764381999999998,0.272702,3.2698309999999999,486,94.743323000000004,0.41247600000000001,3.9797280000000002,624,94.589089000000001,0.44936500000000001,4.6063150000000004,753,94.285863000000006,0.29113600000000001,6.0210520000000001,1099,94.273921999999999,0.449268,4.6057180000000004,928,94.637091999999996,0.40020299999999998,4.1161349999999999,731,94.481134999999995,0.390816,4.7348809999999997,683,94.764301000000003,0.27831099999999998,3.4904769999999998,560,2021-22,429.68545454545455,269.31454545454545
2022-02-01T00:00:00Z,E12000004,East Midlands,NA,94.987559,0.46655000000000002,4.3787989999999999,703,95.138328999999999,0.39460699999999999,3.3267009999999999,488,95.151521000000002,0.43084600000000001,4.0086469999999998,627,95.033950000000004,0.47031000000000001,4.6496779999999998,757,94.838848999999996,0.58649899999999999,5.9698700000000002,1106,94.690441000000007,0.44181799999999999,4.7366489999999999,933,95.065048000000004,0.452208,4.2263130000000002,734,94.956553999999997,0.503189,4.7817270000000001,686,95.176356999999996,0.43482199999999999,3.5474559999999999,563,2021-22,429.68545454545455,273.31454545454545
2022-03-01T00:00:00Z,E12000004,East Midlands,NA,95.520006,0.56054400000000004,4.701651,707,95.644698000000005,0.53224499999999997,3.5884779999999998,490,95.671578999999994,0.54655799999999999,4.35398,631,95.547816999999995,0.54071899999999995,4.9648820000000002,761,95.389128999999997,0.58022700000000005,6.1061740000000002,1112,95.278025999999997,0.62053199999999997,5.0943750000000003,938,95.546482999999995,0.50642699999999996,4.504416,738,95.508403999999999,0.58116000000000001,5.1017939999999999,690,95.696754999999996,0.54677299999999995,3.907213,566,2021-22,429.68545454545455,277.31454545454545
2022-04-01T00:00:00Z,E12000004,East Midlands,NA,95.972628,0.47384999999999999,4.8612909999999996,710,96.132791999999995,0.51032100000000002,3.8548939999999998,493,96.121215000000007,0.46997800000000001,4.5227139999999997,634,95.983878000000004,0.45638000000000001,5.0959450000000004,764,95.704600999999997,0.33072099999999999,6.0330890000000004,1116,95.775666999999999,0.52230399999999999,5.3167049999999998,943,95.957626000000005,0.430307,4.650722,741,95.977936999999997,0.491614,5.2399040000000001,694,96.137248,0.46030100000000002,4.0762049999999999,568,2022-23,429.68545454545455,280.31454545454545
2022-05-01T00:00:00Z,E12000004,East Midlands,NA,96.275722,0.31581300000000001,4.6462310000000002,712,96.462249999999997,0.34271099999999999,3.7875610000000002,495,96.395043000000001,0.28487800000000002,4.3410520000000004,635,96.290908000000002,0.31987700000000002,4.851718,767,96.140226999999996,0.45517800000000003,5.9262090000000001,1121,96.129405000000006,0.36934,5.1339170000000003,947,96.250488000000004,0.30520000000000003,4.403295,743,96.248705999999999,0.28211599999999998,4.9571730000000001,696,96.476543000000007,0.35292800000000002,4.006869,570,2022-23,429.68545454545455,282.31454545454545
2022-06-01T00:00:00Z,E12000004,East Midlands,NA,96.695934,0.43646699999999999,5.0237740000000004,715,96.887860000000003,0.44121899999999997,4.205673,497,96.826541000000006,0.44763500000000001,4.7352920000000003,638,96.698216000000002,0.42299700000000001,5.1748079999999996,770,96.578641000000005,0.456015,6.2689019999999998,1126,96.597328000000005,0.48676399999999997,5.4758279999999999,951,96.666015000000002,0.43171399999999999,4.7841050000000003,746,96.656091000000004,0.423263,5.3049569999999999,698,96.890276,0.42884299999999997,4.4625159999999999,573,2022-23,429.68545454545455,285.31454545454545
2022-07-01T00:00:00Z,E12000004,East Midlands,NA,96.905432,0.21665699999999999,4.9710229999999997,717,97.123356999999999,0.243061,4.243932,498,97.046052000000003,0.22670499999999999,4.7464360000000001,640,96.879198000000002,0.18716099999999999,5.052861,772,96.850324000000001,0.28130699999999997,6.1812459999999998,1129,96.889311000000006,0.30226799999999998,5.4582100000000002,954,96.834524000000002,0.17432,4.6971559999999997,748,96.854254999999995,0.20501900000000001,5.224037,700,97.111930000000001,0.228768,4.480747,574,2022-23,429.68545454545455,287.31454545454545
2022-08-01T00:00:00Z,E12000004,East Midlands,NA,97.436258,0.54777799999999999,5.1096199999999996,721,97.595536999999993,0.48616599999999999,4.3567960000000001,500,97.557727,0.52725,4.8895549999999997,643,97.394515999999996,0.531918,5.1863840000000003,776,97.364997000000002,0.53141099999999997,6.1495660000000001,1135,97.330601000000001,0.45545799999999997,5.5451519999999999,959,97.402159999999995,0.58619299999999996,4.9239829999999998,752,97.429535000000001,0.59396499999999997,5.3608039999999999,704,97.578013999999996,0.47994599999999998,4.5444339999999999,577,2022-23,429.68545454545455,291.31454545454545
2022-09-01T00:00:00Z,E12000004,East Midlands,NA,97.945606,0.52275000000000005,5.2807060000000003,725,98.157533000000001,0.57584199999999996,4.7418849999999999,503,98.012180000000001,0.46582899999999999,5.0461819999999999,646,97.886837999999997,0.50549299999999997,5.3956350000000004,780,97.959643999999997,0.61073999999999995,6.0006250000000003,1142,97.759653,0.44081900000000002,5.5889119999999997,963,97.861872000000005,0.47197299999999998,5.121092,756,97.988662000000005,0.573878,5.5021170000000001,708,98.121347999999998,0.55681999999999998,4.8339910000000001,580,2022-23,429.68545454545455,295.31454545454545
2022-10-01T00:00:00Z,E12000004,East Midlands,NA,98.516117,0.58247700000000002,5.5554490000000003,729,98.633549000000002,0.48495100000000002,5.1077430000000001,506,98.533289999999994,0.53167900000000001,5.3280570000000003,649,98.485433,0.61151800000000001,5.6493250000000002,784,98.615409999999997,0.66942500000000005,6.1656560000000002,1150,98.388199999999998,0.64295199999999997,5.9124759999999998,969,98.410106999999996,0.56021299999999996,5.3401579999999997,760,98.587219000000005,0.61084400000000005,5.7634590000000001,712,98.622258000000002,0.51049999999999995,5.1700160000000004,583,2022-23,429.68545454545455,299.31454545454545
2022-11-01T00:00:00Z,E12000004,East Midlands,NA,99.457407,0.95546799999999998,6.1842810000000004,736,99.491420000000005,0.86975599999999997,5.7639089999999999,510,99.480491000000001,0.96130099999999996,5.9776550000000004,656,99.453702000000007,0.98316000000000003,6.2779069999999999,792,99.497984000000002,0.89496600000000004,6.6635660000000003,1160,99.349039000000005,0.97658,6.5617470000000004,978,99.403098999999997,1.009034,6.0488879999999998,768,99.521548999999993,0.94771899999999998,6.3421659999999997,719,99.492074000000002,0.88196699999999995,5.770994,588,2022-23,429.68545454545455,306.31454545454545
2022-12-01T00:00:00Z,E12000004,East Midlands,NA,99.714664,0.25866099999999997,5.8670200000000001,738,99.743196999999995,0.25306400000000001,5.5409179999999996,511,99.721945000000005,0.24271499999999999,5.6890039999999997,657,99.692798999999994,0.24041000000000001,5.8692760000000002,794,99.698971999999998,0.20200199999999999,6.0490190000000004,1163,99.680746999999997,0.33388099999999998,6.2102620000000002,982,99.703277999999997,0.301981,5.7749040000000003,770,99.715998999999996,0.195385,5.9531140000000002,721,99.754039000000006,0.26330199999999998,5.5583850000000004,590,2022-23,429.68545454545455,308.31454545454545
2023-01-01T00:00:00Z,E12000004,East Midlands,NA,100,0.28615200000000002,5.7681139999999997,740,100,0.25746400000000003,5.5248799999999996,513,100,0.27883000000000002,5.5483349999999998,659,100,0.30814799999999998,5.7204389999999998,796,100,0.30193599999999998,6.0604389999999997,1166,100,0.32027600000000001,6.0738719999999997,985,100,0.29760500000000001,5.6668139999999996,772,100,0.28481000000000001,5.8412350000000002,723,100,0.24656800000000001,5.5249699999999997,591,2022-23,429.68545454545455,310.31454545454545
2023-02-01T00:00:00Z,E12000004,East Midlands,NA,100.131462,0.131462,5.4153440000000002,741,100.142126,0.142126,5.2594969999999996,513,100.134259,0.13425899999999999,5.2366349999999997,660,100.08430300000001,8.4303000000000003E-2,5.3142620000000003,797,100.011611,1.1611E-2,5.4542659999999996,1166,100.113636,0.113636,5.7272879999999997,986,100.122406,0.122406,5.3198910000000001,773,100.132935,0.132935,5.4513150000000001,724,100.15406299999999,0.15406300000000001,5.2299819999999997,592,2022-23,429.68545454545455,311.31454545454545
2023-03-01T00:00:00Z,E12000004,East Midlands,NA,100.680634,0.54845100000000002,5.4026670000000001,745,100.704227,0.561303,5.2899209999999997,516,100.624467,0.48955100000000001,5.1769689999999997,663,100.59710099999999,0.51236599999999999,5.2845630000000003,801,100.579178,0.56750100000000003,5.4409229999999997,1173,100.647811,0.53356899999999996,5.6359110000000001,991,100.732378,0.60922699999999996,5.4276150000000003,778,100.62939799999999,0.49580400000000002,5.3618259999999998,727,100.734949,0.57999299999999998,5.2647500000000003,596,2022-23,429.68545454545455,315.31454545454545
2023-04-01T00:00:00Z,E12000004,East Midlands,NA,101.152249,0.46842699999999998,5.3969779999999998,748,101.095842,0.38887699999999997,5.1627029999999996,518,101.14686399999999,0.51915500000000003,5.2284499999999996,667,101.047209,0.447436,5.2751900000000003,805,100.956855,0.375502,5.4879850000000001,1177,101.166495,0.51534599999999997,5.6285990000000004,996,101.23431600000001,0.49828800000000001,5.4989790000000003,782,101.064667,0.43254700000000001,5.2998950000000002,730,101.20161,0.463256,5.2678459999999996,598,2023-24,429.68545454545455,318.31454545454545
2023-05-01T00:00:00Z,E12000004,East Midlands,NA,101.724487,0.56571899999999997,5.6595420000000001,753,101.739503,0.636683,5.470796,522,101.732243,0.57874199999999998,5.5367990000000002,671,101.65828999999999,0.60474799999999995,5.5741319999999996,810,101.432367,0.47100500000000001,5.5046049999999997,1183,101.698706,0.52607499999999996,5.7935470000000002,1002,101.88378299999999,0.64154800000000001,5.8527440000000004,787,101.570559,0.50056299999999998,5.5292729999999999,734,101.82849400000001,0.61944100000000002,5.5474110000000003,602,2023-24,429.68545454545455,323.31454545454545
2023-06-01T00:00:00Z,E12000004,East Midlands,NA,102.294295,0.56014799999999998,5.7896549999999998,757,102.32224600000001,0.57277900000000004,5.6089440000000002,525,102.24397500000001,0.50301899999999999,5.594989,674,102.21889400000001,0.551458,5.7091820000000002,814,102.057159,0.61596899999999999,5.6725979999999998,1190,102.236557,0.52886599999999995,5.837872,1007,102.521969,0.62638700000000003,6.057925,792,102.08789899999999,0.50934000000000001,5.6197270000000001,738,102.431847,0.59251900000000002,5.71943,606,2023-24,429.68545454545455,327.31454545454545
2023-07-01T00:00:00Z,E12000004,East Midlands,NA,102.852083,0.54527800000000004,6.1365499999999997,761,102.83924,0.50526099999999996,5.8851789999999999,527,102.78507,0.52921899999999999,5.9137060000000004,677,102.784122,0.55295899999999998,6.0951420000000001,819,102.684873,0.61506000000000005,6.0242950000000004,1197,102.865425,0.61511199999999999,6.1679810000000002,1013,103.072957,0.53743399999999997,6.4423649999999997,796,102.62320099999999,0.52435399999999999,5.9563170000000003,742,102.990101,0.54500000000000004,6.0529859999999998,609,2023-24,429.68545454545455,331.31454545454545
2023-08-01T00:00:00Z,E12000004,East Midlands,NA,103.535765,0.66472399999999998,6.2599970000000003,766,103.595078,0.73497000000000001,6.1473509999999996,531,103.447883,0.64485400000000004,6.0376110000000001,682,103.46464400000001,0.66208800000000001,6.2325150000000002,824,103.31909899999999,0.61764300000000005,6.1152389999999999,1205,103.501902,0.61874700000000005,6.3405560000000003,1019,103.770543,0.67678799999999995,6.5382350000000002,801,103.318944,0.67795899999999998,6.0447889999999997,747,103.66636699999999,0.65663199999999999,6.2394720000000001,613,2023-24,429.68545454545455,336.31454545454545
2023-09-01T00:00:00Z,E12000004,East Midlands,NA,104.349929,0.78635999999999995,6.5386519999999999,772,104.446935,0.82229600000000003,6.4074580000000001,535,104.24574800000001,0.77127299999999999,6.3599940000000004,687,104.27553,0.78373199999999998,6.5266099999999998,830,104.144492,0.79887699999999995,6.313669,1214,104.341842,0.81152100000000005,6.7330329999999998,1028,104.570753,0.77113500000000001,6.8554589999999997,808,104.12272400000001,0.77795999999999998,6.2599710000000002,752,104.500618,0.80474599999999996,6.5014089999999998,618,2023-24,429.68545454545455,342.31454545454545
2023-10-01T00:00:00Z,E12000004,East Midlands,NA,105.106392,0.72492999999999996,6.68954,778,105.21859600000001,0.73880699999999999,6.6762750000000004,539,104.99642299999999,0.72010099999999999,6.5593399999999997,692,105.000114,0.69487500000000002,6.6148680000000004,836,104.916669,0.741448,6.3897310000000003,1223,105.104204,0.73063800000000001,6.8260249999999996,1035,105.320741,0.71720600000000001,7.0222800000000003,813,104.857607,0.70578600000000002,6.3602439999999998,758,105.303642,0.76844000000000001,6.7747219999999997,623,2023-24,429.68545454545455,348.31454545454545
2023-11-01T00:00:00Z,E12000004,East Midlands,NA,106.321537,1.1561090000000001,6.9015769999999996,787,106.467018,1.1865030000000001,7.0112560000000004,546,106.26672600000001,1.209854,6.8216739999999998,700,106.17039,1.114547,6.7535819999999998,846,105.896356,0.93377600000000005,6.4306549999999998,1235,106.262705,1.1022400000000001,6.9589650000000001,1046,106.482246,1.102827,7.1216569999999999,822,106.092207,1.177406,6.6022460000000001,767,106.595423,1.22672,7.1396139999999999,630,2023-24,429.68545454545455,357.31454545454545
2023-12-01T00:00:00Z,E12000004,East Midlands,NA,106.887911,0.53269900000000003,7.1937730000000002,791,107.121047,0.61430200000000001,7.3968449999999999,549,106.845679,0.54481100000000005,7.1435969999999998,704,106.778763,0.57301500000000005,7.107799,850,106.300049,0.381216,6.6210079999999998,1240,106.832551,0.53626099999999999,7.174709,1052,107.065364,0.54761899999999997,7.3839959999999998,827,106.63349100000001,0.51020100000000002,6.9371939999999999,771,107.185557,0.55362,7.4498420000000003,634,2023-24,429.68545454545455,361.31454545454545
2024-01-01T00:00:00Z,E12000004,East Midlands,NA,107.513273,0.585063,7.5132729999999999,795,107.919517,0.74539100000000003,7.9195169999999999,553,107.45316,0.56855900000000004,7.4531599999999996,708,107.382034,0.56497299999999995,7.382034,855,106.88032800000001,0.54588800000000004,6.8803280000000004,1246,107.456835,0.58435700000000002,7.4568349999999999,1058,107.71972100000001,0.61117600000000005,7.7197209999999998,832,107.208309,0.53905899999999995,7.2083089999999999,775,107.871177,0.63965700000000003,7.8711770000000003,638,2023-24,429.68545454545455,365.31454545454545
2024-02-01T00:00:00Z,E12000004,East Midlands,NA,108.310457,0.741475,8.1682570000000005,801,108.668593,0.69410499999999997,8.5143649999999997,557,108.28070099999999,0.77014099999999996,8.1355190000000004,714,108.203675,0.76515699999999998,8.1125330000000009,862,107.54504799999999,0.62192899999999995,7.5325620000000004,1254,108.153989,0.64877700000000005,8.0312269999999994,1065,108.543471,0.76471599999999995,8.4107699999999994,838,108.062596,0.796848,7.9191339999999997,781,108.597143,0.67299299999999995,8.4300920000000001,642,2023-24,429.68545454545455,371.31454545454545
2024-03-01T00:00:00Z,E12000004,East Midlands,NA,108.990664,0.62801600000000002,8.2538509999999992,806,109.394025,0.66756400000000005,8.6290300000000002,561,108.987911,0.65312700000000001,8.3115410000000001,718,108.880346,0.62536800000000003,8.2340789999999995,867,108.073459,0.49134,7.4511260000000004,1260,108.803811,0.60082999999999998,8.1035050000000002,1071,109.29639899999999,0.69366499999999998,8.5017560000000003,844,108.68706400000001,0.57787599999999995,8.0072679999999998,785,109.310135,0.65654800000000002,8.5126220000000004,646,2023-24,429.68545454545455,376.31454545454545
2024-04-01T00:00:00Z,E12000004,East Midlands,NA,109.698705,0.64963499999999996,8.4491010000000006,812,110.242487,0.77560200000000001,9.0474990000000002,565,109.735507,0.685944,8.4912600000000005,723,109.558907,0.62321700000000002,8.4234860000000005,873,108.57033800000001,0.45976,7.5413230000000002,1266,109.427466,0.57319200000000003,8.165718,1078,110.02626600000001,0.66778599999999999,8.6847530000000006,850,109.385942,0.64301900000000001,8.2336150000000004,790,110.069216,0.69442899999999996,8.7623180000000005,651,2024-25,500.9018181818182,311.0981818181818
2024-05-01T00:00:00Z,E12000004,East Midlands,NA,110.575319,0.79911100000000002,8.7007879999999993,818,111.144812,0.81849099999999997,9.2445009999999996,570,110.640882,0.82505200000000001,8.7569479999999995,729,110.417514,0.783694,8.616339,879,109.425967,0.78808800000000001,7.880719,1276,110.28853599999999,0.78688599999999997,8.4463509999999999,1086,110.852035,0.75051999999999996,8.8024330000000006,856,110.296909,0.83279999999999998,8.5914160000000006,797,110.95909899999999,0.80847500000000005,8.9666499999999996,656,2024-25,500.9018181818182,317.0981818181818
2024-06-01T00:00:00Z,E12000004,East Midlands,NA,111.819575,1.125256,9.3116439999999994,827,112.557208,1.2707710000000001,10.002675999999999,577,111.897955,1.1361730000000001,9.4421009999999992,738,111.635631,1.103192,9.2123259999999991,889,110.30022700000001,0.79895099999999997,8.0769129999999993,1286,111.421915,1.027649,8.9844170000000005,1097,112.16855200000001,1.187635,9.4092839999999995,866,111.48446199999999,1.0766880000000001,9.2043850000000003,806,112.298238,1.2068760000000001,9.6321510000000004,664,2024-25,500.9018181818182,326.0981818181818
2024-07-01T00:00:00Z,E12000004,East Midlands,NA,112.448848,0.56275699999999995,9.3306470000000008,832,113.236913,0.60387500000000005,10.110609,581,112.505067,0.54255900000000001,9.4566230000000004,742,112.272966,0.57090700000000005,9.2318189999999998,894,110.67482099999999,0.33961200000000002,7.7810370000000004,1291,112.013229,0.53069900000000003,8.8929819999999999,1103,112.84472599999999,0.60281899999999999,9.4804390000000005,871,112.11550200000001,0.56603400000000004,9.2496639999999992,810,112.88968,0.526671,9.6121649999999992,668,2024-25,500.9018181818182,331.0981818181818
2024-08-01T00:00:00Z,E12000004,East Midlands,NA,113.073474,0.55547599999999997,9.2119949999999999,837,113.97189,0.649061,10.016704000000001,584,113.177558,0.59774300000000002,9.4053880000000003,746,112.90038699999999,0.55883499999999997,9.1197750000000006,899,111.13821900000001,0.41870299999999999,7.567933,1296,112.55112699999999,0.480209,8.7430520000000005,1108,113.454854,0.54067900000000002,9.3324280000000002,876,112.76501,0.57931999999999995,9.1426269999999992,815,113.550016,0.58494000000000002,9.5340939999999996,671,2024-25,500.9018181818182,336.0981818181818
2024-09-01T00:00:00Z,E12000004,East Midlands,NA,113.554569,0.42547099999999999,8.8209359999999997,840,114.50308800000001,0.46607799999999999,9.6280009999999994,587,113.65569000000001,0.42246099999999998,9.0266909999999996,749,113.38788099999999,0.43179099999999998,8.7387239999999995,903,111.33035099999999,0.172877,6.8998939999999997,1298,112.978629,0.37982900000000003,8.2773950000000003,1113,113.928704,0.41765600000000003,8.9489180000000008,880,113.291268,0.46668500000000002,8.805517,819,113.99357500000001,0.39062799999999998,9.0841150000000006,674,2024-25,500.9018181818182,339.0981818181818
2024-10-01T00:00:00Z,E12000004,East Midlands,NA,114.704428,1.0126040000000001,9.1317339999999998,849,115.644059,0.99645499999999998,9.9083839999999999,593,114.816587,1.0214160000000001,9.3528559999999992,757,114.50809599999999,0.98794999999999999,9.0552109999999999,912,112.5017,1.052138,7.2295769999999999,1312,114.087987,0.98191899999999999,8.5475019999999997,1124,115.124894,1.049946,9.3088529999999992,889,114.430218,1.0053300000000001,9.1291530000000005,827,115.13266,0.99925399999999998,9.3339770000000009,681,2024-25,500.9018181818182,348.0981818181818
2024-11-01T00:00:00Z,E12000004,East Midlands,NA,115.234932,0.46249600000000002,8.3834330000000001,853,116.270014,0.54127800000000004,9.2075429999999994,596,115.328677,0.44600699999999999,8.5275529999999993,760,115.111521,0.526972,8.4214920000000006,917,113.052953,0.48999500000000001,6.758114,1318,114.595913,0.44520500000000002,7.8420820000000004,1129,115.62611,0.43536799999999998,8.5872200000000003,893,114.98461399999999,0.48448400000000003,8.3817719999999998,831,115.672997,0.46931699999999998,8.5159129999999994,684,2024-25,500.9018181818182,352.0981818181818
2024-12-01T00:00:00Z,E12000004,East Midlands,NA,115.70536,0.40823399999999999,8.2492490000000007,856,116.899945,0.54178300000000001,9.1288300000000007,599,115.881415,0.47927199999999998,8.4568100000000008,764,115.56582,0.39466000000000001,8.2292179999999995,920,113.467871,0.36701299999999998,6.7430089999999998,1323,115.005837,0.35771199999999997,7.6505580000000002,1133,116.024942,0.34493200000000002,8.3683259999999997,896,115.44695400000001,0.402088,8.2651920000000008,834,116.299329,0.54146700000000003,8.5027980000000003,688,2024-25,500.9018181818182,355.0981818181818
2025-01-01T00:00:00Z,E12000004,East Midlands,NA,116.354556,0.56107700000000005,8.2234350000000003,861,117.57734499999999,0.57947000000000004,8.9491019999999999,603,116.57348399999999,0.59722200000000003,8.4877210000000005,768,116.20828400000001,0.55592900000000001,8.2194850000000006,925,114.04889300000001,0.51205900000000004,6.7070949999999998,1330,115.672746,0.57989199999999996,7.6457790000000001,1139,116.706973,0.58783099999999999,8.3431820000000005,901,116.063655,0.53418600000000005,8.2599440000000008,839,116.95416400000001,0.56306,8.4202169999999992,692,2024-25,500.9018181818182,360.0981818181818
2025-02-01T00:00:00Z,E12000004,East Midlands,NA,117.294407,0.80774699999999999,8.2946290000000005,868,118.584322,0.85643800000000003,9.1247430000000005,608,117.57793599999999,0.86164700000000005,8.5862350000000003,775,117.129081,0.79236700000000004,8.2487080000000006,933,114.84496,0.69800499999999999,6.7877720000000004,1339,116.482736,0.70024200000000003,7.7008219999999996,1147,117.637179,0.79704399999999997,8.3779420000000009,908,117.022246,0.82591899999999996,8.2911669999999997,846,117.98196,0.87880199999999997,8.641864,698,2024-25,500.9018181818182,367.0981818181818
2025-03-01T00:00:00Z,E12000004,East Midlands,NA,118.054728,0.64821600000000001,8.3163669999999996,873,119.463731,0.74158900000000005,9.2049859999999999,612,118.340114,0.64823200000000003,8.5809540000000002,780,117.90608,0.66337000000000002,8.2895900000000005,939,115.445464,0.52288199999999996,6.8212910000000004,1346,117.125201,0.55155299999999996,7.6480680000000003,1153,118.388964,0.63907099999999994,8.3191810000000004,914,117.810962,0.67398800000000003,8.3946489999999994,851,118.80237,0.69536900000000001,8.6837649999999993,703,2024-25,500.9018181818182,372.0981818181818
2025-04-01T00:00:00Z,E12000004,East Midlands,NA,118.536143,0.40778999999999999,8.056101,877,120.06908799999999,0.50672899999999998,8.9136240000000004,616,118.881084,0.45713199999999998,8.3341999999999992,784,118.35288300000001,0.37894800000000001,8.0267099999999996,943,115.776293,0.28656700000000002,6.63713,1350,117.503638,0.32310499999999998,7.3803890000000001,1157,118.824969,0.368282,7.996912,918,118.3429,0.45151799999999997,8.1883990000000004,855,119.355846,0.46587899999999999,8.4370820000000002,706,2025-26,500.9018181818182,376.0981818181818
2025-05-01T00:00:00Z,E12000004,East Midlands,NA,119.093788,0.470443,7.7037699999999996,881,120.70169199999999,0.52686699999999997,8.5985840000000007,619,119.54252700000001,0.55639000000000005,8.0455290000000002,788,118.902047,0.46400599999999997,7.6840460000000004,947,116.09029200000001,0.27121200000000001,6.0902589999999996,1354,117.970843,0.39760899999999999,6.9656440000000002,1162,119.383268,0.46984999999999999,7.6960540000000002,922,118.90431700000001,0.47439900000000002,7.8038530000000002,859,119.97800100000001,0.52126099999999997,8.1281320000000008,709,2025-26,500.9018181818182,380.0981818181818
2025-06-01T00:00:00Z,E12000004,East Midlands,NA,119.624467,0.44559799999999999,6.9798980000000004,885,121.48662299999999,0.65030600000000005,7.9332229999999999,623,120.154788,0.51217100000000004,7.3788960000000001,792,119.40334300000001,0.42160500000000001,6.958094,951,116.438346,0.299813,5.5649199999999999,1358,118.418831,0.379745,6.2796589999999997,1166,119.822023,0.36751800000000001,6.823188,925,119.45217,0.46075100000000002,7.146922,863,120.69869799999999,0.60069099999999997,7.4804909999999998,714,2025-26,500.9018181818182,384.0981818181818
2025-07-01T00:00:00Z,E12000004,East Midlands,NA,119.689619,5.4463999999999999E-2,6.4391689999999997,886,121.73929699999999,0.207985,7.5084920000000004,624,120.21728299999999,5.2012000000000003E-2,6.8549939999999996,792,119.41763400000001,1.1967999999999999E-2,6.363658,951,116.30735,-0.11250300000000001,5.0892600000000003,1356,118.332751,-7.2691000000000006E-2,5.6417640000000002,1165,119.861093,3.2606999999999997E-2,6.2177189999999998,926,119.511574,4.9730000000000003E-2,6.596832,864,120.936201,0.196774,7.1277739999999996,715,2025-26,500.9018181818182,385.0981818181818
2025-08-01T00:00:00Z,E12000004,East Midlands,NA,120.193919,0.42133999999999999,6.2971849999999998,889,122.155625,0.34198299999999998,7.1804860000000001,626,120.720339,0.41845599999999999,6.664555,796,119.91979600000001,0.42050999999999999,6.2173480000000003,955,116.816492,0.43775599999999998,5.1091990000000003,1362,118.697506,0.30824499999999999,5.460966,1169,120.369944,0.42453400000000002,6.0950160000000002,930,120.116159,0.50588,6.5189979999999998,868,121.374042,0.362043,6.8903790000000003,718,2025-26,500.9018181818182,388.0981818181818
2025-09-01T00:00:00Z,E12000004,East Midlands,NA,120.822739,0.52317100000000005,6.4005960000000002,894,122.823413,0.54666999999999999,7.266464,630,121.321054,0.49760900000000002,6.7443739999999996,800,120.574639,0.54606699999999997,6.3382069999999997,960,117.472774,0.56180600000000003,5.5172939999999997,1370,119.341534,0.54257999999999995,5.6319549999999996,1175,121.00384099999999,0.52662399999999998,6.2101439999999997,934,120.77369299999999,0.54741499999999998,6.6045920000000002,873,121.934765,0.46197899999999997,6.966348,721,2025-26,500.9018181818182,393.0981818181818
2025-10-01T00:00:00Z,E12000004,East Midlands,NA,121.251403,0.35478799999999999,5.7076919999999998,897,123.16213999999999,0.275783,6.5010519999999996,631,121.73654500000001,0.342472,6.026967,802,121.067173,0.40848899999999999,5.7280470000000001,964,117.78776000000001,0.26813599999999999,4.6986489999999996,1374,119.739149,0.33317400000000003,4.9533360000000002,1179,121.473465,0.38810699999999998,5.514507,938,121.245035,0.390268,5.9554340000000003,876,122.24809,0.25696200000000002,6.1802020000000004,723,2025-26,500.9018181818182,396.0981818181818
2025-11-01T00:00:00Z,E12000004,East Midlands,NA,121.75954,0.41907699999999998,5.6620059999999999,901,123.649585,0.39577600000000002,6.3469249999999997,634,122.249949,0.42173300000000002,6.0013449999999997,806,121.60907,0.4476,5.6445689999999997,968,118.508454,0.61185699999999998,4.8256160000000001,1382,120.31943699999999,0.48462699999999997,4.9945269999999997,1185,122.015004,0.44580799999999998,5.5254760000000003,942,121.71485699999999,0.38749800000000001,5.8531680000000001,880,122.70917799999999,0.37717400000000001,6.0828199999999999,726,2025-26,500.9018181818182,400.0981818181818
2025-12-01T00:00:00Z,E12000004,East Midlands,NA,121.829647,5.7577999999999997E-2,5.2930020000000004,901,123.736621,7.0388999999999993E-2,5.8483140000000002,634,122.31138799999999,5.0257000000000003E-2,5.5487520000000004,806,121.734891,0.103463,5.3381449999999999,969,118.371337,-0.115702,4.3214569999999997,1380,120.363514,3.6634E-2,4.658614,1185,122.08568200000001,5.7925999999999998E-2,5.2236529999999997,943,121.857659,0.117325,5.5529450000000002,881,122.676095,-2.6960999999999999E-2,5.4830639999999997,725,2025-26,500.9018181818182,400.0981818181818
2026-01-01T00:00:00Z,E12000004,East Midlands,NA,122.489962,0.54199900000000001,5.2730259999999998,906,124.49763400000001,0.61502699999999999,5.8857340000000002,638,123.07255499999999,0.62231899999999996,5.5750849999999996,811,122.355797,0.51004799999999995,5.290082,974,118.977889,0.51241499999999995,4.3218269999999999,1387,120.905886,0.45061099999999998,4.5240900000000002,1191,122.771035,0.56137000000000004,5.1959720000000003,948,122.51284,0.53766000000000003,5.5565930000000003,885,123.39712900000001,0.58775500000000003,5.508966,730,2025-26,500.9018181818182,405.0981818181818
2026-02-01T00:00:00Z,E12000004,East Midlands,NA,122.818373,0.26811200000000002,4.7094880000000003,909,124.858248,0.289655,5.2906870000000001,640,123.429103,0.28970600000000002,4.9764160000000004,814,122.71604499999999,0.29442699999999999,4.7699210000000001,977,119.23469799999999,0.21584600000000001,3.8223159999999998,1390,121.213196,0.25417299999999998,4.061083,1194,123.142482,0.30255300000000002,4.6798999999999999,951,122.823162,0.25329800000000002,4.9571050000000003,888,123.712648,0.25569399999999998,4.8572579999999999,732,2025-26,500.9018181818182,408.0981818181818
2026-03-01T00:00:00Z,E12000004,East Midlands,NA,123.022278,0.166022,4.2078369999999996,910,125.034464,0.14113300000000001,4.6631169999999997,641,123.66539899999999,0.191443,4.4999830000000003,815,122.94205599999999,0.184173,4.2711759999999996,979,119.187712,-3.9405999999999997E-2,3.2415720000000001,1390,121.337931,0.102905,3.5967760000000002,1195,123.357525,0.17462900000000001,4.1968110000000003,953,123.08184,0.21061099999999999,4.4740130000000002,889,123.87361900000001,0.13011700000000001,4.268643,732,2025-26,500.9018181818182,409.0981818181818
2026-04-01T00:00:00Z,E12000004,East Midlands,NA,123.086377,5.2103999999999998E-2,3.838689,911,125.109117,5.9706000000000002E-2,4.1976069999999996,641,123.730604,5.2727000000000003E-2,4.0793030000000003,816,123.050516,8.8220000000000007E-2,3.9691749999999999,980,119.182367,-4.4850000000000003E-3,2.941945,1390,121.342681,3.9150000000000001E-3,3.267169,1195,123.41295599999999,4.4935000000000003E-2,3.8611300000000002,953,123.18643,8.4975999999999996E-2,4.0927930000000003,890,123.93446299999999,4.9118000000000002E-2,3.836106,733,2026-27,NA,NA
2015-01-01T00:00:00Z,E12000005,West Midlands,NA,79.039676,NA,NA,615,79.415824000000001,NA,NA,442,80.194997000000001,NA,NA,560,78.768966000000006,NA,NA,655,78.491726999999997,NA,NA,955,78.923537999999994,NA,NA,831,79.017927,NA,NA,646,78.577330000000003,NA,NA,604,79.939524000000006,NA,NA,504,2014-15,NA,NA
2015-02-01T00:00:00Z,E12000005,West Midlands,NA,79.28485,0.31019000000000002,NA,617,79.776916,0.45468399999999998,NA,444,80.494260999999995,0.37317099999999997,NA,562,79.025113000000005,0.32518900000000001,NA,657,78.592962,0.12897500000000001,NA,956,79.139546999999993,0.27369399999999999,NA,834,79.245999999999995,0.28863499999999997,NA,648,78.809944999999999,0.29603400000000002,NA,606,80.281307999999996,0.42755199999999999,NA,506,2014-15,NA,NA
2015-03-01T00:00:00Z,E12000005,West Midlands,NA,79.603517,0.40192699999999998,NA,619,79.973292000000001,0.24615600000000001,NA,445,80.772418000000002,0.34556100000000001,NA,564,79.309392000000003,0.359732,NA,659,79.093093999999994,0.63635699999999995,NA,962,79.534519000000003,0.49908200000000003,NA,838,79.542193999999995,0.37376500000000001,NA,650,79.149175,0.43043900000000002,NA,609,80.512570999999994,0.28806599999999999,NA,508,2014-15,NA,NA
2015-04-01T00:00:00Z,E12000005,West Midlands,NA,79.71321,0.13780000000000001,NA,620,80.167559999999995,0.24291599999999999,NA,446,80.893344999999997,0.14971400000000001,NA,565,79.427524000000005,0.148951,NA,660,79.093406999999999,3.9599999999999998E-4,NA,962,79.648831999999999,0.14372799999999999,NA,839,79.667294999999996,0.157276,NA,651,79.220005999999998,8.9491000000000001E-2,NA,609,80.684417999999994,0.21344199999999999,NA,509,2015-16,409.5,210.5
2015-05-01T00:00:00Z,E12000005,West Midlands,NA,80.022666,0.388212,NA,622,80.406867000000005,0.29850900000000002,NA,447,81.221810000000005,0.40604600000000002,NA,567,79.732144000000005,0.38352000000000003,NA,663,79.311234999999996,0.27540599999999998,NA,965,79.950256999999993,0.37844299999999997,NA,842,79.987191999999993,0.40154000000000001,NA,654,79.525942999999998,0.38618599999999997,NA,611,80.987851000000006,0.37607400000000002,NA,511,2015-16,409.5,212.5
2015-06-01T00:00:00Z,E12000005,West Midlands,NA,80.08554,7.8570000000000001E-2,NA,623,80.437669999999997,3.8308000000000002E-2,NA,447,81.309614999999994,0.10810599999999999,NA,568,79.838059000000001,0.13283800000000001,NA,664,79.246022999999994,-8.2223000000000004E-2,NA,964,80.071557999999996,0.15172099999999999,NA,843,80.079127,0.114937,NA,655,79.540733000000003,1.8598E-2,NA,612,81.052389000000005,7.9687999999999995E-2,NA,511,2015-16,409.5,213.5
2015-07-01T00:00:00Z,E12000005,West Midlands,NA,80.25723,0.21438299999999999,NA,624,80.695594999999997,0.32065199999999999,NA,449,81.466114000000005,0.19247300000000001,NA,569,79.999478999999994,0.202184,NA,665,79.461528000000001,0.27194400000000002,NA,967,80.319390999999996,0.30951400000000001,NA,846,80.253692000000001,0.21799099999999999,NA,656,79.662246999999994,0.15276899999999999,NA,612,81.266310000000004,0.26393,NA,512,2015-16,409.5,214.5
2015-08-01T00:00:00Z,E12000005,West Midlands,NA,80.37642,0.148509,NA,625,80.736230000000006,5.0355999999999998E-2,NA,449,81.614914999999996,0.18265300000000001,NA,570,80.102041,0.12820400000000001,NA,666,79.734433999999993,0.343443,NA,970,80.501712999999995,0.226996,NA,848,80.371881000000002,0.14726900000000001,NA,657,79.750649999999993,0.110972,NA,613,81.399962000000002,0.164461,NA,513,2015-16,409.5,215.5
2015-09-01T00:00:00Z,E12000005,West Midlands,NA,80.581169,0.25473899999999999,NA,627,80.859710000000007,0.152944,NA,450,81.764322000000007,0.183064,NA,571,80.316393000000005,0.267598,NA,668,80.087254000000001,0.44249500000000003,NA,974,80.733677999999998,0.28815000000000002,NA,850,80.556709999999995,0.22996800000000001,NA,659,79.984357000000003,0.293047,NA,615,81.542315000000002,0.17488100000000001,NA,514,2015-16,409.5,217.5
2015-10-01T00:00:00Z,E12000005,West Midlands,NA,80.733152,0.188608,NA,628,81.007529000000005,0.182808,NA,451,81.910358000000002,0.17860500000000001,NA,572,80.513937999999996,0.24595900000000001,NA,669,80.170935999999998,0.104488,NA,975,80.834862000000001,0.125331,NA,852,80.760097000000002,0.25247700000000001,NA,660,80.115972999999997,0.164553,NA,616,81.691958999999997,0.18351700000000001,NA,515,2015-16,409.5,218.5
2015-11-01T00:00:00Z,E12000005,West Midlands,NA,80.840766,0.133295,NA,629,81.095732999999996,0.10888399999999999,NA,451,82.038792000000001,0.15679799999999999,NA,573,80.617006000000003,0.12801199999999999,NA,670,80.324432999999999,0.19146199999999999,NA,977,80.975080000000005,0.17346200000000001,NA,853,80.863979,0.128631,NA,661,80.206165999999996,0.112577,NA,617,81.817341999999996,0.15348200000000001,NA,516,2015-16,409.5,219.5
2015-12-01T00:00:00Z,E12000005,West Midlands,NA,81.448814,0.75215600000000005,NA,633,81.710942000000003,0.75862099999999999,NA,455,82.640800999999996,0.73380999999999996,NA,577,81.175927999999999,0.69330499999999995,NA,675,80.905300999999994,0.72315200000000002,NA,984,81.536163999999999,0.69291000000000003,NA,859,81.463545999999994,0.74145099999999997,NA,666,80.835115999999999,0.78416699999999995,NA,622,82.434911,0.75481500000000001,NA,520,2015-16,409.5,223.5
2016-01-01T00:00:00Z,E12000005,West Midlands,NA,81.586626,0.16920099999999999,3.222369,634,81.933931000000001,0.272899,3.1707869999999998,456,82.815743999999995,0.21169099999999999,3.2679689999999999,579,81.368087000000003,0.23671900000000001,3.299677,676,80.955627000000007,6.2204000000000002E-2,3.1390570000000002,985,81.719222000000002,0.22451199999999999,3.5422699999999998,861,81.604108999999994,0.17254800000000001,3.2729059999999999,667,80.929102,0.116269,2.9929399999999999,622,82.631337000000002,0.23827999999999999,3.3673109999999999,521,2015-16,409.5,224.5
2016-02-01T00:00:00Z,E12000005,West Midlands,NA,81.768393,0.22278999999999999,3.1324320000000001,636,82.175708,0.29508800000000002,3.006875,457,83.065325999999999,0.30137000000000003,3.1940970000000002,580,81.562771999999995,0.23926500000000001,3.2112059999999998,678,80.988397000000006,4.0478E-2,3.0478990000000001,985,81.866647,0.18040300000000001,3.4459379999999999,862,81.776866999999996,0.211702,3.193683,669,81.098664999999997,0.20952000000000001,2.9041000000000001,624,82.886909000000003,0.30929099999999998,3.2455889999999998,523,2015-16,409.5,226.5
2016-03-01T00:00:00Z,E12000005,West Midlands,NA,82.028497,0.31809799999999999,3.0463230000000001,638,82.435851999999997,0.31657099999999999,3.0792290000000002,459,83.225556999999995,0.19289700000000001,3.0371000000000001,581,81.859381999999997,0.36365700000000001,3.2152430000000001,681,81.262198999999995,0.33807599999999999,2.7424710000000001,988,82.169387,0.36979699999999999,3.3128609999999998,866,82.073767000000004,0.363062,3.1826789999999998,671,81.339862999999994,0.29741299999999998,2.7677969999999998,625,83.092010000000002,0.247447,3.203773,524,2015-16,409.5,228.5
2016-04-01T00:00:00Z,E12000005,West Midlands,NA,82.195869,0.204042,3.1144889999999998,639,82.563777999999999,0.15518299999999999,2.9890129999999999,459,83.427896000000004,0.243121,3.1332,583,82.011784000000006,0.18617500000000001,3.2536070000000001,682,81.445514000000003,0.22558500000000001,2.9738340000000001,991,82.384783999999996,0.26213799999999998,3.4350179999999999,868,82.246651,0.210645,3.2376589999999998,673,81.473972000000003,0.16487399999999999,2.8451970000000002,626,83.283717999999993,0.23071700000000001,3.2215639999999999,525,2016-17,409.5,229.5
2016-05-01T00:00:00Z,E12000005,West Midlands,NA,82.236032,4.8862000000000003E-2,2.765924,640,82.647767000000002,0.101726,2.7869510000000002,460,83.494411999999997,7.9728999999999994E-2,2.798019,583,82.026585999999995,1.8048999999999999E-2,2.8776869999999999,682,81.418104999999997,-3.3653000000000002E-2,2.6564580000000002,990,82.430216000000001,5.5147000000000002E-2,3.101877,868,82.301715999999999,6.6950999999999997E-2,2.893618,673,81.491909000000007,2.2016000000000001E-2,2.4721069999999998,627,83.347031999999999,7.6022000000000006E-2,2.9130060000000002,525,2016-17,409.5,230.5
2016-06-01T00:00:00Z,E12000005,West Midlands,NA,82.450559,0.26086700000000002,2.9531149999999999,641,82.726068999999995,9.4741000000000006E-2,2.844935,460,83.633582000000004,0.166683,2.8581699999999999,584,82.239742000000007,0.25986199999999998,3.0081929999999999,684,81.825778999999997,0.50071699999999997,3.2553749999999999,995,82.693672000000007,0.31961099999999998,3.2747130000000002,871,82.501566999999994,0.24282799999999999,3.025058,675,81.735153999999994,0.29848999999999998,2.7588650000000001,628,83.472018000000006,0.14995900000000001,2.9852660000000002,526,2016-17,409.5,231.5
2016-07-01T00:00:00Z,E12000005,West Midlands,NA,82.609699,0.19301299999999999,2.931162,642,82.862700000000004,0.165162,2.6855319999999998,461,83.769901000000004,0.162995,2.8279079999999999,585,82.403497000000002,0.19911899999999999,3.005042,685,82.067245,0.295099,3.2792180000000002,998,82.828286000000006,0.16278500000000001,3.1236470000000001,873,82.683498,0.22051799999999999,3.0276559999999999,676,81.894454999999994,0.19489899999999999,2.8020909999999999,630,83.616012999999995,0.17250699999999999,2.8913609999999998,527,2016-17,409.5,232.5
2016-08-01T00:00:00Z,E12000005,West Midlands,NA,82.987811,0.45770899999999998,3.2489520000000001,645,83.266970000000001,0.48787900000000001,3.1345779999999999,463,84.097216000000003,0.39073099999999999,3.0414789999999998,587,82.775418999999999,0.45134299999999999,3.3374649999999999,688,82.564252999999994,0.60561100000000001,3.5490560000000002,1004,83.297865000000002,0.56693099999999996,3.4734069999999999,877,83.014162999999996,0.39991700000000002,3.2875709999999998,679,82.268152000000001,0.45631500000000003,3.156717,633,83.995137,0.45341100000000001,3.188177,530,2016-17,409.5,235.5
2016-09-01T00:00:00Z,E12000005,West Midlands,NA,83.258083,0.32567699999999999,3.322009,647,83.525407999999999,0.31037300000000001,3.296694,465,84.330376999999999,0.277252,3.1383549999999998,589,83.056942000000006,0.34010400000000002,3.412191,691,82.883616000000004,0.38680599999999998,3.491644,1008,83.515741000000006,0.26156299999999999,3.4459759999999999,880,83.304630000000003,0.34990100000000002,3.4111630000000002,681,82.555960999999996,0.34984300000000002,3.2151339999999999,635,84.238806999999994,0.29010000000000002,3.3068610000000001,531,2016-17,409.5,237.5
2016-10-01T00:00:00Z,E12000005,West Midlands,NA,83.609321,0.42186600000000002,3.5625619999999998,650,83.859184999999997,0.39961200000000002,3.5202360000000001,466,84.649951999999999,0.37895600000000002,3.3446259999999999,591,83.396122000000005,0.40837099999999998,3.5797319999999999,693,83.257276000000005,0.45082499999999998,3.8496990000000002,1013,83.914624000000003,0.47761399999999998,3.8099430000000001,884,83.672173000000001,0.44120300000000001,3.605836,684,82.889319999999998,0.40379700000000002,3.461665,637,84.560558,0.38195200000000001,3.5114830000000001,533,2016-17,409.5,240.5
2016-11-01T00:00:00Z,E12000005,West Midlands,NA,83.773917,0.19686400000000001,3.6283080000000001,651,84.001746999999995,0.17000299999999999,3.583437,467,84.825479000000001,0.20735600000000001,3.3967930000000002,593,83.617367000000002,0.265295,3.7217470000000001,695,83.292679000000007,4.2521999999999997E-2,3.6953209999999999,1013,84.041466999999997,0.15115600000000001,3.7868279999999999,885,83.855196000000007,0.21873799999999999,3.6990720000000001,686,83.052425999999997,0.19677600000000001,3.5486800000000001,639,84.732999000000007,0.203925,3.5636169999999998,534,2016-17,409.5,241.5
2016-12-01T00:00:00Z,E12000005,West Midlands,NA,83.932652,0.18948000000000001,3.0495700000000001,653,84.129182,0.15170400000000001,2.9595050000000001,468,84.971484000000004,0.172123,2.8202569999999998,594,83.741737000000001,0.14873700000000001,3.1608010000000002,696,83.56335,0.324965,3.2853840000000001,1016,84.238776000000001,0.23477700000000001,3.3146179999999998,887,84.002716000000007,0.175923,3.1169410000000002,687,83.212419999999995,0.19264300000000001,2.9409299999999998,640,84.870724999999993,0.16254099999999999,2.9548329999999998,535,2016-17,409.5,243.5
2017-01-01T00:00:00Z,E12000005,West Midlands,NA,84.140422,0.24754399999999999,3.1301649999999999,654,84.309768000000005,0.21465300000000001,2.899699,469,85.141423000000003,0.19999500000000001,2.8082569999999998,595,83.968192000000002,0.27042100000000002,3.1954859999999998,698,83.757503,0.23234099999999999,3.4610020000000001,1019,84.411921000000007,0.205541,3.2950620000000002,889,84.247536999999994,0.29144399999999998,3.2393329999999998,689,83.427299000000005,0.25822899999999999,3.0868950000000002,641,85.033223000000007,0.191465,2.906749,536,2016-17,409.5,244.5
2017-02-01T00:00:00Z,E12000005,West Midlands,NA,84.0696,-8.4170999999999996E-2,2.8142990000000001,654,84.213950999999994,-0.113649,2.4803470000000001,468,85.037531000000001,-0.12202300000000001,2.374282,594,83.934038000000001,-4.0675000000000003E-2,2.907289,698,83.677695,-9.5283999999999994E-2,3.3205969999999998,1018,84.312545,-0.117727,2.9876619999999998,888,84.188541999999998,-7.0026000000000005E-2,2.949093,688,83.371033999999995,-6.7442000000000002E-2,2.8019820000000002,641,84.928948000000005,-0.122628,2.4636459999999998,535,2016-17,409.5,244.5
2017-03-01T00:00:00Z,E12000005,West Midlands,NA,84.170756,0.120323,2.6116030000000001,655,84.334181000000001,0.14276800000000001,2.3027959999999998,469,85.089332999999996,6.0916999999999999E-2,2.2394280000000002,594,84.050290000000004,0.13850399999999999,2.6764290000000002,699,83.766619000000006,0.106269,3.0819000000000001,1019,84.436552000000006,0.14707899999999999,2.7591359999999998,889,84.322526999999994,0.15914800000000001,2.7399249999999999,689,83.460576000000003,0.107401,2.6072250000000001,642,84.986310000000003,6.7540000000000003E-2,2.2797610000000001,536,2016-17,409.5,245.5
2017-04-01T00:00:00Z,E12000005,West Midlands,NA,84.44086,0.32090000000000002,2.7312690000000002,657,84.704094999999995,0.43862899999999999,2.59232,471,85.391869,0.35555100000000001,2.3540960000000002,597,84.250398000000004,0.23808099999999999,2.729625,700,84.036733999999996,0.32246200000000003,3.1815380000000002,1022,84.695288000000005,0.306427,2.8045279999999999,892,84.567584999999994,0.29062100000000002,2.82192,691,83.715474,0.30541099999999999,2.751188,644,85.340399000000005,0.41664299999999999,2.4694880000000001,538,2017-18,409.5,247.5
2017-05-01T00:00:00Z,E12000005,West Midlands,NA,84.58187,0.166993,2.8525670000000001,658,84.922004000000001,0.25725900000000002,2.751722,472,85.569344000000001,0.20783699999999999,2.4851160000000001,598,84.415042999999997,0.19542399999999999,2.9118089999999999,702,84.188513,0.18060999999999999,3.4026930000000002,1024,84.851012999999995,0.183865,2.9367830000000001,894,84.733149999999995,0.19577800000000001,2.9542929999999998,693,83.821460000000002,0.12660299999999999,2.8586279999999999,644,85.511876999999998,0.200935,2.597388,539,2017-18,409.5,248.5
2017-06-01T00:00:00Z,E12000005,West Midlands,NA,84.997576,0.491483,3.0891449999999998,661,85.425084999999996,0.59240300000000001,3.262594,475,86.008663999999996,0.51340799999999998,2.8398669999999999,601,84.825483000000006,0.48621700000000001,3.1441509999999999,705,84.521618000000004,0.39566600000000002,3.2946089999999999,1028,85.229946999999996,0.44658700000000001,3.067072,898,85.128405999999998,0.466472,3.183986,696,84.239346999999995,0.49854500000000002,3.0637889999999999,648,85.980198999999999,0.54766800000000004,3.0048170000000001,542,2017-18,409.5,251.5
2017-07-01T00:00:00Z,E12000005,West Midlands,NA,85.392821,0.46500799999999998,3.3690020000000001,664,85.736497,0.36454500000000001,3.468143,477,86.38494,0.43748500000000001,3.1216919999999999,603,85.216955999999996,0.461503,3.414247,708,84.957458000000003,0.51565499999999997,3.5217619999999998,1033,85.647604999999999,0.490037,3.4038119999999998,902,85.531322000000003,0.473304,3.4442469999999998,699,84.647051000000005,0.48398200000000002,3.3611499999999999,651,86.315755999999993,0.39027200000000001,3.228739,544,2017-18,409.5,254.5
2017-08-01T00:00:00Z,E12000005,West Midlands,NA,85.597559,0.239759,3.1447370000000001,666,86.068843000000001,0.38763599999999998,3.3649269999999998,479,86.518372999999997,0.15446399999999999,2.8789980000000002,604,85.421076999999997,0.23953099999999999,3.1961879999999998,710,85.076543999999998,0.14017099999999999,3.0428310000000001,1035,85.849093999999994,0.23525399999999999,3.0627789999999999,904,85.733161999999993,0.235984,3.2753429999999999,701,84.839174999999997,0.22697100000000001,3.1251739999999999,652,86.556212000000002,0.27857700000000002,3.0490750000000002,546,2017-18,409.5,256.5
2017-09-01T00:00:00Z,E12000005,West Midlands,NA,85.734901,0.16045100000000001,2.9748670000000002,667,86.214579000000001,0.169325,3.2195849999999999,480,86.640186999999997,0.140795,2.739001,605,85.522761000000003,0.119038,2.9688300000000001,711,85.320396000000002,0.28662599999999999,2.9400010000000001,1038,86.049280999999993,0.233185,3.0336069999999999,906,85.874257999999998,0.164576,3.084616,702,84.952162000000001,0.13317799999999999,2.902517,653,86.699737999999996,0.16581899999999999,2.9213749999999998,547,2017-18,409.5,257.5
2017-10-01T00:00:00Z,E12000005,West Midlands,NA,85.773058,4.4505999999999997E-2,2.5879129999999999,667,86.279424000000006,7.5214000000000003E-2,2.8860760000000001,480,86.695155,6.3444E-2,2.4160710000000001,606,85.580616000000006,6.7649000000000001E-2,2.6194199999999999,712,85.160579999999996,-0.18731200000000001,2.2860510000000001,1036,85.946578000000002,-0.119353,2.4214540000000002,905,85.955147999999994,9.4196000000000002E-2,2.7284760000000001,703,84.994135999999997,4.9409000000000002E-2,2.53931,653,86.756635000000003,6.5625000000000003E-2,2.5970460000000002,547,2017-18,409.5,257.5
2017-11-01T00:00:00Z,E12000005,West Midlands,NA,85.851657,9.1636999999999996E-2,2.480175,668,86.386093000000002,0.12363200000000001,2.8384480000000001,481,86.763617999999994,7.8969999999999999E-2,2.2848549999999999,606,85.664648999999997,9.8191000000000001E-2,2.4483929999999998,712,85.144946000000004,-1.8357999999999999E-2,2.2238060000000002,1036,86.003156000000004,6.583E-2,2.334193,906,86.057215999999997,0.118745,2.6259800000000002,704,85.039018999999996,5.2807E-2,2.3919739999999998,654,86.890534000000002,0.154338,2.5462750000000001,548,2017-18,409.5,258.5
2017-12-01T00:00:00Z,E12000005,West Midlands,NA,86.03623,0.21499099999999999,2.5062690000000001,669,86.594386999999998,0.241119,2.9302609999999998,482,86.919471000000001,0.17962900000000001,2.2925179999999998,607,85.790983999999995,0.147477,2.4471039999999999,713,85.415587000000002,0.317859,2.2165659999999998,1039,86.207606999999996,0.23772399999999999,2.337202,908,86.212806,0.18079899999999999,2.6309740000000001,705,85.234414000000001,0.229771,2.4299179999999998,655,87.082970000000003,0.22147,2.6066050000000001,549,2017-18,409.5,259.5
2018-01-01T00:00:00Z,E12000005,West Midlands,NA,86.14515,0.12659799999999999,2.3825980000000002,670,86.725606999999997,0.151535,2.8654329999999999,482,87.096643999999998,0.20383699999999999,2.29644,608,85.904019000000005,0.13175600000000001,2.3054290000000002,714,85.444018999999997,3.3286000000000003E-2,2.0135700000000001,1039,86.359108000000006,0.17574000000000001,2.3067669999999998,910,86.316970999999995,0.120823,2.456372,706,85.311463000000003,9.0397000000000005E-2,2.2584499999999998,656,87.244236000000001,0.18518599999999999,2.6001750000000001,550,2017-18,409.5,260.5
2018-02-01T00:00:00Z,E12000005,West Midlands,NA,86.363589,0.25357000000000002,2.7286779999999999,672,86.936363999999998,0.24301500000000001,3.2327340000000002,484,87.251693000000003,0.17801900000000001,2.6037469999999998,610,86.162621000000001,0.301035,2.6551589999999998,716,85.719851000000006,0.32282300000000003,2.4405019999999999,1043,86.597363999999999,0.27589000000000002,2.7099389999999999,912,86.610285000000005,0.33981099999999997,2.8765710000000002,708,85.521139000000005,0.245778,2.5789589999999998,658,87.376621,0.15174199999999999,2.8820250000000001,551,2017-18,409.5,262.5
2018-03-01T00:00:00Z,E12000005,West Midlands,NA,86.493794,0.15076400000000001,2.7599109999999998,673,87.081457,0.16689599999999999,3.257606,484,87.404193000000006,0.17478099999999999,2.7205050000000002,611,86.248649999999998,9.9846000000000004E-2,2.615529,717,85.763806000000002,5.1277000000000003E-2,2.3842279999999998,1043,86.639160000000004,4.8264000000000001E-2,2.6085959999999999,913,86.742287000000005,0.15240899999999999,2.8696489999999999,709,85.657503000000005,0.15945000000000001,2.6322930000000002,659,87.538712000000004,0.18550800000000001,3.0033099999999999,552,2017-18,409.5,263.5
2018-04-01T00:00:00Z,E12000005,West Midlands,NA,86.764315,0.31276399999999999,2.7515770000000002,675,87.427729999999997,0.397642,3.2154690000000001,486,87.634722999999994,0.26375199999999999,2.6265429999999999,612,86.513992999999999,0.30764799999999998,2.6867459999999999,719,86.009649999999993,0.28665200000000002,2.347683,1046,86.922340000000005,0.32684999999999997,2.6294870000000001,916,87.026971000000003,0.32819500000000001,2.9081899999999998,712,85.920603999999997,0.30715500000000001,2.6340780000000001,661,87.799267999999998,0.29764699999999999,2.8812489999999999,554,2018-19,411.60999999999996,263.39000000000004
2018-05-01T00:00:00Z,E12000005,West Midlands,NA,86.889243,0.143986,2.727976,676,87.513202000000007,9.7764000000000004E-2,3.0512679999999999,487,87.793384000000003,0.18104899999999999,2.5991080000000002,613,86.608510999999993,0.109252,2.5984319999999999,720,86.160184000000001,0.17502000000000001,2.3419720000000002,1048,87.066377000000003,0.16570799999999999,2.610887,917,87.143648999999996,0.134071,2.8448120000000001,713,86.038836000000003,0.13760600000000001,2.6453570000000002,662,87.937543000000005,0.15748999999999999,2.8366419999999999,554,2018-19,411.60999999999996,264.39000000000004
2018-06-01T00:00:00Z,E12000005,West Midlands,NA,86.973672,9.7168000000000004E-2,2.3248850000000001,676,87.571770999999998,6.6925999999999999E-2,2.5129459999999999,487,87.888110999999995,0.10789799999999999,2.1851829999999999,614,86.731870000000001,0.142433,2.2474219999999998,721,86.241238999999993,9.4075000000000006E-2,2.0345339999999998,1049,87.119720000000001,6.1267000000000002E-2,2.2172640000000001,918,87.244291000000004,0.11549,2.4855209999999999,713,86.117920999999996,9.1916999999999999E-2,2.2300430000000002,662,88.029162999999997,0.104187,2.3830650000000002,555,2018-19,411.60999999999996,264.39000000000004
2018-07-01T00:00:00Z,E12000005,West Midlands,NA,87.142413,0.19401399999999999,2.0488740000000001,678,87.785901999999993,0.24451999999999999,2.3903530000000002,488,88.067586000000006,0.204208,1.9478470000000001,615,86.866978000000003,0.155777,1.936261,722,86.320374000000001,9.1759999999999994E-2,1.604233,1050,87.263904999999994,0.16550300000000001,1.8871519999999999,919,87.387051,0.163633,2.1696490000000002,715,86.276026000000002,0.18359200000000001,1.9244330000000001,663,88.264447000000004,0.26728000000000002,2.2576309999999999,556,2018-19,411.60999999999996,266.39000000000004
2018-08-01T00:00:00Z,E12000005,West Midlands,NA,87.24629,0.119203,1.926142,678,87.712945000000005,-8.3108000000000001E-2,1.910218,488,88.136197999999993,7.7909000000000006E-2,1.8699209999999999,616,86.987380999999999,0.13860600000000001,1.8336269999999999,723,86.592018999999993,0.31469399999999997,1.7813079999999999,1053,87.378675000000001,0.13152,1.781709,920,87.531017000000006,0.164745,2.0970360000000001,716,86.407426999999998,0.15230299999999999,1.8485,664,88.256050000000002,-9.5139999999999999E-3,1.9638549999999999,556,2018-19,411.60999999999996,266.39000000000004
2018-09-01T00:00:00Z,E12000005,West Midlands,NA,87.438707,0.22054599999999999,1.987296,680,87.949448000000004,0.26963199999999998,2.0122680000000002,489,88.257544999999993,0.137681,1.8667530000000001,617,87.185779999999994,0.228078,1.944534,725,86.773017999999993,0.20902399999999999,1.70255,1055,87.527006,0.16975699999999999,1.717301,922,87.741663000000003,0.24065300000000001,2.1745809999999999,717,86.624272000000005,0.25095600000000001,1.9682949999999999,666,88.398667000000003,0.16159499999999999,1.959554,557,2018-19,411.60999999999996,268.39000000000004
2018-10-01T00:00:00Z,E12000005,West Midlands,NA,87.770785,0.37978400000000001,2.3290860000000002,683,88.317459999999997,0.41843599999999997,2.362133,491,88.558610999999999,0.34112199999999998,2.149435,619,87.549895000000006,0.417632,2.3010809999999999,728,87.293751999999998,0.60011099999999995,2.5048819999999998,1062,87.919205000000005,0.44808900000000002,2.2951769999999998,926,88.054359000000005,0.35638199999999998,2.4422169999999999,720,86.961552999999995,0.38936100000000001,2.3147679999999999,669,88.710898999999998,0.353209,2.2525810000000002,559,2018-19,411.60999999999996,271.39000000000004
2018-11-01T00:00:00Z,E12000005,West Midlands,NA,87.906044,0.15410399999999999,2.3929490000000002,684,88.457909000000001,0.159028,2.3983210000000001,492,88.733131999999998,0.19706899999999999,2.2699769999999999,620,87.662509,0.12862799999999999,2.3321879999999999,729,87.435334999999995,0.162192,2.689988,1064,88.001727000000002,9.3861E-2,2.3238340000000002,927,88.164145000000005,0.12468,2.4482889999999999,721,87.102963000000003,0.16261300000000001,2.4270559999999999,670,88.892774000000003,0.20502100000000001,2.304325,560,2018-19,411.60999999999996,272.39000000000004
2018-12-01T00:00:00Z,E12000005,West Midlands,NA,88.040574,0.15303900000000001,2.3296510000000001,685,88.466301000000001,9.4879999999999999E-3,2.1617039999999998,492,88.879642000000004,0.16511200000000001,2.2551580000000002,621,87.793859999999995,0.149837,2.3345989999999999,730,87.644354000000007,0.23905499999999999,2.609321,1066,88.087502000000001,9.7470000000000001E-2,2.1806610000000002,928,88.317024000000004,0.173402,2.440725,722,87.265625999999997,0.186748,2.3830900000000002,671,88.972434000000007,8.9612999999999998E-2,2.1697280000000001,561,2018-19,411.60999999999996,273.39000000000004
2019-01-01T00:00:00Z,E12000005,West Midlands,NA,88.271622,0.262434,2.4684750000000002,686,88.674475999999999,0.235315,2.247166,493,89.015108999999995,0.152416,2.2026849999999998,622,88.039006999999998,0.27923100000000001,2.4853179999999999,732,87.851620999999994,0.236486,2.8177539999999999,1069,88.278886,0.21726500000000001,2.223017,930,88.548287000000002,0.26185599999999998,2.585026,724,87.558353999999994,0.33544499999999999,2.6337510000000002,673,89.097072999999995,0.14008699999999999,2.1237360000000001,562,2018-19,411.60999999999996,274.39000000000004
2019-02-01T00:00:00Z,E12000005,West Midlands,NA,88.325953,6.1550000000000001E-2,2.2722129999999998,687,88.796831999999995,0.13798299999999999,2.1400350000000001,494,89.049128999999994,3.8219000000000003E-2,2.0600580000000002,622,88.094089999999994,6.2565999999999997E-2,2.2416559999999999,732,87.861108000000002,1.0800000000000001E-2,2.4979710000000002,1069,88.250681,-3.1949999999999999E-2,1.9091990000000001,930,88.611103999999997,7.0942000000000005E-2,2.3101400000000001,725,87.625952999999996,7.7203999999999995E-2,2.4611610000000002,674,89.156330999999994,6.651E-2,2.036826,562,2018-19,411.60999999999996,275.39000000000004
2019-03-01T00:00:00Z,E12000005,West Midlands,NA,88.348756,2.5817E-2,2.1446190000000001,687,88.904793999999995,0.121584,2.0938289999999999,495,89.078840999999997,3.3366E-2,1.9159820000000001,622,88.072858999999994,-2.4101000000000001E-2,2.1150570000000002,732,87.720589000000004,-0.15993299999999999,2.281596,1067,88.123150999999993,-0.144509,1.7128410000000001,928,88.601050000000001,-1.1346E-2,2.1428569999999998,724,87.672342,5.2941000000000002E-2,2.3522050000000001,674,89.245576999999997,0.10009999999999999,1.94984,563,2018-19,411.60999999999996,275.39000000000004
2019-04-01T00:00:00Z,E12000005,West Midlands,NA,88.524663,0.199105,2.0288849999999998,688,89.128472000000002,0.25159199999999998,1.9453119999999999,496,89.206006000000002,0.14275499999999999,1.7929919999999999,623,88.265029999999996,0.218196,2.0239929999999999,734,87.747895,3.1127999999999999E-2,2.020988,1067,88.244609999999994,0.13782900000000001,1.521209,930,88.791141999999994,0.21454799999999999,2.0271539999999999,726,87.860568999999998,0.21469299999999999,2.257857,676,89.408375000000007,0.18241499999999999,1.8327100000000001,564,2019-20,416.58,271.42
2019-05-01T00:00:00Z,E12000005,West Midlands,NA,88.554209,3.3376000000000003E-2,1.916193,689,89.247448000000006,0.133489,1.9816959999999999,496,89.232607999999999,2.9821E-2,1.6393310000000001,623,88.316410000000005,5.8210999999999999E-2,1.971976,734,87.810373999999996,7.1203000000000002E-2,1.9152579999999999,1068,88.271867,3.0887999999999999E-2,1.384565,930,88.856386000000001,7.3480000000000004E-2,1.9654180000000001,727,87.872095000000002,1.3119E-2,2.1307339999999999,676,89.428604000000007,2.2626E-2,1.6955910000000001,564,2019-20,416.58,272.42
2019-06-01T00:00:00Z,E12000005,West Midlands,NA,88.480026,-8.3770999999999998E-2,1.7319659999999999,688,89.183496000000005,-7.1656999999999998E-2,1.8404609999999999,496,89.166152999999994,-7.4473999999999999E-2,1.454169,623,88.195221000000004,-0.13722200000000001,1.6872119999999999,733,87.605106000000006,-0.233763,1.5814550000000001,1066,88.183244000000002,-0.100398,1.2207619999999999,929,88.782736999999997,-8.2885E-2,1.7633779999999999,726,87.777623000000006,-0.107511,1.927243,675,89.395778000000007,-3.6706000000000003E-2,1.552457,564,2019-20,416.58,271.42
2019-07-01T00:00:00Z,E12000005,West Midlands,NA,88.577224,0.10985300000000001,1.6465129999999999,689,89.393662000000006,0.235655,1.8314550000000001,497,89.240504999999999,8.3386000000000002E-2,1.3318399999999999,623,88.293363999999997,0.11128,1.6420349999999999,734,87.510660999999999,-0.107808,1.3789169999999999,1064,88.255157999999994,8.1550999999999998E-2,1.135926,930,88.864546000000004,9.2145000000000005E-2,1.6907479999999999,727,87.888918000000004,0.12679199999999999,1.8694550000000001,676,89.497957999999997,0.1143,1.3975169999999999,564,2019-20,416.58,272.42
2019-08-01T00:00:00Z,E12000005,West Midlands,NA,88.862658,0.322243,1.8526499999999999,691,89.653289000000001,0.29043099999999999,2.212151,499,89.476242999999997,0.26416000000000001,1.5204249999999999,625,88.538017999999994,0.27709099999999998,1.7826,736,87.843581,0.38043399999999999,1.4453549999999999,1069,88.501714000000007,0.279366,1.285255,932,89.164105000000006,0.33709600000000001,1.8657239999999999,729,88.212507000000002,0.36817899999999998,2.0890330000000001,678,89.718176,0.246059,1.6566860000000001,566,2019-20,416.58,274.42
2019-09-01T00:00:00Z,E12000005,West Midlands,NA,89.255639,0.44223400000000002,2.0779489999999998,694,90.102731000000006,0.50131199999999998,2.4483199999999998,501,89.862470000000002,0.43165300000000001,1.8184560000000001,628,88.856790000000004,0.36004000000000003,1.9166080000000001,739,88.400628999999995,0.63413600000000003,1.8757109999999999,1075,88.884570999999994,0.43259900000000001,1.551024,936,89.500454000000005,0.37722499999999998,2.0045099999999998,732,88.624571000000003,0.46712599999999999,2.309167,681,90.148340000000005,0.47946100000000003,1.979298,568,2019-20,416.58,277.42
2019-10-01T00:00:00Z,E12000005,West Midlands,NA,89.573514,0.35614000000000001,2.0539049999999999,697,90.442447999999999,0.37703199999999998,2.4060790000000001,503,90.129822000000004,0.297512,1.7742039999999999,630,89.203006000000002,0.38963500000000001,1.888193,742,88.719110000000001,0.36026999999999998,1.63283,1079,89.215638999999996,0.37247000000000002,1.474575,940,89.820828000000006,0.357958,2.0061119999999999,734,88.962225000000004,0.38099499999999997,2.30064,684,90.422533000000001,0.30415900000000001,1.9294530000000001,570,2019-20,416.58,280.42
2019-11-01T00:00:00Z,E12000005,West Midlands,NA,89.681314,0.120348,2.0195090000000002,697,90.638580000000005,0.216858,2.4652069999999999,504,90.277033000000003,0.163332,1.7399370000000001,631,89.251508999999999,5.4372999999999998E-2,1.8126329999999999,742,88.772223999999994,5.9866999999999997E-2,1.5290029999999999,1080,89.292062000000001,8.5662000000000002E-2,1.466262,941,89.878946999999997,6.4706E-2,1.945011,735,89.059625999999994,0.109485,2.2463790000000001,685,90.620710000000003,0.219167,1.9438420000000001,571,2019-20,416.58,280.42
2019-12-01T00:00:00Z,E12000005,West Midlands,NA,89.746245,7.2401999999999994E-2,1.9373689999999999,698,90.758150000000001,0.13192100000000001,2.5906470000000001,505,90.275621999999998,-1.5629999999999999E-3,1.570641,631,89.299368999999999,5.3624999999999999E-2,1.714823,742,88.677874000000003,-0.106283,1.1792199999999999,1079,89.327253999999996,3.9411000000000002E-2,1.4074089999999999,941,89.964686,9.5394000000000007E-2,1.865623,736,89.133251000000001,8.2669999999999993E-2,2.140161,685,90.659852000000001,4.3194000000000003E-2,1.896563,572,2019-20,416.58,281.42
2020-01-01T00:00:00Z,E12000005,West Midlands,NA,89.91821,0.191612,1.8653649999999999,699,90.915053,0.172879,2.5267439999999999,506,90.454448999999997,0.19808999999999999,1.6169610000000001,632,89.478233000000003,0.200296,1.6347590000000001,744,88.611761000000001,-7.4553999999999995E-2,0.865255,1078,89.471379999999996,0.16134599999999999,1.3508260000000001,942,90.136948000000004,0.19147800000000001,1.794119,737,89.328618000000006,0.21918599999999999,2.021811,687,90.803417999999994,0.158357,1.9151530000000001,572,2019-20,416.58,282.42
2020-02-01T00:00:00Z,E12000005,West Midlands,NA,90.050872,0.147536,1.952901,700,91.101330000000004,0.20489199999999999,2.5952480000000002,507,90.571664999999996,0.12958600000000001,1.70977,633,89.639883999999995,0.18065999999999999,1.7547079999999999,745,88.730136000000002,0.13358800000000001,0.98909199999999997,1079,89.605806999999999,0.15024599999999999,1.535542,944,90.290334999999999,0.17017099999999999,1.895057,738,89.454068000000007,0.140435,2.086271,688,90.924176000000003,0.132988,1.9828589999999999,573,2019-20,416.58,283.42
2020-03-01T00:00:00Z,E12000005,West Midlands,NA,90.107021,6.2352999999999999E-2,1.9901409999999999,701,91.207515999999998,0.11655799999999999,2.5900989999999999,507,90.639752000000001,7.5175000000000006E-2,1.7522800000000001,633,89.688550000000006,5.4289999999999998E-2,1.8344940000000001,746,88.691492999999994,-4.3550999999999999E-2,1.106814,1079,89.618285999999998,1.3925999999999999E-2,1.6966429999999999,944,90.345601000000002,6.1209E-2,1.968996,739,89.511218999999997,6.3890000000000002E-2,2.0974430000000002,688,91.005166000000003,8.9075000000000001E-2,1.9716260000000001,574,2019-20,416.58,284.42
2020-04-01T00:00:00Z,E12000005,West Midlands,NA,90.094683,-1.3691999999999999E-2,1.7735399999999999,701,91.203053999999995,-4.8929999999999998E-3,2.3276309999999998,507,90.655586999999997,1.7469999999999999E-2,1.624981,633,89.679851999999997,-9.698E-3,1.6029249999999999,746,88.647420999999994,-4.9690999999999999E-2,1.025126,1078,89.636336,2.0140999999999999E-2,1.5771230000000001,944,90.333365999999998,-1.3542E-2,1.736912,739,89.471665000000002,-4.419E-2,1.833696,688,91.013450000000006,9.1020000000000007E-3,1.795218,574,2020-21,470.17,230.82999999999998
2020-05-01T00:00:00Z,E12000005,West Midlands,NA,90.487993,0.436552,2.183729,704,91.656786999999994,0.497498,2.6996169999999999,510,91.063995000000006,0.45050600000000002,2.0523739999999999,636,90.092420000000004,0.46004600000000001,2.0109629999999998,749,88.975396000000003,0.36997600000000003,1.3267469999999999,1082,90.004311000000001,0.41052,1.9626239999999999,948,90.730069,0.43915500000000002,2.1086649999999998,742,89.847801000000004,0.42039799999999999,2.2483879999999998,691,91.442295999999999,0.47118900000000002,2.2517309999999999,576,2020-21,470.17,233.82999999999998
2020-06-01T00:00:00Z,E12000005,West Midlands,NA,90.596418,0.119823,2.3919429999999999,705,91.814144999999996,0.171682,2.9497040000000001,511,91.167067000000003,0.11318499999999999,2.2440280000000001,637,90.174346999999997,9.0936000000000003E-2,2.2440289999999998,750,89.069277,0.105514,1.6713309999999999,1083,90.140450000000001,0.151258,2.2194759999999998,950,90.822732000000002,0.10213,2.2977379999999998,743,89.954338000000007,0.118574,2.479806,692,91.553346000000005,0.121443,2.4135010000000001,577,2020-21,470.17,234.82999999999998
2020-07-01T00:00:00Z,E12000005,West Midlands,NA,90.756871,0.17710699999999999,2.460731,706,92.021028999999999,0.225329,2.939098,512,91.348112999999998,0.19858799999999999,2.3617159999999999,638,90.322260999999997,0.16403200000000001,2.2979039999999999,751,89.219173999999995,0.168292,1.9523489999999999,1085,90.270803000000001,0.14461099999999999,2.2838829999999999,951,90.966359999999995,0.158142,2.365189,744,90.119354999999999,0.183446,2.5377909999999999,693,91.741972000000004,0.20602799999999999,2.5073349999999999,578,2020-21,470.17,235.82999999999998
2020-08-01T00:00:00Z,E12000005,West Midlands,NA,91.166548,0.451401,2.5926420000000001,709,92.446377999999996,0.46222999999999997,3.1154350000000002,514,91.753048000000007,0.44328800000000002,2.544591,641,90.712200999999993,0.43171999999999999,2.4556490000000002,754,89.729928999999998,0.57247199999999998,2.1473939999999998,1091,90.715283999999997,0.49238599999999999,2.5011610000000002,956,91.300956999999997,0.36782500000000001,2.3965390000000002,747,90.560159999999996,0.48913400000000001,2.6613609999999999,696,92.163989000000001,0.460005,2.7261069999999998,581,2020-21,470.17,238.82999999999998
2020-09-01T00:00:00Z,E12000005,West Midlands,NA,91.298167,0.144372,2.2884030000000002,710,92.572162000000006,0.13606099999999999,2.7406830000000002,515,91.857477000000003,0.113816,2.2200669999999998,642,90.839551999999998,0.14039099999999999,2.231414,755,89.959226999999998,0.25554199999999999,1.763107,1094,90.794679000000002,8.7522000000000003E-2,2.1489760000000002,956,91.420327,0.130743,2.1450979999999999,748,90.726139000000003,0.18328,2.3713150000000001,698,92.289964999999995,0.136687,2.3756689999999998,582,2020-21,470.17,239.82999999999998
2020-10-01T00:00:00Z,E12000005,West Midlands,NA,91.52316,0.24643699999999999,2.1765880000000002,712,92.770610000000005,0.21437200000000001,2.5741930000000002,516,92.043751,0.20278499999999999,2.1235249999999999,643,91.058712999999997,0.241261,2.0803180000000001,757,90.169567999999998,0.233818,1.634887,1097,90.999853000000002,0.22597600000000001,1.9998899999999999,959,91.617530000000002,0.21571100000000001,2.000318,749,90.999938,0.30178700000000003,2.290537,700,92.485962000000001,0.212371,2.2819850000000002,583,2020-21,470.17,241.82999999999998
2020-11-01T00:00:00Z,E12000005,West Midlands,NA,91.435129,-9.6185000000000007E-2,1.9556070000000001,711,92.593626999999998,-0.190776,2.1569699999999998,515,91.943247,-0.109191,1.8456680000000001,642,91.018491999999995,-4.4170000000000001E-2,1.9797800000000001,757,89.923456000000002,-0.27294400000000002,1.2968379999999999,1094,90.914147,-9.4183000000000003E-2,1.816605,958,91.558595999999994,-6.4325999999999994E-2,1.86879,749,90.919537000000005,-8.8353000000000001E-2,2.0883889999999998,699,92.356223999999997,-0.14027899999999999,1.915141,582,2020-21,470.17,240.82999999999998
2020-12-01T00:00:00Z,E12000005,West Midlands,NA,91.206951,-0.249551,1.627596,709,92.316253000000003,-0.29955999999999999,1.716763,514,91.690978999999999,-0.27437400000000001,1.5678179999999999,641,90.835644000000002,-0.20089099999999999,1.7203649999999999,755,89.631034,-0.32518999999999998,1.074856,1090,90.649051,-0.29158899999999999,1.479725,955,91.366742000000002,-0.20954200000000001,1.558451,747,90.714612000000002,-0.22539200000000001,1.774154,697,92.079722000000004,-0.29938700000000001,1.5661499999999999,580,2020-21,470.17,238.82999999999998
2021-01-01T00:00:00Z,E12000005,West Midlands,NA,91.633058,0.46718700000000002,1.9071199999999999,713,92.821183000000005,0.546956,2.096606,516,92.171802999999997,0.52439599999999997,1.898585,644,91.288452000000007,0.49849100000000002,2.0230839999999999,759,89.912071999999995,0.31355,1.4674240000000001,1094,91.089369000000005,0.48573899999999998,1.808387,960,91.794697999999997,0.46839399999999998,1.8391459999999999,751,91.087457999999998,0.41101100000000002,1.968955,700,92.570854999999995,0.53337900000000005,1.9464429999999999,584,2020-21,470.17,242.82999999999998
2021-02-01T00:00:00Z,E12000005,West Midlands,NA,91.679717,5.0918999999999999E-2,1.808805,713,92.771683999999993,-5.3325999999999998E-2,1.8335129999999999,516,92.215153999999998,4.7032999999999998E-2,1.814573,644,91.383933999999996,0.10459300000000001,1.9456180000000001,760,90.176377000000002,0.29396,1.6299330000000001,1097,91.080139000000003,-1.0132E-2,1.6453530000000001,959,91.814187000000004,2.1229999999999999E-2,1.687724,751,91.198997000000006,0.12245200000000001,1.9506429999999999,701,92.583612000000002,1.3780000000000001E-2,1.8250770000000001,584,2020-21,470.17,242.82999999999998
2021-03-01T00:00:00Z,E12000005,West Midlands,NA,92.112059,0.47157900000000003,2.2251750000000001,716,93.224671999999998,0.48828199999999999,2.211611,519,92.603883999999994,0.42154700000000001,2.1669659999999999,647,91.809579999999997,0.465777,2.364884,763,90.793156999999994,0.683971,2.369634,1104,91.540131000000002,0.50504099999999996,2.144479,964,92.244511000000003,0.46869100000000002,2.1018289999999999,754,91.643606000000005,0.48751499999999998,2.3822559999999999,705,92.984466999999995,0.43296600000000002,2.1749329999999998,586,2020-21,470.17,245.82999999999998
2021-04-01T00:00:00Z,E12000005,West Midlands,NA,92.59919,0.52884600000000004,2.7798609999999999,720,93.668834000000004,0.47644300000000001,2.7036150000000001,521,93.087573000000006,0.52232000000000001,2.6826660000000002,650,92.301199999999994,0.53547900000000004,2.9230070000000001,767,91.327455999999998,0.58847899999999997,3.0232510000000001,1111,92.007220000000004,0.51025600000000004,2.645003,969,92.70523,0.49945400000000001,2.6256789999999999,758,92.163310999999993,0.56709299999999996,3.0083790000000001,709,93.463069000000004,0.51471100000000003,2.6914910000000001,589,2021-22,470.17,249.82999999999998
2021-05-01T00:00:00Z,E12000005,West Midlands,NA,93.06249,0.50032900000000002,2.845126,724,94.023865000000001,0.37902799999999998,2.5825459999999998,523,93.495733999999999,0.43847000000000003,2.670363,653,92.817110999999997,0.55894299999999997,3.0243289999999998,772,91.832398999999995,0.552894,3.211004,1117,92.482724000000005,0.51681100000000002,2.75366,974,93.207761000000005,0.54207399999999994,2.730839,762,92.661610999999994,0.54067100000000001,3.131751,712,93.828666999999996,0.39116899999999999,2.609702,592,2021-22,470.17,253.82999999999998
2021-06-01T00:00:00Z,E12000005,West Midlands,NA,93.413367,0.37703300000000001,3.109337,726,94.322063999999997,0.31715199999999999,2.7315170000000002,525,93.819886999999994,0.34670299999999998,2.9098449999999998,655,93.200686000000005,0.41325899999999999,3.3560979999999998,775,92.232457999999994,0.43564000000000003,3.5513720000000002,1122,92.913613999999995,0.46591399999999999,3.076492,979,93.553436000000005,0.37086400000000003,3.0066310000000001,765,93.033158999999998,0.40097300000000002,3.4226489999999998,715,94.109161,0.29894199999999999,2.7916120000000002,593,2021-22,470.17,255.82999999999998
2021-07-01T00:00:00Z,E12000005,West Midlands,NA,93.810332,0.424956,3.3644400000000001,730,94.668116999999995,0.36688500000000002,2.876611,527,94.168679999999995,0.37176900000000002,3.0877129999999999,658,93.625568000000001,0.45587899999999998,3.6572460000000002,778,92.717949000000004,0.52637800000000001,3.921551,1128,93.368533999999997,0.489616,3.4315989999999998,984,93.943477000000001,0.41691800000000001,3.2727659999999998,768,93.443303,0.44085800000000003,3.688383,718,94.460976000000002,0.37383699999999997,2.9637519999999999,595,2021-22,470.17,259.83
2021-08-01T00:00:00Z,E12000005,West Midlands,NA,94.072193,0.27913900000000003,3.1871830000000001,732,94.903921999999994,0.249086,2.6583450000000002,528,94.420000999999999,0.26688299999999998,2.9066640000000001,660,93.888326000000006,0.28064699999999998,3.5013200000000002,781,93.103482999999997,0.41581400000000002,3.7596750000000001,1132,93.576543999999998,0.22278300000000001,3.1541100000000002,986,94.164382000000003,0.23514699999999999,3.1362480000000001,770,93.753541999999996,0.33200800000000003,3.5262540000000002,721,94.725728000000004,0.280277,2.7795450000000002,597,2021-22,470.17,261.83
2021-09-01T00:00:00Z,E12000005,West Midlands,NA,94.3356,0.280005,3.326937,734,95.039207000000005,0.14254900000000001,2.6649970000000001,529,94.664773999999994,0.259239,3.0561440000000002,661,94.121961999999996,0.24884500000000001,3.6134149999999998,783,93.739296999999993,0.68291100000000005,4.2019820000000001,1140,93.878596000000002,0.32278699999999999,3.3965839999999998,989,94.356812000000005,0.20435600000000001,3.2120709999999999,772,94.094255000000004,0.36341400000000001,3.712399,723,94.927948999999998,0.21348,2.8583639999999999,598,2021-22,470.17,263.83
2021-10-01T00:00:00Z,E12000005,West Midlands,NA,94.529621,0.20567099999999999,3.2849179999999998,735,95.048226999999997,9.4909999999999994E-3,2.4551050000000001,529,94.797224,0.13991500000000001,2.9914830000000001,662,94.381568000000001,0.27581800000000001,3.6491349999999998,785,94.135266999999999,0.42241600000000001,4.3980459999999999,1145,94.097397999999998,0.233068,3.4039000000000001,991,94.594347999999997,0.25174200000000002,3.2491789999999998,773,94.340715000000003,0.26193,3.6711860000000001,725,94.987469000000004,6.2700000000000006E-2,2.704742,599,2021-22,470.17,264.83
2021-11-01T00:00:00Z,E12000005,West Midlands,NA,94.938537,0.43258000000000002,3.8315779999999999,738,95.353769999999997,0.321461,2.9809209999999999,530,95.195631000000006,0.42027199999999998,3.5373809999999999,665,94.824370000000002,0.46916099999999999,4.1814340000000003,788,94.590788000000003,0.48390100000000003,5.1903389999999998,1151,94.506251000000006,0.4345,3.951095,996,94.984596999999994,0.41254999999999997,3.7418670000000001,777,94.796712999999997,0.483352,4.2644039999999999,729,95.347516999999996,0.379048,3.238864,601,2021-22,470.17,267.83
2021-12-01T00:00:00Z,E12000005,West Midlands,NA,95.39311,0.47880699999999998,4.5897360000000003,742,95.720224999999999,0.38431100000000001,3.6872940000000001,532,95.602793000000005,0.42771100000000001,4.2663010000000003,668,95.328857999999997,0.53202400000000005,4.9465320000000004,793,95.223831000000004,0.66924399999999995,6.2397999999999998,1158,95.069058999999996,0.59552499999999997,4.8759550000000003,1001,95.440527000000003,0.48000399999999999,4.4587180000000002,780,95.260487999999995,0.48923,5.0111840000000001,732,95.725393999999994,0.396316,3.9592559999999999,603,2021-22,470.17,271.83
2022-01-01T00:00:00Z,E12000005,West Midlands,NA,95.84599,0.47475099999999998,4.5976109999999997,745,96.041359999999997,0.33549299999999999,3.4692270000000001,534,96.059928999999997,0.47816199999999998,4.2183469999999996,671,95.835256999999999,0.53121200000000002,4.9806999999999997,797,95.625120999999993,0.42141800000000001,6.3540409999999996,1163,95.603232000000006,0.56187900000000002,4.9554229999999997,1007,95.921792999999994,0.50425799999999998,4.4960060000000004,784,95.723849999999999,0.48641600000000002,5.0900439999999998,736,96.087503999999996,0.37828000000000001,3.7988719999999998,606,2021-22,470.17,274.83
2022-02-01T00:00:00Z,E12000005,West Midlands,NA,96.290655,0.46393800000000002,5.0293989999999997,749,96.427267999999998,0.40181499999999998,3.9404089999999998,536,96.484823000000006,0.44232100000000002,4.6301160000000001,674,96.287737000000007,0.47214400000000001,5.3661539999999999,801,96.180726000000007,0.58102399999999998,6.6584500000000002,1170,96.021441999999993,0.437444,5.4252260000000003,1011,96.361378999999999,0.45827499999999999,4.9526029999999999,788,96.196791000000005,0.49406800000000001,5.4800969999999998,740,96.511583999999999,0.44134800000000002,4.2426219999999999,608,2021-22,470.17,278.83
2022-03-01T00:00:00Z,E12000005,West Midlands,NA,95.890578,-0.415489,4.1020890000000003,746,95.974474000000001,-0.46957100000000002,2.9496509999999998,534,96.055778000000004,-0.44467600000000002,3.7275909999999999,671,95.898866999999996,-0.40386300000000003,4.4540959999999998,797,95.814643000000004,-0.38062000000000001,5.5306879999999996,1165,95.669169999999994,-0.36686800000000003,4.5106330000000003,1008,95.939932999999996,-0.43736000000000003,4.0061150000000003,784,95.825534000000005,-0.38593499999999997,4.5632510000000002,737,96.063659000000001,-0.46411599999999997,3.311512,606,2021-22,470.17,275.83
2022-04-01T00:00:00Z,E12000005,West Midlands,NA,96.278501,0.40454800000000002,3.973373,749,96.423467000000002,0.46782499999999999,2.9408210000000001,536,96.440122000000002,0.40012599999999998,3.601499,674,96.257243000000003,0.37370300000000001,4.2860149999999999,800,96.040925000000001,0.23616699999999999,5.1610649999999998,1168,96.091924000000006,0.44189200000000001,4.4395470000000001,1012,96.274144000000007,0.34835500000000003,3.8497439999999998,787,96.232101999999998,0.42427999999999999,4.4147629999999998,740,96.459682000000001,0.41225099999999998,3.2062010000000001,608,2022-23,470.17,278.83
2022-05-01T00:00:00Z,E12000005,West Midlands,NA,96.612967,0.34739399999999998,3.815153,751,96.78707,0.37708999999999998,2.9388329999999998,538,96.763537999999997,0.33535399999999999,3.495136,676,96.596727999999999,0.35268500000000003,4.0721119999999997,803,96.491140000000001,0.46877400000000002,5.0730909999999998,1174,96.433052000000004,0.35500100000000001,4.2714220000000003,1016,96.600465,0.33894999999999997,3.6399370000000002,790,96.54571,0.32588600000000001,4.1917020000000003,742,96.829159000000004,0.38303799999999999,3.1978420000000001,610,2022-23,470.17,280.83
2022-06-01T00:00:00Z,E12000005,West Midlands,NA,97.329075,0.74121300000000001,4.1918069999999998,757,97.520611000000002,0.75789200000000001,3.391092,542,97.491076000000007,0.75187300000000001,3.9130180000000001,681,97.280480999999995,0.707843,4.3774300000000004,809,97.209768999999994,0.74476200000000004,5.3964850000000002,1182,97.204975000000005,0.80047599999999997,4.6186569999999998,1024,97.300528999999997,0.72470000000000001,4.0052969999999997,796,97.250854000000004,0.73037300000000005,4.5335390000000002,748,97.545326000000003,0.739618,3.6512540000000002,615,2022-23,470.17,286.83
2022-07-01T00:00:00Z,E12000005,West Midlands,NA,97.694302,0.37524999999999997,4.1402369999999999,760,97.928303,0.41805700000000001,3.4438059999999999,545,97.877967999999996,0.39684900000000001,3.9389820000000002,684,97.603682000000006,0.33223599999999998,4.2489610000000004,811,97.625418999999994,0.42758000000000002,5.2929019999999998,1188,97.663089999999997,0.47128799999999998,4.5995749999999997,1029,97.606121000000002,0.31407000000000002,3.898774,798,97.605526999999995,0.36470000000000002,4.4542780000000004,750,97.933543999999998,0.39798800000000001,3.676193,617,2022-23,470.17,289.83
2022-08-01T00:00:00Z,E12000005,West Midlands,NA,98.052343,0.36649100000000001,4.2309530000000004,763,98.211365999999998,0.289051,3.4850439999999998,546,98.199179000000001,0.32817400000000002,4.0025190000000004,686,97.968265000000002,0.37353399999999998,4.345523,815,97.984232000000006,0.36753999999999998,5.2422829999999996,1192,97.936966999999996,0.28043000000000001,4.6597390000000001,1032,98.011093000000002,0.41490500000000002,4.0851030000000002,801,98.017458000000005,0.42203600000000002,4.548006,754,98.213380000000001,0.28573999999999999,3.6818420000000001,619,2022-23,470.17,292.83
2022-09-01T00:00:00Z,E12000005,West Midlands,NA,98.383973,0.33821699999999999,4.2914589999999997,765,98.595882000000003,0.39151900000000001,3.742324,548,98.478382999999994,0.28432499999999999,4.0285409999999997,688,98.300747000000001,0.33937800000000001,4.439756,817,98.388279999999995,0.41236,4.9594800000000001,1197,98.169318000000004,0.23724600000000001,4.5705,1034,98.309444999999997,0.30440600000000001,4.1890280000000004,804,98.396851999999996,0.38706800000000002,4.5726469999999999,757,98.567689000000001,0.36075499999999999,3.8342130000000001,621,2022-23,470.17,294.83
2022-10-01T00:00:00Z,E12000005,West Midlands,NA,98.700113,0.32133299999999998,4.4118360000000001,768,98.817873000000006,0.22515199999999999,3.9660350000000002,550,98.738074999999995,0.26370399999999999,4.1571369999999996,690,98.656363999999996,0.361763,4.5292690000000002,820,98.789394999999999,0.40768700000000002,4.9440860000000004,1202,98.545540000000003,0.38323699999999999,4.7271679999999998,1038,98.604082000000005,0.29970400000000003,4.2388729999999999,806,98.755155999999999,0.36414200000000002,4.6792540000000002,759,98.809469000000007,0.24529400000000001,4.0236890000000001,623,2022-23,470.17,297.83
2022-11-01T00:00:00Z,E12000005,West Midlands,NA,99.107845,0.413101,4.3915860000000002,771,99.155555000000007,0.34172200000000003,3.9870320000000001,552,99.135755000000003,0.40276299999999998,4.1389760000000004,693,99.094133999999997,0.44373200000000002,4.5028129999999997,824,99.140337000000002,0.355242,4.8097159999999999,1206,98.975184999999996,0.43598700000000001,4.7287179999999998,1043,99.052160999999998,0.45442199999999999,4.2823409999999997,810,99.171995999999993,0.42209400000000002,4.615437,762,99.149297000000004,0.34392200000000001,3.9872879999999999,625,2022-23,470.17,300.83
2022-12-01T00:00:00Z,E12000005,West Midlands,NA,99.66259,0.55973899999999999,4.4756689999999999,775,99.712305999999998,0.56149199999999999,4.1705719999999999,555,99.677909999999997,0.54688099999999995,4.2625500000000001,696,99.631570999999994,0.54235100000000003,4.513547,828,99.640210999999994,0.50420799999999999,4.637893,1212,99.613234000000006,0.64465499999999998,4.7798670000000003,1049,99.645857000000007,0.59937700000000005,4.4062299999999999,815,99.659555999999995,0.49163099999999998,4.6179360000000003,766,99.713168999999994,0.56871000000000005,4.1658489999999997,629,2022-23,470.17,304.83
2023-01-01T00:00:00Z,E12000005,West Midlands,NA,100,0.33855299999999999,4.334047,778,100,0.288524,4.1218079999999997,556,100,0.323131,4.10168,699,100,0.36979099999999998,4.3457319999999999,831,100,0.36108899999999999,4.5750310000000001,1216,100,0.388268,4.5989740000000001,1053,100,0.355402,4.2515960000000002,818,100,0.34160699999999999,4.4671729999999998,769,100,0.28765600000000002,4.0718050000000003,630,2022-23,470.17,307.83
2023-02-01T00:00:00Z,E12000005,West Midlands,NA,100.458202,0.458202,4.3280909999999997,781,100.489589,0.489589,4.212834,559,100.465621,0.46562100000000001,4.1258280000000003,702,100.407021,0.40702100000000002,4.2780990000000001,835,100.337045,0.33704499999999998,4.3213629999999998,1220,100.413645,0.41364499999999998,4.5741889999999996,1058,100.457171,0.45717099999999999,4.2504499999999998,821,100.45518300000001,0.455183,4.4267510000000003,772,100.489349,0.48934899999999998,4.1215409999999997,634,2022-23,470.17,310.83
2023-03-01T00:00:00Z,E12000005,West Midlands,NA,101.178224,0.71673799999999999,5.5142490000000004,787,101.233991,0.74077499999999996,5.4801209999999996,563,101.132047,0.66333799999999998,5.2847099999999996,706,101.07359,0.66386699999999998,5.3960220000000003,840,101.052184,0.71273699999999995,5.4663269999999997,1229,101.098493,0.68202700000000005,5.6751019999999999,1065,101.234016,0.77331000000000005,5.5181230000000001,828,101.13574699999999,0.67747999999999997,5.5415429999999999,778,101.228611,0.73566299999999996,5.3765929999999997,638,2022-23,470.17,316.83
2023-04-01T00:00:00Z,E12000005,West Midlands,NA,102.115421,0.92628299999999997,6.0625359999999997,794,102.115694,0.87095500000000003,5.9033629999999997,568,102.12564,0.98246999999999995,5.8953870000000004,713,101.975595,0.89242299999999997,5.9406970000000001,848,101.894865,0.83390600000000004,6.0952549999999999,1239,102.081271,0.97209999999999996,6.2329350000000003,1075,102.197801,0.95203700000000002,6.1529049999999996,836,102.035107,0.88926000000000005,6.0302160000000002,785,102.167655,0.927647,5.9174699999999998,644,2023-24,470.17,323.83
2023-05-01T00:00:00Z,E12000005,West Midlands,NA,103.311755,1.171551,6.9336320000000002,803,103.360452,1.218969,6.7915910000000004,575,103.33859200000001,1.1877059999999999,6.7949710000000003,722,103.207887,1.2084189999999999,6.8440820000000002,858,102.960668,1.0459830000000001,6.7047889999999999,1252,103.20424300000001,1.1000760000000001,7.0216500000000002,1087,103.47159000000001,1.2463949999999999,7.1129309999999997,846,103.16976699999999,1.1120300000000001,6.8610579999999999,793,103.41645200000001,1.2223010000000001,6.8030049999999997,652,2023-24,470.17,332.83
2023-06-01T00:00:00Z,E12000005,West Midlands,NA,103.923623,0.59225499999999998,6.7755179999999999,808,104.007234,0.62575400000000003,6.6515399999999998,579,103.91053599999999,0.55346600000000001,6.5846640000000001,726,103.791669,0.56563699999999995,6.6932109999999998,863,103.60333,0.62418200000000001,6.5770759999999999,1260,103.75722,0.53580899999999998,6.7406480000000002,1093,104.145543,0.65134199999999998,7.0349199999999996,852,103.732676,0.54561499999999996,6.6650549999999997,798,104.069721,0.63168800000000003,6.6885779999999997,656,2023-24,470.17,337.83
2023-07-01T00:00:00Z,E12000005,West Midlands,NA,104.337273,0.398032,6.7997529999999999,811,104.388644,0.36671500000000001,6.5970110000000002,581,104.31640299999999,0.39059300000000002,6.578023,729,104.21148700000001,0.40448099999999998,6.7700360000000002,866,104.07835300000001,0.45850200000000002,6.6098910000000002,1266,104.243313,0.46849099999999999,6.7376760000000004,1098,104.546153,0.38466400000000001,7.1102429999999996,855,104.13011899999999,0.38314100000000001,6.6846540000000001,801,104.47912700000001,0.39339600000000002,6.6836989999999998,659,2023-24,470.17,340.83
2023-08-01T00:00:00Z,E12000005,West Midlands,NA,105.111638,0.74217500000000003,7.1995170000000002,817,105.26273999999999,0.83734799999999998,7.1797950000000004,586,105.065915,0.71849799999999997,6.9926620000000002,734,104.966931,0.72491499999999998,7.1438100000000002,873,104.774523,0.66888999999999998,6.9299840000000001,1274,104.96184700000001,0.68928500000000004,7.1728589999999999,1106,105.31450700000001,0.73494199999999998,7.451619,861,104.920292,0.75883199999999995,7.0424530000000001,807,105.268581,0.75560899999999998,7.1835440000000004,664,2023-24,470.17,346.83
2023-09-01T00:00:00Z,E12000005,West Midlands,NA,105.850107,0.70255699999999999,7.5887700000000002,823,106.058041,0.75553899999999996,7.5684290000000001,590,105.796223,0.69509500000000002,7.4309099999999999,739,105.681448,0.68070600000000003,7.5082849999999999,879,105.501886,0.694218,7.2301359999999999,1283,105.718068,0.720472,7.6895199999999999,1114,106.02986,0.67925400000000002,7.8531769999999996,867,105.64819,0.69376300000000002,7.3694810000000004,812,106.036444,0.729433,7.5772849999999998,668,2023-24,470.17,352.83
2023-10-01T00:00:00Z,E12000005,West Midlands,NA,106.552718,0.66378000000000004,7.9560240000000002,829,106.799126,0.69875399999999999,8.0767310000000005,594,106.50183199999999,0.66695099999999996,7.8629819999999997,744,106.326735,0.61059699999999995,7.7748369999999998,884,106.205713,0.66712199999999999,7.5072000000000001,1292,106.431225,0.67458399999999996,8.0020720000000001,1121,106.721909,0.65269200000000005,8.2327490000000001,873,106.32208,0.63786299999999996,7.6623070000000002,817,106.786267,0.70713700000000002,8.072908,673,2023-24,470.17,358.83
2023-11-01T00:00:00Z,E12000005,West Midlands,NA,107.126474,0.53847199999999995,8.0908119999999997,833,107.424796,0.58583700000000005,8.3396640000000009,598,107.149446,0.60807800000000001,8.0835530000000002,749,106.865538,0.50674300000000005,7.8424459999999998,888,106.528363,0.30379699999999998,7.452089,1296,106.945768,0.48345100000000002,8.0531120000000005,1127,107.232057,0.478016,8.2581699999999998,877,106.90847599999999,0.55152800000000002,7.8010729999999997,822,107.441621,0.61370599999999997,8.3634719999999998,677,2023-24,470.17,362.83
2023-12-01T00:00:00Z,E12000005,West Midlands,NA,107.66071,0.49869599999999997,8.0251979999999996,837,108.01646,0.55077100000000001,8.3281139999999994,601,107.684275,0.49914199999999997,8.0322359999999993,752,107.43711500000001,0.53485700000000003,7.8344079999999998,893,106.90033699999999,0.34917900000000002,7.2863420000000003,1300,107.471931,0.49199100000000001,7.8892110000000004,1132,107.77757699999999,0.50872899999999999,8.1606210000000008,881,107.43064699999999,0.48842799999999997,7.7976369999999999,826,107.98652800000001,0.50716600000000001,8.2971579999999996,681,2023-24,470.17,366.83
2024-01-01T00:00:00Z,E12000005,West Midlands,NA,109.017899,1.2606170000000001,9.0178989999999999,848,109.54473,1.414849,9.5447299999999995,609,109.010706,1.231779,9.0107060000000008,762,108.761871,1.233052,8.7618709999999993,904,108.18718699999999,1.203784,8.1871869999999998,1316,108.85790799999999,1.289617,8.8579080000000001,1147,109.159982,1.282646,9.1599819999999994,893,108.717517,1.197862,8.7175170000000008,836,109.404483,1.3130839999999999,9.4044830000000008,690,2023-24,470.17,377.83
2024-02-01T00:00:00Z,E12000005,West Midlands,NA,109.748764,0.67040900000000003,9.2481860000000005,853,110.215065,0.61192800000000003,9.6780930000000005,613,109.753664,0.68154599999999999,9.2449969999999997,767,109.52534199999999,0.70196499999999995,9.0813570000000006,911,108.78066200000001,0.54856300000000002,8.4152539999999991,1323,109.50439,0.59387699999999999,9.0532959999999996,1154,109.92062,0.69681000000000004,9.4203810000000008,899,109.511788,0.73058199999999995,9.0155670000000008,842,110.061527,0.60056399999999999,9.5255650000000003,694,2023-24,470.17,382.83
2024-03-01T00:00:00Z,E12000005,West Midlands,NA,110.594901,0.77097599999999999,9.3070190000000004,860,111.08856,0.79253700000000005,9.7344460000000002,618,110.62237,0.79150500000000001,9.3840900000000005,773,110.37459200000001,0.77539199999999997,9.2022080000000006,918,109.483451,0.646061,8.343477,1332,110.325778,0.75009599999999998,9.1270249999999997,1162,110.84468,0.84066200000000002,9.4935130000000001,906,110.296387,0.71645199999999998,9.0577670000000001,848,110.92964499999999,0.78875700000000004,9.5832929999999994,699,2023-24,470.17,389.83
2024-04-01T00:00:00Z,E12000005,West Midlands,NA,110.875979,0.25415100000000002,8.5790749999999996,862,111.492397,0.36352699999999999,9.1824309999999993,620,110.922461,0.27127600000000002,8.6137250000000005,775,110.62795699999999,0.22955,8.4847380000000001,920,109.588202,9.5677999999999999E-2,7.5502700000000003,1333,110.536374,0.190886,8.2827169999999999,1164,111.144166,0.27018500000000001,8.7539700000000007,909,110.562839,0.24157899999999999,8.3576460000000008,850,111.25374100000001,0.29216399999999998,8.8933099999999996,701,2024-25,553.4133333333333,308.5866666666667
2024-05-01T00:00:00Z,E12000005,West Midlands,NA,111.560931,0.61776399999999998,7.9847409999999996,868,112.18413099999999,0.62043199999999998,8.5368040000000001,624,111.62796400000001,0.63603200000000004,8.0215639999999997,780,111.30472,0.61174700000000004,7.8451690000000003,925,110.258723,0.61185500000000004,7.0881970000000001,1341,111.191085,0.59230300000000002,7.7388700000000004,1171,111.795282,0.58582999999999996,8.0444230000000001,914,111.287869,0.65576299999999998,7.8686829999999999,856,111.933763,0.61123499999999997,8.2359349999999996,706,2024-25,553.4133333333333,314.5866666666667
2024-06-01T00:00:00Z,E12000005,West Midlands,NA,112.599014,0.930508,8.3478530000000006,876,113.402714,1.0862339999999999,9.0334869999999992,631,112.698336,0.95887500000000003,8.4570830000000008,787,112.305142,0.89881299999999997,8.2024620000000006,934,110.922087,0.60164300000000004,7.0642110000000002,1349,112.137092,0.85079400000000005,8.0764220000000009,1181,112.88702499999999,0.97655599999999998,8.3935250000000003,923,112.246269,0.86119000000000001,8.2072430000000001,863,113.084824,1.0283409999999999,8.6625610000000002,713,2024-25,553.4133333333333,322.5866666666667
2024-07-01T00:00:00Z,E12000005,West Midlands,NA,113.64733,0.93101699999999998,8.9230409999999996,884,114.500919,0.96841200000000005,9.6871410000000004,637,113.71052899999999,0.89814400000000005,9.0054160000000003,794,113.37011699999999,0.94828699999999999,8.7885039999999996,943,111.713145,0.71316599999999997,7.3356199999999996,1359,113.14380800000001,0.89775499999999997,8.5381920000000004,1192,113.98959499999999,0.97670199999999996,9.0327970000000004,932,113.28896899999999,0.92893899999999996,8.7955819999999996,871,114.10874099999999,0.90544100000000005,9.2167820000000003,719,2024-25,553.4133333333333,330.5866666666667
2024-08-01T00:00:00Z,E12000005,West Midlands,NA,114.744456,0.96537700000000004,9.1643679999999996,892,115.67105599999999,1.0219450000000001,9.8879389999999994,643,114.838244,0.99174099999999998,9.3011409999999994,802,114.472049,0.97197800000000001,9.0553450000000009,952,112.649131,0.83784700000000001,7.5157660000000002,1370,114.131158,0.87265099999999995,8.7358510000000003,1202,115.088883,0.96437600000000001,9.2811299999999992,941,114.41806,0.99664699999999995,9.052365,880,115.221369,0.97505900000000001,9.4546620000000008,726,2024-25,553.4133333333333,338.5866666666667
2024-09-01T00:00:00Z,E12000005,West Midlands,NA,115.178321,0.37811400000000001,8.8126639999999998,896,116.149085,0.41326600000000002,9.5146429999999995,646,115.260897,0.36804199999999998,8.9461359999999992,805,114.934224,0.40374399999999999,8.7553450000000002,956,112.84567199999999,0.17447199999999999,6.9608100000000004,1373,114.549071,0.36616900000000002,8.3533530000000003,1207,115.512395,0.36798700000000001,8.9432679999999998,945,114.878668,0.40256599999999998,8.7369959999999995,883,115.636667,0.36043500000000001,9.0537010000000002,729,2024-25,553.4133333333333,342.5866666666667
2024-10-01T00:00:00Z,E12000005,West Midlands,NA,115.825215,0.56164599999999998,8.7022619999999993,901,116.76288,0.52845399999999998,9.3294329999999999,649,115.91549000000001,0.56792299999999996,8.8389640000000007,810,115.567184,0.55071499999999995,8.6906160000000003,961,113.523033,0.60025399999999995,6.889761,1381,115.14803999999999,0.52289300000000005,8.1900919999999999,1213,116.219072,0.61177599999999999,8.8989820000000002,950,115.520843,0.55900300000000003,8.6517900000000001,888,116.25572699999999,0.53534999999999999,8.8676759999999994,733,2024-25,553.4133333333333,347.5866666666667
2024-11-01T00:00:00Z,E12000005,West Midlands,NA,116.389141,0.486877,8.6464780000000001,905,117.41300699999999,0.55679199999999995,9.2978640000000006,653,116.455626,0.465974,8.6852330000000002,814,116.210275,0.55646499999999999,8.7443869999999997,966,114.10242,0.51036899999999996,7.1098970000000001,1388,115.699697,0.47908499999999998,8.1853909999999992,1219,116.752926,0.45935100000000001,8.8787520000000004,955,116.110479,0.51041599999999998,8.6073660000000007,893,116.821112,0.48632799999999998,8.7298489999999997,736,2024-25,553.4133333333333,351.5866666666667
2024-12-01T00:00:00Z,E12000005,West Midlands,NA,116.9882,0.51470300000000002,8.6637839999999997,910,118.17340799999999,0.64763000000000004,9.4031479999999998,657,117.149644,0.59595100000000001,8.7899270000000005,818,116.78146700000001,0.49151699999999998,8.6975079999999991,971,114.586657,0.42438799999999999,7.1901739999999998,1394,116.198802,0.43137999999999999,8.1201399999999992,1224,117.275581,0.44765899999999997,8.8125970000000002,959,116.706053,0.51293699999999998,8.6338550000000005,897,117.563625,0.635598,8.8687880000000003,741,2024-25,553.4133333333333,356.5866666666667
2025-01-01T00:00:00Z,E12000005,West Midlands,NA,117.333059,0.29478100000000002,7.6273350000000004,912,118.53993800000001,0.31016199999999999,8.2114469999999997,659,117.532383,0.32670900000000003,7.8172839999999999,821,117.123741,0.29308899999999999,7.6882359999999998,974,114.868498,0.24596299999999999,6.1756960000000003,1397,116.56443,0.31465700000000002,7.0794319999999997,1228,117.6525,0.32139600000000002,7.7798829999999999,962,117.017781,0.26710600000000001,7.6347069999999997,900,117.91079499999999,0.29530400000000001,7.7751039999999998,743,2024-25,553.4133333333333,358.5866666666667
2025-02-01T00:00:00Z,E12000005,West Midlands,NA,117.925447,0.50487800000000005,7.4503649999999997,917,119.173366,0.53435900000000003,8.1280190000000001,663,118.20030800000001,0.56828999999999996,7.6960009999999999,826,117.736323,0.52302099999999996,7.4968779999999997,979,115.32725499999999,0.39937499999999998,6.0181589999999998,1403,116.968205,0.34639599999999998,6.8159960000000002,1232,118.26047199999999,0.51675199999999999,7.5871589999999998,967,117.635864,0.528196,7.4184489999999998,904,118.564267,0.55420899999999995,7.7254430000000003,747,2024-25,553.4133333333333,363.5866666666667
2025-03-01T00:00:00Z,E12000005,West Midlands,NA,118.238585,0.26553900000000003,6.9114250000000004,920,119.559211,0.323768,7.6251329999999999,665,118.501363,0.25469900000000001,7.1224230000000004,828,118.091418,0.30160199999999998,6.9914880000000004,982,115.49256800000001,0.143343,5.4886080000000002,1405,117.13663699999999,0.14399899999999999,6.1734070000000001,1234,118.583753,0.273364,6.9819069999999996,970,117.983732,0.29571599999999998,6.969716,907,118.904138,0.28665600000000002,7.1887850000000002,750,2024-25,553.4133333333333,366.5866666666667
2025-04-01T00:00:00Z,E12000005,West Midlands,NA,118.713217,0.40141900000000003,7.0684719999999999,923,120.090396,0.44428600000000001,7.7117360000000001,668,119.015704,0.43403799999999998,7.2963060000000004,831,118.552565,0.39050000000000001,7.1632959999999999,986,115.81772599999999,0.28154000000000001,5.6844840000000003,1409,117.483023,0.295711,6.284491,1238,119.03753,0.38266299999999998,7.101915,973,118.503108,0.44020900000000002,7.1816789999999999,911,119.41447700000001,0.42920199999999997,7.3352459999999997,753,2025-26,553.4133333333333,369.5866666666667
2025-05-01T00:00:00Z,E12000005,West Midlands,NA,119.248987,0.45131399999999999,6.8913520000000004,927,120.717707,0.522366,7.6067590000000003,671,119.66854499999999,0.54853399999999997,7.203017,836,119.094599,0.45721000000000001,6.9986959999999998,990,116.105321,0.24831600000000001,5.3026169999999997,1412,117.89915000000001,0.35420099999999999,6.0329160000000002,1242,119.556428,0.43591200000000002,6.942285,978,119.046598,0.45862900000000001,6.9717650000000004,915,120.030841,0.51615500000000003,7.2338120000000004,757,2025-26,553.4133333333333,373.5866666666667
2025-06-01T00:00:00Z,E12000005,West Midlands,NA,119.657509,0.34257900000000002,6.2687010000000001,931,121.368606,0.53919099999999998,7.0244280000000003,675,120.16877700000001,0.41801500000000003,6.6287060000000002,839,119.460813,0.30749799999999999,6.371632,993,116.31097800000001,0.17713000000000001,4.8582669999999997,1415,118.198593,0.25398300000000001,5.4054380000000002,1245,119.838232,0.235707,6.157667,980,119.47051,0.35608899999999999,6.4360629999999999,919,120.622157,0.49263600000000002,6.665203,760,2025-26,553.4133333333333,377.5866666666667
2025-07-01T00:00:00Z,E12000005,West Midlands,NA,119.789204,0.110059,5.4043270000000003,932,121.68406,0.25991399999999998,6.2734360000000002,677,120.314018,0.120864,5.8072800000000004,840,119.538573,6.5092999999999998E-2,5.4409900000000002,994,116.25169099999999,-5.0972999999999997E-2,4.062678,1414,118.185123,-1.1396E-2,4.4556709999999997,1245,119.922662,7.0454000000000003E-2,5.2049200000000004,981,119.59029200000001,0.100261,5.5621679999999998,919,120.912294,0.240534,5.9623419999999996,762,2025-26,553.4133333333333,378.5866666666667
2025-08-01T00:00:00Z,E12000005,West Midlands,NA,120.287189,0.41571799999999998,4.8305020000000001,935,122.108226,0.34858,5.5650659999999998,679,120.802018,0.40560600000000002,5.1931960000000004,844,120.054669,0.43174000000000001,4.8768409999999998,998,116.770723,0.44647199999999998,3.6587869999999998,1420,118.51778,0.28147100000000003,3.8434919999999999,1248,120.430401,0.42338900000000002,4.6412120000000003,985,120.193258,0.504193,5.047453,924,121.346628,0.35921399999999998,5.3160790000000002,765,2025-26,553.4133333333333,381.5866666666667
2025-09-01T00:00:00Z,E12000005,West Midlands,NA,121.075592,0.65543399999999996,5.1201230000000004,942,122.89706,0.64601200000000003,5.8097529999999997,684,121.55060899999999,0.61968400000000001,5.4569349999999996,849,120.87234599999999,0.681087,5.1665390000000002,1005,117.59413600000001,0.70515399999999995,4.2079269999999998,1430,119.29212699999999,0.65335900000000002,4.1406320000000001,1257,121.23344899999999,0.66681400000000002,4.9527619999999999,991,121.02363099999999,0.69086499999999995,5.3490900000000003,930,122.065789,0.59265100000000004,5.559761,770,2025-26,553.4133333333333,388.5866666666667
2025-10-01T00:00:00Z,E12000005,West Midlands,NA,121.896459,0.67797799999999997,5.2417290000000003,948,123.608548,0.57892999999999994,5.8628799999999996,688,122.3396,0.64910500000000004,5.5420629999999997,855,121.766408,0.73967499999999997,5.3641740000000002,1012,118.289057,0.59094800000000003,4.1982879999999998,1439,120.059978,0.64367300000000005,4.2657590000000001,1265,122.103154,0.71738100000000005,5.0629229999999996,998,121.91106000000001,0.73326899999999995,5.531657,937,122.767796,0.57510499999999998,5.6015030000000001,774,2025-26,553.4133333333333,394.5866666666667
2025-11-01T00:00:00Z,E12000005,West Midlands,NA,122.779018,0.72402299999999997,5.4900969999999996,955,124.468148,0.69542099999999996,6.0088239999999997,692,123.221889,0.72118000000000004,5.8101640000000003,861,122.66463899999999,0.73766699999999996,5.5540390000000004,1020,119.395528,0.93539600000000001,4.6389100000000001,1452,121.02958700000001,0.80760399999999999,4.6066589999999996,1275,122.998261,0.733074,5.349189,1006,122.778795,0.71177699999999999,5.7430779999999997,944,123.604865,0.68183099999999996,5.806959,779,2025-26,553.4133333333333,401.5866666666667
2025-12-01T00:00:00Z,E12000005,West Midlands,NA,123.097746,0.25959500000000002,5.2223600000000001,957,124.787094,0.256247,5.5965939999999996,694,123.498901,0.22480800000000001,5.4197839999999999,863,123.047712,0.31229299999999999,5.3657859999999999,1023,119.493268,8.1863000000000005E-2,4.2820090000000004,1453,121.29640000000001,0.22045300000000001,4.3869629999999997,1278,123.324388,0.26514700000000002,5.1577719999999996,1008,123.179446,0.32631900000000003,5.5467500000000003,947,123.82674,0.179503,5.327426,781,2025-26,553.4133333333333,403.5866666666667
2026-01-01T00:00:00Z,E12000005,West Midlands,NA,123.667913,0.46318300000000001,5.3990359999999997,962,125.41520199999999,0.50334400000000001,5.7999559999999999,698,124.16726300000001,0.541188,5.6451510000000003,867,123.59674200000001,0.44619300000000001,5.5266339999999996,1028,120.01785700000001,0.43901099999999998,4.4828299999999999,1460,121.712889,0.34336499999999998,4.416836,1282,123.931136,0.49199399999999999,5.3365939999999998,1013,123.757959,0.46965099999999999,5.7599600000000004,952,124.439126,0.49455100000000002,5.53667,784,2025-26,553.4133333333333,408.5866666666667
2026-02-01T00:00:00Z,E12000005,West Midlands,NA,123.73007,5.0261E-2,4.9222809999999999,962,125.47044,4.4044E-2,5.2839609999999997,698,124.241423,5.9726000000000001E-2,5.1109140000000002,868,123.69598999999999,8.0299999999999996E-2,5.061877,1028,120.009602,-6.8780000000000004E-3,4.0600529999999999,1460,121.73745599999999,2.0184000000000001E-2,4.0773919999999997,1282,124.041263,8.8860999999999996E-2,4.888185,1014,123.81149499999999,4.3257999999999998E-2,5.2497850000000001,952,124.474751,2.8629000000000002E-2,4.9850469999999998,785,2025-26,553.4133333333333,408.5866666666667
2026-03-01T00:00:00Z,E12000005,West Midlands,NA,123.943831,0.172764,4.8251980000000003,964,125.655962,0.14786099999999999,5.0993570000000004,699,124.477435,0.18996199999999999,5.0430400000000004,870,123.927837,0.18743299999999999,4.9422889999999997,1030,119.983088,-2.2093000000000002E-2,3.888147,1459,121.86371800000001,0.103716,4.0355270000000001,1284,124.257184,0.174072,4.7843239999999998,1016,124.07145,0.20996100000000001,5.1597949999999999,954,124.67013799999999,0.156969,4.8492839999999999,786,2025-26,553.4133333333333,410.5866666666667
2026-04-01T00:00:00Z,E12000005,West Midlands,NA,124.007325,5.1228000000000003E-2,4.4595779999999996,964,125.72740899999999,5.6859E-2,4.693975,699,124.535265,4.6459E-2,4.6376749999999998,870,124.03516500000001,8.6605000000000001E-2,4.6246150000000004,1031,120.006264,1.9314999999999999E-2,3.6164909999999999,1460,121.886515,1.8707000000000001E-2,3.7481939999999998,1284,124.297725,3.2627000000000003E-2,4.418939,1016,124.172668,8.158E-2,4.784313,955,124.73197399999999,4.9599999999999998E-2,4.4529750000000003,786,2026-27,NA,NA
2015-01-01T00:00:00Z,E12000006,East of England,NA,76.408882,NA,NA,800,76.558250000000001,NA,NA,548,77.391531999999998,NA,NA,717,75.928104000000005,NA,NA,858,75.677837999999994,NA,NA,1253,76.262974999999997,NA,NA,1102,76.269581000000002,NA,NA,866,76.008790000000005,NA,NA,784,77.118499999999997,NA,NA,638,2014-15,NA,NA
2015-02-01T00:00:00Z,E12000006,East of England,NA,76.833454,0.55565900000000001,NA,805,77.053511,0.64690800000000004,NA,551,77.822192999999999,0.55647100000000005,NA,721,76.374289000000005,0.587642,NA,863,76.025317999999999,0.45915699999999998,NA,1259,76.664955000000006,0.52709700000000004,NA,1108,76.699676999999994,0.56391599999999997,NA,871,76.405710999999997,0.522204,NA,788,77.597447000000003,0.62105299999999997,NA,642,2014-15,NA,NA
2015-03-01T00:00:00Z,E12000006,East of England,NA,77.116807,0.368788,NA,808,77.261345000000006,0.26972600000000002,NA,553,78.118437,0.38066800000000001,NA,724,76.624199000000004,0.32721699999999998,NA,865,76.400766000000004,0.49384600000000001,NA,1265,77.022299000000004,0.46611200000000003,NA,1113,76.951899999999995,0.32884600000000003,NA,874,76.685682999999997,0.36642799999999998,NA,791,77.845090999999996,0.31913900000000001,NA,644,2014-15,NA,NA
2015-04-01T00:00:00Z,E12000006,East of England,NA,77.378282,0.339063,NA,811,77.571533000000002,0.40148,NA,555,78.360749999999996,0.31018600000000002,NA,726,76.905061000000003,0.36654500000000001,NA,869,76.600499999999997,0.26142900000000002,NA,1269,77.281649000000002,0.33672099999999999,NA,1117,77.239620000000002,0.37389499999999998,NA,877,76.912906000000007,0.29630400000000001,NA,793,78.132266000000001,0.36890600000000001,NA,647,2015-16,489.45000000000005,321.54999999999995
2015-05-01T00:00:00Z,E12000006,East of England,NA,77.720192,0.44186900000000001,NA,814,77.843507000000002,0.35060999999999998,NA,557,78.729156000000003,0.47014099999999998,NA,729,77.256686999999999,0.45722099999999999,NA,873,76.855806000000001,0.33329599999999998,NA,1273,77.622574,0.44114599999999998,NA,1122,77.588063000000005,0.45112000000000002,NA,881,77.245322000000002,0.432199,NA,797,78.481928999999994,0.44752700000000001,NA,649,2015-16,489.45000000000005,324.54999999999995
2015-06-01T00:00:00Z,E12000006,East of England,NA,78.029206,0.39759800000000001,NA,817,78.101888000000002,0.331924,NA,559,79.050848999999999,0.40860800000000003,NA,732,77.590003999999993,0.43144199999999999,NA,876,77.081571999999994,0.29375299999999999,NA,1277,77.961039999999997,0.43604100000000001,NA,1127,77.901523999999995,0.40400599999999998,NA,885,77.541336999999999,0.383214,NA,800,78.777294999999995,0.37635000000000002,NA,652,2015-16,489.45000000000005,327.54999999999995
2015-07-01T00:00:00Z,E12000006,East of England,NA,78.29876,0.34545199999999998,NA,820,78.428595999999999,0.41830899999999999,NA,561,79.280496999999997,0.29050599999999999,NA,734,77.833240000000004,0.31348799999999999,NA,879,77.411921000000007,0.42857000000000001,NA,1282,78.293758999999994,0.42677599999999999,NA,1131,78.170028000000002,0.34467100000000001,NA,888,77.763171,0.28608499999999998,NA,802,79.056101999999996,0.35391800000000001,NA,654,2015-16,489.45000000000005,330.54999999999995
2015-08-01T00:00:00Z,E12000006,East of England,NA,78.619697,0.409889,NA,824,78.650979000000007,0.283549,NA,563,79.610855000000001,0.41669600000000001,NA,737,78.130629999999996,0.38208599999999998,NA,882,77.894722999999999,0.62367899999999998,NA,1290,78.678109000000006,0.49090699999999998,NA,1137,78.496426999999997,0.417549,NA,892,78.039451999999997,0.35528500000000002,NA,805,79.375611000000006,0.40415400000000001,NA,657,2015-16,489.45000000000005,334.54999999999995
2015-09-01T00:00:00Z,E12000006,East of England,NA,78.990789,0.47200799999999998,NA,827,78.953351999999995,0.38444899999999999,NA,565,79.948740999999998,0.42442200000000002,NA,741,78.522250999999997,0.50123899999999999,NA,887,78.387629000000004,0.63278500000000004,NA,1298,79.079415999999995,0.51006300000000004,NA,1143,78.857823999999994,0.46039999999999998,NA,896,78.426938000000007,0.49652499999999999,NA,809,79.703761,0.41341499999999998,NA,660,2015-16,489.45000000000005,337.54999999999995
2015-10-01T00:00:00Z,E12000006,East of England,NA,79.443581,0.57322200000000001,NA,832,79.405260999999996,0.57237499999999997,NA,568,80.408178000000007,0.57466499999999998,NA,745,79.007312999999996,0.61773800000000001,NA,892,78.788090999999994,0.51087400000000005,NA,1305,79.502565000000004,0.53509300000000004,NA,1149,79.346203000000003,0.61931499999999995,NA,901,78.871071999999998,0.56630400000000003,NA,813,80.162695999999997,0.57580100000000001,NA,663,2015-16,489.45000000000005,342.54999999999995
2015-11-01T00:00:00Z,E12000006,East of England,NA,79.754022,0.39076899999999998,NA,835,79.678460000000001,0.344057,NA,570,80.708147999999994,0.37305899999999997,NA,748,79.304360000000003,0.37597399999999997,NA,896,79.175415999999998,0.49160300000000001,NA,1311,79.843810000000005,0.42922500000000002,NA,1154,79.646949000000006,0.37903100000000001,NA,905,79.174403999999996,0.38459199999999999,NA,816,80.463005999999993,0.37462499999999999,NA,666,2015-16,489.45000000000005,345.54999999999995
2015-12-01T00:00:00Z,E12000006,East of England,NA,80.058134,0.38131199999999998,NA,839,79.992400000000004,0.394009,NA,572,81.012493000000006,0.37709300000000001,NA,750,79.623766000000003,0.40276000000000001,NA,899,79.435169000000002,0.328073,NA,1316,80.111703000000006,0.33552100000000001,NA,1158,79.985665999999995,0.42527199999999998,NA,909,79.466566999999998,0.36901299999999998,NA,819,80.785185999999996,0.40040700000000001,NA,669,2015-16,489.45000000000005,349.54999999999995
2016-01-01T00:00:00Z,E12000006,East of England,NA,80.40418,0.43224400000000002,5.2288410000000001,842,80.425748999999996,0.54173800000000005,5.0517079999999996,575,81.422019000000006,0.50550899999999999,5.2079170000000001,754,79.993617,0.464499,5.354425,903,79.653431999999995,0.27476899999999999,5.2533139999999996,1319,80.463565000000003,0.43921399999999999,5.5080330000000002,1163,80.312572000000003,0.40870499999999998,5.3009219999999999,912,79.770043000000001,0.38189099999999998,4.9484450000000004,823,81.203256999999994,0.51751100000000005,5.2967279999999999,672,2015-16,489.45000000000005,352.54999999999995
2016-02-01T00:00:00Z,E12000006,East of England,NA,80.796604,0.488064,5.1581039999999998,846,80.850873000000007,0.52859199999999995,4.9282139999999997,579,81.849134000000006,0.52456899999999995,5.1745390000000002,758,80.388919999999999,0.49416700000000002,5.2565210000000002,908,79.974350000000001,0.40289199999999997,5.1943640000000002,1325,80.822614999999999,0.44622699999999998,5.4231559999999996,1168,80.699224000000001,0.481435,5.214556,917,80.150182000000001,0.47654400000000002,4.9007740000000002,827,81.640844999999999,0.53888000000000003,5.2107359999999998,676,2015-16,489.45000000000005,356.54999999999995
2016-03-01T00:00:00Z,E12000006,East of England,NA,81.200739,0.50018799999999997,5.2957749999999999,851,81.274665999999996,0.52416600000000002,5.1944739999999996,582,82.180662999999996,0.40505000000000002,5.2000859999999998,761,80.839040999999995,0.55992900000000001,5.5006659999999998,913,80.387991,0.51721799999999996,5.2188290000000004,1331,81.266096000000005,0.548709,5.5098289999999999,1174,81.149354000000002,0.55778700000000003,5.4546460000000003,922,80.533651000000006,0.47843799999999997,5.0178440000000002,831,82.004239999999996,0.44511400000000001,5.342854,679,2015-16,489.45000000000005,361.54999999999995
2016-04-01T00:00:00Z,E12000006,East of England,NA,81.571763,0.45692199999999999,5.4194560000000003,855,81.580180999999996,0.37590499999999999,5.1676789999999997,584,82.567874000000003,0.47116999999999998,5.3689169999999997,765,81.208625999999995,0.45718700000000001,5.5959459999999996,917,80.811190999999994,0.526447,5.4969510000000001,1338,81.691693999999998,0.52370899999999998,5.7064579999999996,1181,81.531571,0.47100399999999998,5.5566700000000004,926,80.873662999999993,0.42219800000000002,5.1496649999999997,834,82.365913000000006,0.44104199999999999,5.4185639999999999,682,2016-17,489.45000000000005,365.54999999999995
2016-05-01T00:00:00Z,E12000006,East of England,NA,81.883855,0.38259700000000002,5.3572470000000001,858,81.925571000000005,0.423375,5.2439369999999998,586,82.897559000000001,0.39928999999999998,5.2946119999999999,768,81.491322999999994,0.348111,5.481255,920,81.087491999999997,0.34190900000000002,5.5060070000000003,1343,82.012905000000003,0.39319900000000002,5.6559980000000003,1185,81.851044999999999,0.39184099999999999,5.4943780000000002,930,81.175831000000002,0.37363000000000002,5.0883459999999996,837,82.677836999999997,0.37870500000000001,5.3463370000000001,684,2016-17,489.45000000000005,368.54999999999995
2016-06-01T00:00:00Z,E12000006,East of England,NA,82.280903,0.48489199999999999,5.4488529999999997,862,82.199315999999996,0.33413799999999999,5.2462590000000002,588,83.243708999999996,0.41756399999999999,5.3040039999999999,771,81.900150999999994,0.50168400000000002,5.5550290000000002,925,81.642066,0.68391999999999997,5.9164510000000003,1352,82.469610000000003,0.556871,5.7831070000000002,1192,82.249013000000005,0.48620999999999998,5.5807500000000001,934,81.592420000000004,0.51319300000000001,5.2244169999999999,841,83.004311000000001,0.39487499999999998,5.36578,687,2016-17,489.45000000000005,372.54999999999995
2016-07-01T00:00:00Z,E12000006,East of England,NA,82.600561,0.38849600000000001,5.4940860000000002,865,82.502230999999995,0.36851299999999998,5.1940689999999998,590,83.546368999999999,0.36358299999999999,5.3807340000000003,774,82.221575000000001,0.392457,5.6381240000000004,929,82.014999000000003,0.45678999999999997,5.9462130000000002,1358,82.777625,0.37348799999999999,5.7269769999999998,1196,82.595596,0.42138300000000001,5.6614639999999996,938,81.905607000000003,0.38384400000000002,5.3269890000000002,845,83.318264999999997,0.37823800000000002,5.3913149999999996,690,2016-17,489.45000000000005,375.54999999999995
2016-08-01T00:00:00Z,E12000006,East of England,NA,82.925424,0.39329399999999998,5.4766510000000004,869,82.832048999999998,0.39976899999999999,5.3159799999999997,593,83.809280000000001,0.314689,5.2736840000000003,776,82.560452999999995,0.41215200000000002,5.6697649999999999,932,82.427092000000002,0.50246100000000005,5.8185830000000003,1365,83.198797999999996,0.50880099999999995,5.7458030000000004,1202,82.898967999999996,0.36729699999999998,5.6085880000000001,942,82.207521999999997,0.368614,5.3409779999999998,848,83.619820000000004,0.361931,5.3469939999999996,692,2016-17,489.45000000000005,379.54999999999995
2016-09-01T00:00:00Z,E12000006,East of England,NA,83.317588,0.472912,5.4775999999999998,873,83.214752000000004,0.46202199999999999,5.3973639999999996,595,84.183105999999995,0.446044,5.2963509999999996,780,82.964591999999996,0.489508,5.6574309999999999,937,82.868014000000002,0.53492399999999996,5.7156789999999997,1372,83.572286000000005,0.44890999999999998,5.6814650000000002,1208,83.302674999999994,0.486987,5.6365379999999998,946,82.615544,0.49633100000000002,5.3407749999999998,852,83.995088999999993,0.44878000000000001,5.3840969999999997,695,2016-17,489.45000000000005,383.54999999999995
2016-10-01T00:00:00Z,E12000006,East of England,NA,83.690807,0.44794699999999998,5.3462160000000001,877,83.565877999999998,0.42195199999999999,5.2397239999999998,598,84.527711999999994,0.40935199999999999,5.1232769999999999,783,83.348726999999997,0.46300999999999998,5.4949519999999996,941,83.256764000000004,0.46911999999999998,5.6717630000000003,1379,83.979934999999998,0.48777999999999999,5.6317310000000003,1214,83.706449000000006,0.48470600000000003,5.4952170000000002,951,82.976393000000002,0.43678099999999997,5.2051030000000003,856,84.333275999999998,0.40262700000000001,5.2026450000000004,698,2016-17,489.45000000000005,387.54999999999995
2016-11-01T00:00:00Z,E12000006,East of England,NA,83.99266,0.36067700000000003,5.3146380000000004,880,83.850668999999996,0.34079799999999999,5.236307,600,84.845849999999999,0.37637199999999998,5.1267459999999998,786,83.713665000000006,0.43784499999999998,5.5599790000000002,945,83.439769999999996,0.219809,5.3859579999999996,1382,84.235624999999999,0.30446600000000001,5.5005090000000001,1217,84.022068000000004,0.37705499999999997,5.4931400000000004,954,83.284334000000001,0.37112000000000001,5.1909840000000003,859,84.649467999999999,0.37493199999999999,5.202966,701,2016-17,489.45000000000005,390.54999999999995
2016-12-01T00:00:00Z,E12000006,East of England,NA,84.174987,0.21707499999999999,5.1423290000000001,882,84.014239000000003,0.195073,5.0277760000000002,601,85.026014000000004,0.212343,4.9542000000000002,788,83.868268,0.18468100000000001,5.3306979999999999,947,83.717841000000007,0.33326,5.3914059999999999,1387,84.460020999999998,0.26639099999999999,5.4278190000000004,1221,84.197794999999999,0.209145,5.2661059999999997,956,83.452077000000003,0.20141000000000001,5.0153290000000004,861,84.825210999999996,0.20761299999999999,5.0009490000000003,702,2016-17,489.45000000000005,392.54999999999995
2017-01-01T00:00:00Z,E12000006,East of England,NA,84.629333,0.53976400000000002,5.2548919999999999,887,84.454974000000007,0.52459599999999995,5.0098690000000001,604,85.468536,0.520455,4.9698079999999996,792,84.342005,0.56485799999999997,5.435918,953,84.137670999999997,0.50148199999999998,5.6296869999999997,1393,84.891818000000001,0.51124400000000003,5.5034260000000002,1227,84.690849,0.58559000000000005,5.4515469999999997,962,83.912194999999997,0.55135599999999996,5.1926170000000003,865,85.255949999999999,0.507795,4.9908000000000001,706,2016-17,489.45000000000005,397.54999999999995
2017-02-01T00:00:00Z,E12000006,East of England,NA,84.885681,0.30290600000000001,5.0609510000000002,889,84.718731000000005,0.312305,4.7839410000000004,606,85.718986999999998,0.29303200000000001,4.7280319999999998,794,84.613657000000003,0.32208399999999998,5.2553720000000004,956,84.348738999999995,0.250861,5.469741,1397,85.088089999999994,0.23120199999999999,5.2775759999999998,1230,84.931248999999994,0.283856,5.2441950000000004,965,84.209540000000004,0.354352,5.0646899999999997,868,85.515071000000006,0.30393399999999998,4.7454499999999999,708,2016-17,489.45000000000005,399.54999999999995
2017-03-01T00:00:00Z,E12000006,East of England,NA,85.161918,0.32542300000000002,4.8782540000000001,892,85.032790000000006,0.37070700000000001,4.6239800000000004,608,85.951109000000002,0.27079399999999998,4.5879950000000003,796,84.897121999999996,0.335011,5.019952,959,84.608637999999999,0.30812400000000001,5.2503450000000003,1401,85.381084999999999,0.34434300000000001,5.0635979999999998,1234,85.235226999999995,0.35791099999999998,5.0350039999999998,968,84.479759000000001,0.32088899999999998,4.8999490000000003,871,85.763057000000003,0.289991,4.5836860000000001,710,2016-17,489.45000000000005,402.54999999999995
2017-04-01T00:00:00Z,E12000006,East of England,NA,85.418211,0.30094799999999999,4.7154160000000003,895,85.356750000000005,0.38098300000000002,4.6292720000000003,611,86.217960000000005,0.31046800000000002,4.4207099999999997,799,85.091469000000004,0.22892100000000001,4.7813179999999997,961,84.879373000000001,0.31998500000000002,5.0341810000000002,1406,85.651728000000006,0.31698300000000001,4.8475359999999998,1238,85.475147000000007,0.28148000000000001,4.8368710000000004,971,84.693276999999995,0.252745,4.7229400000000004,873,86.078130000000002,0.36737599999999998,4.5069819999999998,712,2017-18,491.14000000000004,403.85999999999996
2017-05-01T00:00:00Z,E12000006,East of England,NA,85.527679,0.12815499999999999,4.4499909999999998,896,85.536181999999997,0.21021500000000001,4.407184,612,86.351783999999995,0.15521699999999999,4.1668599999999998,800,85.206812999999997,0.13555300000000001,4.5593690000000002,962,85.009906999999998,0.15378800000000001,4.8372630000000001,1408,85.756116000000006,0.121875,4.5641740000000004,1239,85.598312000000007,0.144094,4.5781549999999998,972,84.783996000000002,0.107114,4.4448749999999997,874,86.202907999999994,0.14496000000000001,4.2636229999999999,713,2017-18,491.14000000000004,404.85999999999996
2017-06-01T00:00:00Z,E12000006,East of England,NA,85.752185,0.26249600000000001,4.2188189999999999,898,85.851358000000005,0.36847099999999999,4.4429109999999996,614,86.590529000000004,0.27647899999999997,4.0205080000000004,802,85.433852999999999,0.266457,4.3146449999999996,965,85.157662999999999,0.17380999999999999,4.3061109999999996,1410,85.962435999999997,0.24059,4.2352889999999999,1242,85.803102999999993,0.23924699999999999,4.3211339999999998,975,84.995626999999999,0.249613,4.1709849999999999,877,86.473375000000004,0.31375599999999998,4.1793779999999998,716,2017-18,491.14000000000004,406.85999999999996
2017-07-01T00:00:00Z,E12000006,East of England,NA,85.969585,0.253521,4.0786939999999996,901,86.014144000000002,0.189614,4.2567500000000003,615,86.818391000000005,0.26314900000000002,3.9164150000000002,804,85.661535999999998,0.26650299999999999,4.18377,967,85.380261000000004,0.26139400000000002,4.1032279999999997,1414,86.178246000000001,0.25105100000000002,4.1081409999999998,1245,86.035612,0.27097900000000003,4.1648899999999998,977,85.229191999999998,0.27479599999999998,4.057823,879,86.657938000000001,0.21343400000000001,4.0083320000000002,717,2017-18,491.14000000000004,409.85999999999996
2017-08-01T00:00:00Z,E12000006,East of England,NA,86.12991,0.18648999999999999,3.8642979999999998,902,86.299949999999995,0.33227699999999999,4.1866649999999996,617,86.910325,0.105892,3.7001219999999999,805,85.833235000000002,0.20043900000000001,3.964105,969,85.451133999999996,8.3008999999999999E-2,3.6687479999999999,1415,86.322271999999998,0.167126,3.7542300000000002,1247,86.189847999999998,0.17927000000000001,3.9697480000000001,979,85.376069999999999,0.17233399999999999,3.8543289999999999,880,86.851782,0.223688,3.8650669999999998,719,2017-18,491.14000000000004,410.85999999999996
2017-09-01T00:00:00Z,E12000006,East of England,NA,86.371986,0.281059,3.6659700000000002,905,86.540932999999995,0.27923900000000001,3.9971049999999999,619,87.141161999999994,0.26560400000000001,3.5138349999999998,807,86.041048000000004,0.24211199999999999,3.7081550000000001,972,85.795843000000005,0.40339900000000001,3.5331229999999998,1421,86.614542999999998,0.33858100000000002,3.6402709999999998,1252,86.432805000000002,0.28188600000000003,3.7575379999999998,982,85.590346999999994,0.25097999999999998,3.6007790000000002,883,87.093915999999993,0.27878900000000001,3.689295,721,2017-18,491.14000000000004,413.85999999999996
2017-10-01T00:00:00Z,E12000006,East of England,NA,86.607106,0.27221899999999999,3.4846110000000001,907,86.825047999999995,0.32830199999999998,3.9001209999999999,621,87.405506000000003,0.30335099999999998,3.4045580000000002,810,86.296411000000006,0.296792,3.5365679999999999,975,85.832363000000001,4.2566E-2,3.0935609999999998,1422,86.702646000000001,0.101717,3.2420969999999998,1253,86.700450000000004,0.30965700000000002,3.5767869999999999,985,85.850519000000006,0.30397299999999999,3.4637880000000001,885,87.369361999999995,0.31626399999999999,3.600104,723,2017-18,491.14000000000004,415.85999999999996
2017-11-01T00:00:00Z,E12000006,East of England,NA,86.68269,8.7272000000000002E-2,3.202696,908,86.911461000000003,9.9525000000000002E-2,3.65029,622,87.468629000000007,7.2218000000000004E-2,3.0912280000000001,810,86.379722999999998,9.6542000000000003E-2,3.1847340000000002,976,85.808369999999996,-2.7954E-2,2.8386939999999998,1421,86.731914000000003,3.3758000000000003E-2,2.96346,1253,86.785994000000002,9.8666000000000004E-2,3.2895240000000001,986,85.905230000000003,6.3728999999999994E-2,3.146925,886,87.494523000000001,0.14325499999999999,3.3609840000000002,724,2017-18,491.14000000000004,416.85999999999996
2017-12-01T00:00:00Z,E12000006,East of England,NA,86.856822,0.20088400000000001,3.186023,910,87.093508999999997,0.20946400000000001,3.6651769999999999,623,87.597483999999994,0.147317,3.0243329999999999,811,86.496556999999996,0.13525599999999999,3.1338300000000001,977,86.078637999999998,0.314967,2.8199450000000001,1426,86.942273,0.24254000000000001,2.9389669999999999,1256,86.936274999999995,0.17316300000000001,3.2524359999999999,988,86.081795,0.20553399999999999,3.1511710000000002,888,87.661461000000003,0.190798,3.3436400000000002,725,2017-18,491.14000000000004,418.85999999999996
2018-01-01T00:00:00Z,E12000006,East of England,NA,86.949319,0.10649500000000001,2.7413500000000002,911,87.197299000000001,0.11917,3.2470850000000002,624,87.756686000000002,0.18174299999999999,2.677184,813,86.588815999999994,0.10666200000000001,2.663929,978,86.092654999999993,1.6282999999999999E-2,2.323553,1426,87.068588000000005,0.145285,2.5641690000000001,1258,87.018659,9.4763E-2,2.748596,988,86.127904999999998,5.3566000000000003E-2,2.6405099999999999,888,87.798620999999997,0.15646599999999999,2.9823979999999999,727,2017-18,491.14000000000004,419.85999999999996
2018-02-01T00:00:00Z,E12000006,East of England,NA,87.191432,0.27845199999999998,2.7163020000000002,913,87.447258000000005,0.286659,3.2206890000000001,626,87.949877000000001,0.22014300000000001,2.6025619999999998,815,86.861483000000007,0.31489800000000001,2.6565759999999998,981,86.367424999999997,0.31915700000000002,2.393262,1430,87.319293999999999,0.287941,2.6222289999999999,1262,87.325711999999996,0.35285899999999998,2.8192949999999999,992,86.377696,0.29002299999999998,2.5747149999999999,891,87.971027000000007,0.19636500000000001,2.871956,728,2017-18,491.14000000000004,421.85999999999996
2018-03-01T00:00:00Z,E12000006,East of England,NA,87.287051,0.109666,2.495403,914,87.566423,0.136271,2.9795950000000002,627,88.082290999999998,0.150556,2.4795289999999999,816,86.930295000000001,7.9219999999999999E-2,2.3948670000000001,982,86.381467000000001,1.6258000000000002E-2,2.0953279999999999,1431,87.327269000000001,9.1330000000000005E-3,2.2794089999999998,1262,87.422506999999996,0.110843,2.5661689999999999,993,86.488288999999995,0.12803500000000001,2.3775279999999999,892,88.103859,0.15099599999999999,2.7293829999999999,729,2017-18,491.14000000000004,422.85999999999996
2018-04-01T00:00:00Z,E12000006,East of England,NA,87.394196,0.12275,2.3133059999999999,916,87.757097000000002,0.217749,2.8121360000000002,628,88.143049000000005,6.8977999999999998E-2,2.2328169999999998,816,87.039755999999997,0.125919,2.2896390000000002,983,86.467106000000001,9.9141000000000007E-2,1.870576,1432,87.441495000000003,0.130801,2.0895860000000002,1264,87.557574000000002,0.154499,2.4362949999999999,995,86.579488999999995,0.105447,2.227109,893,88.203719000000007,0.113343,2.4693719999999999,730,2018-19,500.95259259259257,415.04740740740743
2018-05-01T00:00:00Z,E12000006,East of England,NA,87.431745,4.2965000000000003E-2,2.2262580000000001,916,87.748810000000006,-9.443E-3,2.5867740000000001,628,88.215078000000005,8.1719E-2,2.157794,817,87.044708999999997,5.6899999999999997E-3,2.1569820000000002,983,86.515602999999999,5.6087999999999999E-2,1.771201,1433,87.489884000000004,5.534E-2,2.0217429999999998,1264,87.586053000000007,3.2525999999999999E-2,2.3221729999999998,995,86.613037000000006,3.8747999999999998E-2,2.157295,893,88.246808999999999,4.8852E-2,2.3710339999999999,730,2018-19,500.95259259259257,415.04740740740743
2018-06-01T00:00:00Z,E12000006,East of England,NA,87.54332,0.12761400000000001,2.0887340000000001,917,87.830565000000007,9.3169000000000002E-2,2.3053880000000002,628,88.325508999999997,0.12518399999999999,2.00366,818,87.192727000000005,0.17004900000000001,2.0587559999999998,985,86.630256000000003,0.132522,1.7292540000000001,1435,87.562966000000003,8.3531999999999995E-2,1.8618939999999999,1265,87.719519000000005,0.15238299999999999,2.2335039999999999,996,86.731459000000001,0.13672599999999999,2.0422600000000002,894,88.356577000000001,0.124388,2.1777829999999998,731,2018-19,500.95259259259257,416.04740740740743
2018-07-01T00:00:00Z,E12000006,East of England,NA,87.652196,0.12436800000000001,1.957217,918,87.970589000000004,0.15942500000000001,2.2745609999999998,629,88.431348,0.119828,1.8578509999999999,819,87.293627000000001,0.11572,1.9052789999999999,986,86.656605999999996,3.0415999999999999E-2,1.4948950000000001,1435,87.660015000000001,0.110834,1.7194229999999999,1267,87.813869999999994,0.10756,2.0668859999999998,998,86.819890999999998,0.10196,1.8663780000000001,895,88.511657,0.17551600000000001,2.1391209999999998,732,2018-19,500.95259259259257,417.04740740740743
2018-08-01T00:00:00Z,E12000006,East of England,NA,87.80707,0.17669099999999999,1.9472449999999999,920,88.006613999999999,4.0951000000000001E-2,1.9775959999999999,630,88.592079999999996,0.181759,1.935046,821,87.439918000000006,0.16758600000000001,1.871866,988,86.911991999999998,0.294711,1.7095830000000001,1439,87.808059,0.16888400000000001,1.721209,1269,87.999077,0.21090900000000001,2.0991209999999998,1000,87.003822999999997,0.21185599999999999,1.906568,897,88.608092999999997,0.10895299999999999,2.0221930000000001,733,2018-19,500.95259259259257,419.04740740740743
2018-09-01T00:00:00Z,E12000006,East of England,NA,88.017112,0.239209,1.9046989999999999,922,88.297113999999993,0.33008900000000002,2.0293070000000002,632,88.745007000000001,0.17261799999999999,1.8405130000000001,822,87.647491000000002,0.23738899999999999,1.8670659999999999,990,87.108120999999997,0.225663,1.5295350000000001,1443,87.965110999999993,0.17885799999999999,1.559285,1271,88.220858000000007,0.25202599999999997,2.0687199999999999,1002,87.253805999999997,0.28732400000000002,1.9435119999999999,900,88.791362000000007,0.20683099999999999,1.948984,735,2018-19,500.95259259259257,421.04740740740743
2018-10-01T00:00:00Z,E12000006,East of England,NA,88.116824,0.113286,1.74318,923,88.395222000000004,0.11111,1.8084340000000001,632,88.769942999999998,2.8098999999999999E-2,1.561042,822,87.785492000000005,0.15744900000000001,1.7255419999999999,991,87.438350999999997,0.379104,1.871075,1448,88.149761999999996,0.20991399999999999,1.669057,1274,88.323846000000003,0.11674,1.87242,1003,87.349080000000001,0.109192,1.745547,901,88.838127999999998,5.2669000000000001E-2,1.6810989999999999,735,2018-19,500.95259259259257,422.04740740740743
2018-11-01T00:00:00Z,E12000006,East of England,NA,88.283606,0.189275,1.84687,925,88.579139999999995,0.208064,1.918825,634,88.973783999999995,0.229628,1.7207939999999999,824,87.921700000000001,0.15515999999999999,1.7851140000000001,993,87.610395999999994,0.19676099999999999,2.1000580000000002,1451,88.263396999999998,0.128911,1.7657659999999999,1276,88.460042000000001,0.154201,1.928938,1005,87.517948000000004,0.193325,1.8773219999999999,903,89.062411999999995,0.25246400000000002,1.7919849999999999,737,2018-19,500.95259259259257,424.04740740740743
2018-12-01T00:00:00Z,E12000006,East of England,NA,88.330198,5.2775000000000002E-2,1.6963269999999999,925,88.498396,-9.1155E-2,1.6130789999999999,633,89.038201999999998,7.2400999999999993E-2,1.6447020000000001,825,87.973198999999994,5.8574000000000001E-2,1.7071689999999999,994,87.748745999999997,0.157916,1.940212,1453,88.296998000000002,3.8068999999999999E-2,1.5581879999999999,1276,88.536187999999996,8.6079000000000003E-2,1.840328,1006,87.596536999999998,8.9798000000000003E-2,1.759655,903,89.051558,-1.2187E-2,1.5857570000000001,737,2018-19,500.95259259259257,424.04740740740743
2019-01-01T00:00:00Z,E12000006,East of England,NA,88.50282,0.19542799999999999,1.7866740000000001,927,88.719336999999996,0.24965499999999999,1.745511,635,89.171339000000003,0.14952799999999999,1.6120159999999999,826,88.158597999999998,0.21074399999999999,1.8129150000000001,996,87.839980999999995,0.103973,2.0295890000000001,1455,88.381831000000005,9.6076999999999996E-2,1.508286,1277,88.709867000000003,0.19616700000000001,1.9435009999999999,1008,87.847776999999994,0.28681499999999999,1.996882,906,89.179130999999998,0.143257,1.57236,738,2018-19,500.95259259259257,426.04740740740743
2019-02-01T00:00:00Z,E12000006,East of England,NA,88.750762,0.28015099999999998,1.7883979999999999,930,89.050310999999994,0.373058,1.8331660000000001,637,89.402754000000002,0.25951800000000003,1.6519379999999999,828,88.398679999999999,0.27233000000000002,1.769711,998,88.052772000000004,0.24224799999999999,1.951368,1458,88.547955000000002,0.18796099999999999,1.407089,1280,88.971311,0.29471799999999998,1.8844380000000001,1011,88.118657999999996,0.30835200000000001,2.015523,909,89.441012999999998,0.293659,1.67099,740,2018-19,500.95259259259257,429.04740740740743
2019-03-01T00:00:00Z,E12000006,East of England,NA,88.799495,5.491E-2,1.7327239999999999,930,89.204526999999999,0.173179,1.8707,638,89.476443000000003,8.2423999999999997E-2,1.582784,829,88.402005000000003,3.761E-3,1.6929780000000001,998,87.959012999999999,-0.10648000000000001,1.8262560000000001,1457,88.463391000000001,-9.5501000000000003E-2,1.3009930000000001,1278,88.973015000000004,1.915E-3,1.7735799999999999,1011,88.201211000000001,9.3683000000000002E-2,1.980524,910,89.568719000000002,0.14278199999999999,1.6626510000000001,741,2018-19,500.95259259259257,429.04740740740743
2019-04-01T00:00:00Z,E12000006,East of England,NA,88.885399,9.6739000000000006E-2,1.7062949999999999,931,89.368008000000003,0.18326500000000001,1.8356479999999999,639,89.529486000000006,5.9281E-2,1.57294,829,88.513649999999998,0.12629199999999999,1.693357,1000,87.911795999999995,-5.3681E-2,1.670798,1456,88.485763000000006,2.529E-2,1.194248,1279,89.077617000000004,0.117566,1.7360500000000001,1012,88.299295999999998,0.111206,1.986391,911,89.665634999999995,0.10820299999999999,1.6574310000000001,742,2019-20,513.9405555555555,417.05944444444447
2019-05-01T00:00:00Z,E12000006,East of England,NA,89.090652,0.23091900000000001,1.8973739999999999,933,89.669121000000004,0.33693499999999998,2.188418,642,89.742531,0.23796100000000001,1.731511,831,88.688068000000001,0.197052,1.887948,1002,88.120047999999997,0.23688799999999999,1.8545149999999999,1459,88.681696000000002,0.22142800000000001,1.3622270000000001,1282,89.291225999999995,0.23980000000000001,1.9468540000000001,1014,88.491820000000004,0.21803600000000001,2.1691690000000001,913,89.884833,0.24446100000000001,1.856185,744,2019-20,513.9405555555555,419.05944444444447
2019-06-01T00:00:00Z,E12000006,East of England,NA,89.169657,8.8678999999999994E-2,1.8577509999999999,934,89.762041999999994,0.103627,2.1990949999999998,642,89.845550000000003,0.11479300000000001,1.720953,832,88.719556999999995,3.5506000000000003E-2,1.751098,1002,88.077954000000005,-4.777E-2,1.671122,1459,88.725415999999996,4.9300999999999998E-2,1.3275589999999999,1282,89.361729999999994,7.8960000000000002E-2,1.8721159999999999,1015,88.550512999999995,6.6325999999999996E-2,2.09734,913,90.015125999999995,0.144956,1.8771089999999999,745,2019-20,513.9405555555555,420.05944444444447
2019-07-01T00:00:00Z,E12000006,East of England,NA,89.324267,0.17338799999999999,1.907619,936,90.036759000000004,0.30604999999999999,2.348706,644,89.977930000000001,0.147342,1.748907,833,88.883920000000003,0.18526100000000001,1.8217749999999999,1004,88.064897999999999,-1.4822999999999999E-2,1.6251409999999999,1459,88.845138000000006,0.134935,1.3519540000000001,1284,89.503564999999995,0.158719,1.9241779999999999,1017,88.725678000000002,0.19781399999999999,2.1951049999999999,915,90.177432999999994,0.18031,1.881985,746,2019-20,513.9405555555555,422.05944444444447
2019-08-01T00:00:00Z,E12000006,East of England,NA,89.520456,0.219637,1.9513069999999999,938,90.242057000000003,0.228015,2.5400849999999999,646,90.157520000000005,0.19959399999999999,1.76702,835,89.042395999999997,0.17829600000000001,1.8326610000000001,1006,88.298511000000005,0.26527400000000001,1.595313,1462,89.017375000000001,0.19386100000000001,1.3772260000000001,1286,89.718502999999998,0.240145,1.9539139999999999,1019,88.951527999999996,0.25454900000000003,2.2386430000000002,917,90.340356999999997,0.180671,1.9549730000000001,748,2019-20,513.9405555555555,424.05944444444447
2019-09-01T00:00:00Z,E12000006,East of England,NA,89.728729,0.232654,1.9446399999999999,940,90.455085999999994,0.236064,2.443988,647,90.330194000000006,0.191525,1.786227,837,89.204322000000005,0.18185299999999999,1.776241,1007,88.702264999999997,0.45726,1.8300749999999999,1469,89.235403000000005,0.24492900000000001,1.4440869999999999,1290,89.906214000000006,0.20922199999999999,1.9103829999999999,1021,89.181143000000006,0.25813399999999997,2.2088860000000001,920,90.533895000000001,0.21423200000000001,1.962502,749,2019-20,513.9405555555555,426.05944444444447
2019-10-01T00:00:00Z,E12000006,East of England,NA,89.823777,0.105929,1.937149,941,90.593918000000002,0.15348200000000001,2.4873479999999999,648,90.393371999999999,6.9940000000000002E-2,1.8288040000000001,837,89.337031999999994,0.14877099999999999,1.767422,1009,88.764504000000002,7.0166999999999993E-2,1.5166729999999999,1470,89.314216000000002,8.8319999999999996E-2,1.3209949999999999,1291,90.000533000000004,0.104908,1.8983399999999999,1022,89.310275000000004,0.14479700000000001,2.2452380000000001,921,90.600627000000003,7.3709999999999998E-2,1.9839450000000001,750,2019-20,513.9405555555555,427.05944444444447
2019-11-01T00:00:00Z,E12000006,East of England,NA,89.915448,0.10205599999999999,1.8484080000000001,942,90.744913999999994,0.16667399999999999,2.4450159999999999,649,90.506522000000004,0.12517600000000001,1.7226859999999999,838,89.382335999999995,5.0712E-2,1.6612929999999999,1009,88.838820999999996,8.3723000000000006E-2,1.402145,1471,89.396052999999995,9.1628000000000001E-2,1.2832680000000001,1292,90.054500000000004,5.9963000000000002E-2,1.8024610000000001,1023,89.377139999999997,7.4868000000000004E-2,2.124355,922,90.755177000000003,0.17058400000000001,1.9006510000000001,751,2019-20,513.9405555555555,428.05944444444447
2019-12-01T00:00:00Z,E12000006,East of England,NA,89.966946,5.7275E-2,1.852989,942,90.899068,0.169875,2.712672,650,90.518360000000001,1.3079E-2,1.662385,838,89.409886,3.0821999999999999E-2,1.6330960000000001,1010,88.728324999999998,-0.124377,1.1163449999999999,1469,89.403170000000003,7.9609999999999993E-3,1.252786,1292,90.113843000000003,6.5895999999999996E-2,1.7819320000000001,1024,89.43835,6.8485000000000004E-2,2.1026090000000002,922,90.816948999999994,6.8064E-2,1.982437,752,2019-20,513.9405555555555,428.05944444444447
2020-01-01T00:00:00Z,E12000006,East of England,NA,90.109381,0.15831899999999999,1.8152649999999999,944,91.053545,0.16994400000000001,2.6310030000000002,652,90.687642999999994,0.18701599999999999,1.700439,840,89.581104999999994,0.191499,1.613577,1012,88.641721000000004,-9.7605999999999998E-2,0.91272799999999998,1468,89.491038000000003,9.8282999999999995E-2,1.255017,1293,90.259230000000002,0.16133700000000001,1.7465520000000001,1025,89.616490999999996,0.19917799999999999,2.013385,924,90.94999,0.14649400000000001,1.985733,753,2019-20,513.9405555555555,430.05944444444447
2020-02-01T00:00:00Z,E12000006,East of England,NA,90.264556,0.172208,1.7056690000000001,946,91.244410999999999,0.209619,2.4638879999999999,653,90.815871999999999,0.14139699999999999,1.5806199999999999,841,89.772945000000007,0.21415200000000001,1.554621,1014,88.800287999999995,0.17888499999999999,0.84894099999999995,1471,89.654180999999994,0.18230099999999999,1.2492970000000001,1296,90.452511000000001,0.214139,1.664806,1027,89.769036,0.17022000000000001,1.8729039999999999,926,91.076016999999993,0.138567,1.828025,754,2019-20,513.9405555555555,432.05944444444447
2020-03-01T00:00:00Z,E12000006,East of England,NA,90.269076,5.0080000000000003E-3,1.6549430000000001,946,91.307263000000006,6.8883E-2,2.3572069999999998,653,90.846031999999994,3.3210000000000003E-2,1.5306690000000001,842,89.774912,2.1919999999999999E-3,1.5530269999999999,1014,88.698113000000006,-0.115062,0.84027700000000005,1469,89.606741999999997,-5.2914000000000003E-2,1.292457,1295,90.447210999999996,-5.8589999999999996E-3,1.656903,1027,89.780146000000002,1.2376E-2,1.790151,926,91.112549999999999,4.0113000000000003E-2,1.7236279999999999,754,2019-20,513.9405555555555,432.05944444444447
2020-04-01T00:00:00Z,E12000006,East of England,NA,90.286365,1.9153E-2,1.576149,946,91.345222000000007,4.1572999999999999E-2,2.21244,654,90.897171999999998,5.6293000000000003E-2,1.5276369999999999,842,89.785385000000005,1.1665999999999999E-2,1.4367669999999999,1014,88.682134000000005,-1.8015E-2,0.87626199999999999,1469,89.662350000000004,6.2057000000000001E-2,1.32969,1296,90.454172,7.6949999999999996E-3,1.5453429999999999,1027,89.752947000000006,-3.0294999999999999E-2,1.6462760000000001,926,91.164357999999993,5.6861000000000002E-2,1.671457,754,2020-21,598.3466666666667,347.6533333333333
2020-05-01T00:00:00Z,E12000006,East of England,NA,90.354926,7.5937000000000004E-2,1.4190860000000001,947,91.453119000000001,0.11812,1.9895350000000001,654,90.969307000000001,7.936E-2,1.366995,843,89.898673000000002,0.12617600000000001,1.3650150000000001,1015,88.717692,4.0097000000000001E-2,0.67821500000000001,1469,89.704877999999994,4.7432000000000002E-2,1.15377,1296,90.544336999999999,9.9681000000000006E-2,1.4033979999999999,1029,89.808312000000001,6.1686999999999999E-2,1.4876990000000001,926,91.249028999999993,9.2878000000000002E-2,1.5177149999999999,755,2020-21,598.3466666666667,348.6533333333333
2020-06-01T00:00:00Z,E12000006,East of England,NA,90.37923,2.6898999999999999E-2,1.3564849999999999,947,91.515821000000003,6.8560999999999997E-2,1.953808,655,90.982934,1.498E-2,1.265933,843,89.896879999999996,-1.9940000000000001E-3,1.327016,1015,88.727244999999996,1.0768E-2,0.737178,1469,89.748357999999996,4.8469999999999999E-2,1.15293,1297,90.550549000000004,6.8609999999999999E-3,1.3303450000000001,1029,89.841181000000006,3.6599E-2,1.4575499999999999,926,91.264341000000002,1.6781000000000001E-2,1.3877839999999999,755,2020-21,598.3466666666667,348.6533333333333
2020-07-01T00:00:00Z,E12000006,East of England,NA,90.339866,-4.3555000000000003E-2,1.1369800000000001,946,91.507852999999997,-8.7060000000000002E-3,1.6338820000000001,655,90.953731000000005,-3.2098000000000002E-2,1.084489,843,89.854633000000007,-4.6995000000000002E-2,1.0921129999999999,1015,88.691630000000004,-4.0140000000000002E-2,0.71167100000000005,1469,89.691402999999994,-6.3461000000000004E-2,0.95251600000000003,1296,90.501016000000007,-5.4703000000000002E-2,1.1144259999999999,1028,89.806787999999997,-3.8281999999999997E-2,1.218485,926,91.237544999999997,-2.9361999999999999E-2,1.1755850000000001,755,2020-21,598.3466666666667,347.6533333333333
2020-08-01T00:00:00Z,E12000006,East of England,NA,90.476907,0.151695,1.068416,948,91.661354000000003,0.16774500000000001,1.5727660000000001,656,91.084119000000001,0.14335600000000001,1.027755,844,89.982399000000001,0.14219200000000001,1.05568,1016,88.926291000000006,0.26458100000000001,0.71097500000000002,1473,89.845397000000006,0.17169300000000001,0.93018000000000001,1298,90.568945999999997,7.5060000000000002E-2,0.94790099999999999,1029,89.974503999999996,0.186752,1.150037,928,91.377904000000001,0.153839,1.1484859999999999,756,2020-21,598.3466666666667,349.6533333333333
2020-09-01T00:00:00Z,E12000006,East of England,NA,90.588664,0.12352,0.95837300000000003,949,91.755502000000007,0.102713,1.437638,657,91.163628000000003,8.7291999999999995E-2,0.92265299999999995,844,90.085767000000004,0.114875,0.98811800000000005,1017,89.130595,0.229745,0.48288599999999998,1476,89.919459000000003,8.2433000000000006E-2,0.76657399999999998,1299,90.674547000000004,0.11659700000000001,0.85459300000000005,1030,90.119443000000004,0.16108900000000001,1.052128,929,91.479502999999994,0.11118599999999999,1.0444800000000001,757,2020-21,598.3466666666667,350.6533333333333
2020-10-01T00:00:00Z,E12000006,East of England,NA,90.759164,0.18821299999999999,1.0413570000000001,951,91.914057,0.17280100000000001,1.4572039999999999,658,91.301221999999996,0.15093100000000001,1.0043329999999999,846,90.254487999999995,0.18729000000000001,1.0269600000000001,1019,89.281026999999995,0.16877700000000001,0.58190299999999995,1479,90.085469000000003,0.18462100000000001,0.86352700000000004,1302,90.807728999999995,0.14688000000000001,0.89688000000000001,1032,90.328389999999999,0.23185600000000001,1.139975,932,91.635159999999999,0.170154,1.1418600000000001,758,2020-21,598.3466666666667,352.6533333333333
2020-11-01T00:00:00Z,E12000006,East of England,NA,90.805343,5.0881000000000003E-2,0.989703,951,91.895675999999995,-1.9997000000000001E-2,1.2681279999999999,658,91.342265999999995,4.4954000000000001E-2,0.92340699999999998,846,90.342905000000002,9.7963999999999996E-2,1.074673,1020,89.181083000000001,-0.111944,0.38526199999999999,1477,90.150194999999997,7.1849999999999997E-2,0.84359700000000004,1303,90.853341999999998,5.0229000000000003E-2,0.88706399999999996,1032,90.375989000000004,5.2696E-2,1.117567,932,91.668469999999999,3.6351000000000001E-2,1.0063260000000001,759,2020-21,598.3466666666667,352.6533333333333
2020-12-01T00:00:00Z,E12000006,East of England,NA,91.103351,0.328183,1.263136,954,92.182490999999999,0.31210900000000003,1.411921,660,91.630032,0.31504199999999999,1.228118,849,90.662486000000001,0.353742,1.400963,1024,89.398264999999995,0.24353,0.75504700000000002,1481,90.403386999999995,0.28085599999999999,1.1187720000000001,1306,91.180526,0.36012300000000003,1.1837059999999999,1036,90.690811999999994,0.34834700000000002,1.4003639999999999,935,91.954419000000001,0.31193900000000002,1.2524869999999999,761,2020-21,598.3466666666667,355.6533333333333
2021-01-01T00:00:00Z,E12000006,East of England,NA,91.343101,0.26316299999999998,1.369137,957,92.468551000000005,0.31031999999999998,1.554038,662,91.918661999999998,0.31499500000000002,1.3574269999999999,851,90.965047999999996,0.33372400000000002,1.5449059999999999,1027,89.51146,0.12661800000000001,0.98118399999999995,1482,90.625846999999993,0.24607399999999999,1.26807,1310,91.435535000000002,0.27967599999999998,1.3032520000000001,1039,90.893576999999993,0.223579,1.425057,937,92.236682000000002,0.30695899999999998,1.4147240000000001,763,2020-21,598.3466666666667,358.6533333333333
2021-02-01T00:00:00Z,E12000006,East of England,NA,92.026819,0.74851599999999996,1.952331,964,93.056308000000001,0.635629,1.985762,666,92.603285999999997,0.744815,1.968173,858,91.696241000000001,0.803817,2.142401,1036,90.382955999999993,0.97361399999999998,1.782278,1497,91.281062000000006,0.72298899999999999,1.8146169999999999,1319,92.115767000000005,0.743946,1.8388169999999999,1046,91.628208999999998,0.80823299999999998,2.0710630000000001,945,92.881744999999995,0.69935700000000001,1.9826600000000001,769,2020-21,598.3466666666667,365.6533333333333
2021-03-01T00:00:00Z,E12000006,East of England,NA,92.297321,0.29393900000000001,2.2468880000000002,967,93.329817000000006,0.29391800000000001,2.2151079999999999,668,92.820599000000001,0.23467199999999999,2.1735319999999998,860,91.960905999999994,0.288632,2.434971,1039,90.844420999999997,0.51056699999999999,2.419791,1505,91.596191000000005,0.34522999999999998,2.2202000000000002,1324,92.405146000000002,0.31414700000000001,2.1647259999999999,1050,91.914636000000002,0.31259599999999998,2.3774630000000001,948,93.093129000000005,0.22758400000000001,2.173772,770,2020-21,598.3466666666667,368.6533333333333
2021-04-01T00:00:00Z,E12000006,East of England,NA,92.596439,0.32407999999999998,2.558608,970,93.583125999999993,0.27141199999999999,2.4499399999999998,670,93.113015000000004,0.31503300000000001,2.4377469999999999,863,92.265506999999999,0.33123000000000002,2.7622779999999998,1042,91.210160999999999,0.40260000000000001,2.8506610000000001,1511,91.890876000000006,0.32172200000000001,2.485465,1328,92.673434,0.29033900000000001,2.4534660000000001,1053,92.245287000000005,0.359738,2.7768899999999999,951,93.380645000000001,0.30884699999999998,2.4310900000000002,773,2021-22,598.3466666666667,371.6533333333333
2021-05-01T00:00:00Z,E12000006,East of England,NA,92.916104,0.34522399999999998,2.8345760000000002,973,93.799746999999996,0.23147400000000001,2.5659350000000001,671,93.375152999999997,0.28152700000000003,2.644679,865,92.627821999999995,0.39268700000000001,3.0358049999999999,1046,91.591982000000002,0.41861700000000002,3.2398159999999998,1517,92.254780999999994,0.39601900000000001,2.842546,1333,93.036561000000006,0.39183499999999999,2.7524899999999999,1057,92.588654000000005,0.37223200000000001,3.0958619999999999,955,93.614949999999993,0.25091400000000003,2.5928170000000001,775,2021-22,598.3466666666667,374.6533333333333
2021-06-01T00:00:00Z,E12000006,East of England,NA,93.261585,0.37181999999999998,3.1891780000000001,977,94.097213999999994,0.31713000000000002,2.8207070000000001,673,93.689655999999999,0.33681699999999998,2.9749780000000001,868,93.008696,0.411188,3.4615390000000001,1050,91.996198000000007,0.44132300000000002,3.684272,1524,92.686566999999997,0.46803699999999998,3.2738299999999998,1339,93.392982000000003,0.38309799999999999,3.1390560000000001,1061,92.957199000000003,0.39804600000000001,3.4683630000000001,959,93.873219000000006,0.27588499999999999,2.8585950000000002,777,2021-22,598.3466666666667,378.6533333333333
2021-07-01T00:00:00Z,E12000006,East of England,NA,93.519413,0.27645700000000001,3.5195400000000001,980,94.297918999999993,0.21329600000000001,3.0489899999999999,675,93.900754000000006,0.22531499999999999,3.2401339999999998,870,93.309225999999995,0.32311899999999999,3.844646,1054,92.346495000000004,0.38077299999999997,4.1208679999999998,1529,92.998298000000005,0.33632800000000002,3.6869700000000001,1344,93.656481999999997,0.282142,3.4866640000000002,1064,93.226253,0.289439,3.8075800000000002,961,94.081068999999999,0.221416,3.1166170000000002,779,2021-22,598.3466666666667,381.6533333333333
2021-08-01T00:00:00Z,E12000006,East of England,NA,93.887304,0.39338499999999998,3.7693569999999998,984,94.627341000000001,0.34934100000000001,3.2358099999999999,677,94.251724999999993,0.37376799999999999,3.477671,873,93.674916999999994,0.39191300000000001,4.1036000000000001,1058,92.844626000000005,0.53941499999999998,4.4062720000000004,1538,93.339532000000005,0.366925,3.8890530000000001,1349,93.981610000000003,0.34714899999999999,3.7680289999999999,1068,93.631919999999994,0.43514199999999997,4.0649470000000001,966,94.452297000000002,0.39458300000000002,3.3644820000000002,782,2021-22,598.3466666666667,385.6533333333333
2021-09-01T00:00:00Z,E12000006,East of England,NA,94.259489,0.39641700000000002,4.0521900000000004,987,94.841301000000001,0.226108,3.363067,679,94.576234999999997,0.344302,3.7433869999999998,876,94.019130000000004,0.36745499999999998,4.3662429999999999,1062,93.591729000000001,0.80468099999999998,5.0051649999999999,1550,93.784019999999998,0.47620600000000002,4.297803,1355,94.305251999999996,0.34436800000000001,4.0041060000000002,1071,94.065454000000003,0.46301999999999999,4.3786459999999998,970,94.744179000000003,0.30902600000000002,3.5687509999999998,784,2021-22,598.3466666666667,388.6533333333333
2021-10-01T00:00:00Z,E12000006,East of England,NA,94.685542,0.45200000000000001,4.3261510000000003,992,95.105980000000002,0.27907599999999999,3.4727260000000002,681,94.953191000000004,0.39857300000000001,3.9999120000000001,880,94.499859999999998,0.51131099999999996,4.7037789999999999,1067,94.211250000000007,0.66193999999999997,5.5221390000000001,1560,94.236182999999997,0.48213200000000001,4.6075290000000004,1362,94.784152000000006,0.50781900000000002,4.3789470000000001,1077,94.542008999999993,0.50661999999999996,4.6647780000000001,975,95.058434000000005,0.33168700000000001,3.7357649999999998,787,2021-22,598.3466666666667,393.6533333333333
2021-11-01T00:00:00Z,E12000006,East of England,NA,95.088761,0.42585000000000001,4.7171430000000001,996,95.415820999999994,0.32578400000000002,3.8305880000000001,683,95.352690999999993,0.420734,4.3905469999999998,883,94.949478999999997,0.47578799999999999,5.0989880000000003,1072,94.677041000000003,0.49441200000000002,6.1626950000000003,1568,94.652207000000004,0.44146999999999997,4.9939020000000003,1368,95.166509000000005,0.40339799999999998,4.7473960000000002,1081,94.982326,0.46573799999999999,5.0968590000000003,980,95.425979999999996,0.38665300000000002,4.0990219999999997,790,2021-22,598.3466666666667,397.6533333333333
2021-12-01T00:00:00Z,E12000006,East of England,NA,95.474431,0.40558899999999998,4.7979349999999998,1000,95.713712000000001,0.31220399999999998,3.830686,685,95.680504999999997,0.34379100000000001,4.4204639999999999,886,95.408990000000003,0.483954,5.2353569999999996,1078,95.273106999999996,0.62957700000000005,6.5715380000000003,1578,95.159987999999998,0.53647,5.2615290000000003,1375,95.570943,0.42497499999999999,4.8150820000000003,1086,95.375879999999995,0.41434500000000002,5.1659790000000001,984,95.714409000000003,0.30225400000000002,4.0889709999999999,792,2021-22,598.3466666666667,401.6533333333333
2022-01-01T00:00:00Z,E12000006,East of England,NA,95.794569,0.33531300000000003,4.873348,1004,95.961517000000001,0.25890200000000002,3.777463,687,96.026543000000004,0.36166100000000001,4.4690399999999997,889,95.788467999999995,0.39773799999999998,5.3024979999999999,1082,95.535293999999993,0.275196,6.729679,1582,95.535768000000004,0.39489299999999999,5.4177929999999996,1381,95.924511999999993,0.36995499999999998,4.9094439999999997,1090,95.708096999999995,0.34832400000000002,5.2968760000000001,987,95.962733,0.25944299999999998,4.039663,794,2021-22,598.3466666666667,405.6533333333333
2022-02-01T00:00:00Z,E12000006,East of England,NA,96.163688,0.385324,4.4952870000000003,1007,96.245247000000006,0.29567100000000002,3.426892,689,96.366708000000003,0.35424099999999997,4.0640270000000003,893,96.167353000000006,0.39554299999999998,4.8760029999999999,1086,96.026888,0.51456800000000003,6.2444660000000001,1590,95.899596000000003,0.38083,5.059685,1386,96.294539,0.38574799999999998,4.5364360000000001,1094,96.107243999999994,0.41704599999999997,4.8882700000000003,991,96.299847,0.35129700000000003,3.6800579999999998,797,2021-22,598.3466666666667,408.6533333333333
2022-03-01T00:00:00Z,E12000006,East of England,NA,96.469364,0.31786999999999999,4.5202200000000001,1011,96.510926999999995,0.27604499999999998,3.4084599999999998,691,96.645443,0.28924299999999997,4.1206839999999998,895,96.467091999999994,0.31168499999999999,4.9001109999999999,1089,96.337633999999994,0.32360299999999997,6.0468359999999999,1596,96.263976,0.37996000000000002,5.0960470000000004,1391,96.558124000000007,0.27372800000000003,4.4943150000000003,1097,96.425426000000002,0.33106999999999998,4.9075860000000002,994,96.584631000000002,0.29572700000000002,3.7505470000000001,799,2021-22,598.3466666666667,412.6533333333333
2022-04-01T00:00:00Z,E12000006,East of England,NA,96.839974,0.38417499999999999,4.5828280000000001,1014,96.922601999999998,0.42655799999999999,3.56846,694,96.994652000000002,0.36133100000000001,4.1687380000000003,898,96.829763,0.37595299999999998,4.9468709999999998,1094,96.571422999999996,0.242677,5.877923,1599,96.658614999999998,0.40995599999999999,5.1884800000000002,1397,96.871128999999996,0.32416200000000001,4.5295560000000004,1100,96.818248999999994,0.40738600000000003,4.9573939999999999,998,96.955926000000005,0.38442399999999999,3.8287179999999998,802,2022-23,598.3466666666667,415.6533333333333
2022-05-01T00:00:00Z,E12000006,East of England,NA,97.158129,0.32853599999999999,4.5654349999999999,1018,97.254497000000001,0.34243299999999999,3.6831130000000001,696,97.290876999999995,0.30540299999999998,4.1935390000000003,901,97.140798000000004,0.321218,4.8721610000000002,1097,97.023736,0.46837099999999998,5.9303809999999997,1607,97.016616999999997,0.37037700000000001,5.1616150000000003,1402,97.168485000000004,0.30696000000000001,4.4411829999999997,1104,97.109407000000004,0.30072599999999999,4.8826219999999996,1001,97.295280000000005,0.35000900000000001,3.931349,805,2022-23,598.3466666666667,419.6533333333333
2022-06-01T00:00:00Z,E12000006,East of England,NA,97.550274,0.40361599999999997,4.59856,1022,97.654354999999995,0.41114600000000001,3.7802829999999998,699,97.687310999999994,0.40747299999999997,4.2669110000000003,905,97.512071000000006,0.38219999999999998,4.8418850000000004,1101,97.428306000000006,0.41698099999999999,5.9047090000000004,1614,97.457261000000003,0.45419500000000002,5.1471260000000001,1408,97.550516999999999,0.39316499999999999,4.451657,1108,97.487300000000005,0.38914100000000001,4.8733190000000004,1005,97.680852999999999,0.396291,4.0561449999999999,808,2022-23,598.3466666666667,423.6533333333333
2022-07-01T00:00:00Z,E12000006,East of England,NA,97.943511,0.403111,4.7306730000000003,1026,98.081047999999996,0.436942,4.0118900000000002,702,98.087432000000007,0.40959400000000001,4.4586209999999999,909,97.880943000000002,0.37828400000000001,4.8995340000000001,1105,97.857185000000001,0.44019900000000001,5.9674060000000004,1621,97.916190999999998,0.47090300000000002,5.2881539999999996,1415,97.896005000000002,0.35416300000000001,4.5266729999999997,1112,97.875926000000007,0.39864300000000003,4.9875150000000001,1009,98.072648000000001,0.40109699999999998,4.2427020000000004,812,2022-23,598.3466666666667,427.6533333333333
2022-08-01T00:00:00Z,E12000006,East of England,NA,98.156534,0.21749599999999999,4.5471849999999998,1028,98.276921000000002,0.19970499999999999,3.856792,703,98.287242000000006,0.203706,4.2816380000000001,910,98.098170999999994,0.22193099999999999,4.7219199999999999,1108,98.074109000000007,0.22167400000000001,5.6325099999999999,1624,98.038663999999997,0.12508,5.0344509999999998,1417,98.138530000000003,0.24773700000000001,4.4231210000000001,1115,98.143758000000005,0.273644,4.8186970000000002,1012,98.257783000000003,0.188773,4.0290030000000003,813,2022-23,598.3466666666667,429.6533333333333
2022-09-01T00:00:00Z,E12000006,East of England,NA,98.42519,0.27370100000000003,4.419397,1031,98.623799000000005,0.35296,3.9882390000000001,706,98.514836000000003,0.23155999999999999,4.164472,913,98.342523,0.249089,4.5984189999999998,1111,98.402850999999998,0.335198,5.1405419999999999,1630,98.209439000000003,0.17419100000000001,4.7187349999999997,1419,98.346740999999994,0.21215999999999999,4.285539,1117,98.447227999999996,0.30920999999999998,4.6582179999999997,1015,98.590725000000006,0.33884500000000001,4.0599280000000002,816,2022-23,598.3466666666667,432.6533333333333
2022-10-01T00:00:00Z,E12000006,East of England,NA,98.75043,0.33044400000000002,4.2930400000000004,1034,98.861529000000004,0.24104700000000001,3.948804,707,98.788777999999994,0.27807199999999999,4.0394509999999997,915,98.710560999999998,0.37424099999999999,4.455775,1115,98.827032000000003,0.43106499999999998,4.8993960000000003,1637,98.596481999999995,0.39409899999999998,4.6269900000000002,1425,98.647959,0.306282,4.0764269999999998,1121,98.812798999999998,0.37133699999999997,4.517347,1019,98.848063999999994,0.26101799999999997,3.9866329999999999,818,2022-23,598.3466666666667,435.6533333333333
2022-11-01T00:00:00Z,E12000006,East of England,NA,99.092773,0.34667500000000001,4.2108160000000003,1038,99.144453999999996,0.28618300000000002,3.907772,709,99.128225999999998,0.34361000000000003,3.9595479999999998,918,99.089502999999993,0.38389200000000001,4.360239,1119,99.120654000000002,0.29710700000000001,4.6934420000000001,1642,98.959406999999999,0.368091,4.550554,1430,99.029936000000006,0.387212,4.0596500000000004,1125,99.170974000000001,0.36247800000000002,4.409923,1023,99.130854999999997,0.28608600000000001,3.8824589999999999,820,2022-23,598.3466666666667,439.6533333333333
2022-12-01T00:00:00Z,E12000006,East of England,NA,99.557885,0.46937000000000001,4.2770140000000003,1043,99.592906999999997,0.45232299999999998,4.0529140000000003,713,99.570870999999997,0.44653700000000002,4.0659970000000003,922,99.533664999999999,0.448243,4.32315,1124,99.536849000000004,0.41988799999999998,4.4752840000000003,1648,99.508343999999994,0.55470900000000001,4.5695209999999999,1438,99.526356000000007,0.50128200000000001,4.1387200000000002,1131,99.566175000000001,0.398505,4.3934530000000001,1027,99.601865000000004,0.47514000000000001,4.0615160000000001,824,2022-23,598.3466666666667,444.6533333333333
2023-01-01T00:00:00Z,E12000006,East of England,NA,100,0.44407799999999997,4.3900519999999998,1048,100,0.40875699999999998,4.2084409999999997,716,100,0.430979,4.1378729999999999,926,100,0.46851999999999999,4.3967010000000002,1129,100,0.465306,4.6733570000000002,1656,100,0.494085,4.6728389999999997,1445,100,0.47589799999999999,4.2486410000000001,1136,100,0.43571599999999999,4.4843679999999999,1031,100,0.39972600000000003,4.2071189999999996,828,2022-23,598.3466666666667,449.6533333333333
2023-02-01T00:00:00Z,E12000006,East of England,NA,100.396798,0.39679799999999998,4.4019839999999997,1052,100.420109,0.42010900000000001,4.3377340000000002,719,100.40100200000001,0.40100200000000003,4.1863970000000004,930,100.331514,0.33151399999999998,4.3301189999999998,1133,100.280562,0.28056199999999998,4.4296689999999996,1661,100.35178399999999,0.35178399999999999,4.6425510000000001,1450,100.36483800000001,0.364838,4.2269259999999997,1140,100.396458,0.39645799999999998,4.4629459999999996,1035,100.447535,0.44753500000000002,4.3070550000000001,831,2022-23,598.3466666666667,453.6533333333333
2023-03-01T00:00:00Z,E12000006,East of England,NA,100.997801,0.59862800000000005,4.694172,1058,101.03003699999999,0.60737600000000003,4.6824849999999998,723,100.94367099999999,0.54050200000000004,4.4474200000000002,935,100.892094,0.55872900000000003,4.5870579999999999,1139,100.919245,0.63689600000000002,4.7557850000000004,1671,100.955568,0.60166699999999995,4.8736730000000001,1459,101.017562,0.65035100000000001,4.6183969999999999,1147,100.935445,0.53685799999999995,4.6772099999999996,1041,101.081301,0.63094300000000003,4.6556790000000001,837,2022-23,598.3466666666667,459.6533333333333
2023-04-01T00:00:00Z,E12000006,East of England,NA,101.423659,0.42165000000000002,4.7332559999999999,1062,101.403082,0.36924200000000001,4.6227400000000003,726,101.432142,0.483904,4.5749829999999996,940,101.29360699999999,0.39796199999999998,4.6099909999999999,1144,101.238501,0.31634800000000002,4.8327730000000004,1677,101.410411,0.45053799999999999,4.9160599999999999,1466,101.448364,0.42646200000000001,4.7250759999999996,1152,101.335059,0.39590999999999998,4.6652459999999998,1045,101.51629200000001,0.43033700000000003,4.7035460000000002,840,2023-24,598.3466666666667,463.6533333333333
2023-05-01T00:00:00Z,E12000006,East of England,NA,101.881382,0.45129799999999998,4.8614090000000001,1067,101.936639,0.52617400000000003,4.8143180000000001,729,101.932101,0.4929,4.7704620000000002,944,101.78603200000001,0.48613699999999999,4.7819599999999998,1150,101.59555899999999,0.35269,4.7120660000000001,1683,101.799167,0.38335000000000002,4.9296199999999999,1471,101.986718,0.53066800000000003,4.9586379999999997,1158,101.727407,0.387179,4.7554600000000002,1049,102.03350399999999,0.50948700000000002,4.869942,844,2023-24,598.3466666666667,468.6533333333333
2023-06-01T00:00:00Z,E12000006,East of England,NA,102.355136,0.46500599999999997,4.9255240000000002,1072,102.433967,0.48787999999999998,4.8944169999999998,733,102.368398,0.42802699999999999,4.7919090000000004,948,102.243055,0.44900400000000001,4.8516919999999999,1155,102.121546,0.51772700000000005,4.8171210000000002,1691,102.24253400000001,0.435531,4.9101239999999997,1478,102.518738,0.52165600000000001,5.0929729999999998,1165,102.132975,0.39868199999999998,4.7654160000000001,1053,102.56261000000001,0.51856100000000005,4.9976599999999998,849,2023-24,598.3466666666667,473.6533333333333
2023-07-01T00:00:00Z,E12000006,East of England,NA,103.038762,0.66789600000000005,5.2022349999999999,1079,103.085571,0.63612100000000005,5.102436,738,103.04666400000001,0.662574,5.05593,955,102.930226,0.672095,5.1585970000000003,1162,102.84672500000001,0.71011400000000002,5.0987980000000004,1703,102.985173,0.72635000000000005,5.1768580000000002,1488,103.19458,0.65923699999999996,5.412452,1172,102.796233,0.64940600000000004,5.0270859999999997,1060,103.239473,0.65995099999999995,5.2683650000000002,854,2023-24,598.3466666666667,480.6533333333333
2023-08-01T00:00:00Z,E12000006,East of England,NA,103.602226,0.54684699999999997,5.5479669999999999,1085,103.725835,0.62109899999999996,5.5444490000000002,742,103.567155,0.50510200000000005,5.3719210000000004,959,103.48840300000001,0.54228600000000005,5.4947319999999999,1169,103.355316,0.49451299999999998,5.3849150000000003,1712,103.51617,0.51560499999999998,5.5870870000000004,1496,103.765001,0.552763,5.733193,1179,103.377236,0.56519900000000001,5.3324619999999996,1066,103.797421,0.54044099999999995,5.6378620000000002,859,2023-24,598.3466666666667,486.6533333333333
2023-09-01T00:00:00Z,E12000006,East of England,NA,104.192816,0.57005499999999998,5.859909,1091,104.354681,0.60625799999999996,5.8108510000000004,747,104.14539600000001,0.55832499999999996,5.7154429999999996,965,104.07093999999999,0.56289999999999996,5.8249639999999996,1175,103.967838,0.592638,5.6553110000000002,1722,104.134593,0.59741699999999998,6.033182,1505,104.34688,0.56076499999999996,6.1010039999999996,1185,103.949826,0.55388400000000004,5.5893879999999996,1072,104.398139,0.57874099999999995,5.8904269999999999,864,2023-24,598.3466666666667,492.6533333333333
2023-10-01T00:00:00Z,E12000006,East of England,NA,104.837558,0.61879600000000001,6.1641529999999998,1098,105.008292,0.62633700000000003,6.2175479999999999,751,104.77873099999999,0.60812600000000006,6.0633939999999997,971,104.671398,0.57696999999999998,6.0387019999999998,1182,104.633612,0.64036499999999996,5.8754980000000003,1733,104.794516,0.63372099999999998,6.2862629999999999,1514,104.979489,0.60625600000000002,6.4183079999999997,1192,104.558048,0.58511199999999997,5.8142760000000004,1078,105.08454999999999,0.65749299999999999,6.3091629999999999,870,2023-24,598.3466666666667,499.6533333333333
2023-11-01T00:00:00Z,E12000006,East of England,NA,105.369826,0.50770800000000005,6.3345209999999996,1104,105.57892699999999,0.54341899999999999,6.4899979999999999,755,105.383602,0.57728400000000002,6.3103879999999997,976,105.182481,0.48827399999999999,6.1489640000000003,1188,104.922032,0.275648,5.8528450000000003,1738,105.260514,0.44467899999999999,6.3673659999999996,1521,105.453779,0.451793,6.4867679999999996,1198,105.09338200000001,0.51199700000000004,5.9719179999999996,1084,105.69525,0.58115099999999997,6.62195,875,2023-24,598.3466666666667,505.6533333333333
2023-12-01T00:00:00Z,E12000006,East of England,NA,105.952719,0.55318699999999998,6.4232310000000004,1110,106.249556,0.63519199999999998,6.683859,760,105.97861,0.564612,6.4353559999999996,982,105.80414,0.59102900000000003,6.2998539999999998,1195,105.343277,0.40148299999999998,5.8334450000000002,1745,105.82076499999999,0.53225199999999995,6.34361,1529,106.059051,0.57396899999999995,6.5637840000000001,1205,105.65929300000001,0.53848300000000004,6.1196669999999997,1090,106.295439,0.56784900000000005,6.7203299999999997,880,2023-24,598.3466666666667,511.6533333333333
2024-01-01T00:00:00Z,E12000006,East of England,NA,106.499586,0.51614199999999999,6.4995859999999999,1116,106.91886100000001,0.62993699999999997,6.9188609999999997,765,106.477784,0.47101399999999999,6.4777839999999998,986,106.338863,0.50539000000000001,6.3388629999999999,1201,105.860741,0.49121700000000001,5.860741,1753,106.41689,0.56333500000000003,6.4168900000000004,1538,106.657308,0.564079,6.6573079999999996,1212,106.14281800000001,0.45762700000000001,6.1428180000000001,1095,106.848575,0.52037599999999995,6.8485750000000003,884,2023-24,598.3466666666667,517.6533333333333
2024-02-01T00:00:00Z,E12000006,East of England,NA,107.441562,0.88448800000000005,7.016921,1126,107.838058,0.85971500000000001,7.3869160000000003,772,107.441715,0.90528900000000001,7.0125929999999999,995,107.327102,0.92932999999999999,6.9724740000000001,1212,106.67797899999999,0.77199300000000004,6.379518,1767,107.282104,0.81304100000000001,6.9060249999999996,1550,107.633039,0.91482799999999997,7.2417809999999996,1223,107.143435,0.94270799999999999,6.7203330000000001,1105,107.74571299999999,0.83963500000000002,7.2656619999999998,892,2023-24,598.3466666666667,527.6533333333333
2024-03-01T00:00:00Z,E12000006,East of England,NA,107.899343,0.42607499999999998,6.8333589999999997,1130,108.33670100000001,0.46239999999999998,7.23217,775,107.92854199999999,0.45310800000000001,6.9195729999999998,1000,107.79359100000001,0.43464199999999997,6.8404730000000002,1217,107.00909900000001,0.31039299999999997,6.0343840000000002,1772,107.722195,0.410219,6.7025800000000002,1557,108.155304,0.48522700000000002,7.0658430000000001,1229,107.547489,0.37711499999999998,6.5507650000000002,1109,108.23023999999999,0.44969500000000001,7.0724640000000001,896,2023-24,598.3466666666667,531.6533333333333
2024-04-01T00:00:00Z,E12000006,East of England,NA,108.474001,0.53258700000000003,6.9513780000000001,1136,109.050758,0.65910899999999994,7.5418580000000004,780,108.53177100000001,0.55891500000000005,6.9993879999999997,1005,108.332418,0.49986900000000001,6.9489200000000002,1223,107.375614,0.34250799999999998,6.0620349999999998,1778,108.22084,0.462899,6.7157099999999996,1564,108.740539,0.54110599999999998,7.1880660000000001,1235,108.10459400000001,0.51800900000000005,6.6803489999999996,1115,108.86436,0.58589999999999998,7.2383139999999999,901,2024-25,693.8918518518518,442.1081481481482
2024-05-01T00:00:00Z,E12000006,East of England,NA,109.050573,0.53153099999999998,7.0368019999999998,1142,109.643164,0.54323900000000003,7.5601139999999996,785,109.131955,0.55300300000000002,7.0633819999999998,1011,108.90590899999999,0.52938099999999999,6.9949450000000004,1230,107.93941700000001,0.52507499999999996,6.2442279999999997,1788,108.761089,0.49920999999999999,6.8388790000000004,1572,109.27996899999999,0.49607099999999998,7.1511769999999997,1241,108.722798,0.57185699999999995,6.8766040000000004,1121,109.44177000000001,0.53039400000000003,7.2606210000000004,906,2024-25,693.8918518518518,448.1081481481482
2024-06-01T00:00:00Z,E12000006,East of England,NA,109.717764,0.61181799999999997,7.1932169999999998,1149,110.456784,0.742062,7.832185,790,109.823463,0.63364500000000001,7.2825850000000001,1017,109.560501,0.60106199999999999,7.1569120000000002,1237,108.28324000000001,0.31853399999999998,6.0336869999999996,1793,109.324924,0.51841499999999996,6.9270480000000001,1580,110.003226,0.66183800000000004,7.3006039999999999,1250,109.32741,0.55610400000000004,7.0441830000000003,1127,110.20468,0.69709200000000004,7.4511269999999996,912,2024-25,693.8918518518518,455.1081481481482
2024-07-01T00:00:00Z,E12000006,East of England,NA,110.561818,0.76929599999999998,7.3011900000000001,1158,111.345043,0.80416900000000002,8.0122490000000006,797,110.63773500000001,0.74143599999999998,7.3666340000000003,1025,110.425157,0.78920400000000002,7.2815640000000004,1247,108.896134,0.56600899999999998,5.8819650000000001,1804,110.124621,0.731487,6.9325010000000002,1591,110.90221099999999,0.81723500000000004,7.4690269999999996,1260,110.173401,0.773814,7.1764960000000002,1136,111.034351,0.75284499999999999,7.5502880000000001,919,2024-25,693.8918518518518,464.1081481481482
2024-08-01T00:00:00Z,E12000006,East of England,NA,111.353608,0.71615099999999998,7.4818680000000004,1167,112.230237,0.79500000000000004,8.1989239999999999,803,111.453176,0.73703700000000005,7.6144040000000004,1032,111.22516,0.72447499999999998,7.4759650000000004,1256,109.521702,0.57446399999999997,5.966202,1814,110.818759,0.63031999999999999,7.0545400000000003,1602,111.68316799999999,0.70418499999999995,7.6308639999999999,1269,111.00485399999999,0.75467600000000001,7.378431,1145,111.848101,0.73288200000000003,7.7561460000000002,926,2024-25,693.8918518518518,473.1081481481482
2024-09-01T00:00:00Z,E12000006,East of England,NA,112.346431,0.891594,7.8255049999999997,1177,113.289936,0.94421900000000003,8.5623900000000006,811,112.43864600000001,0.88420100000000001,7.9631470000000002,1042,112.24908000000001,0.92058300000000004,7.8582369999999999,1268,110.26223299999999,0.676149,6.0541749999999999,1826,111.76998399999999,0.85836100000000004,7.3322329999999996,1615,112.647587,0.86353100000000005,7.9549159999999999,1280,112.037524,0.93029300000000004,7.7803870000000002,1155,112.84079300000001,0.88753599999999999,8.0869769999999992,934,2024-25,693.8918518518518,483.1081481481482
2024-10-01T00:00:00Z,E12000006,East of England,NA,113.142226,0.70833999999999997,7.9214630000000001,1185,114.085598,0.70232399999999995,8.6443700000000003,816,113.246628,0.71859799999999996,8.0816949999999999,1049,113.010752,0.67855500000000002,7.9671760000000003,1276,111.087891,0.74881399999999998,6.1684570000000001,1840,112.53208100000001,0.68184400000000001,7.3835600000000001,1626,113.492829,0.75034199999999995,8.1095269999999999,1289,112.82213,0.70030599999999998,7.9038209999999998,1163,113.634766,0.70362199999999997,8.1365099999999995,940,2024-25,693.8918518518518,491.1081481481482
2024-11-01T00:00:00Z,E12000006,East of England,NA,114.172187,0.91032400000000002,8.3537769999999991,1196,115.169031,0.94966700000000004,9.0833510000000004,824,114.23986499999999,0.87705599999999995,8.4038339999999998,1058,114.113028,0.97537300000000005,8.4905270000000002,1289,112.13910199999999,0.94628699999999999,6.8785069999999999,1857,113.581868,0.93287799999999999,7.9054840000000004,1641,114.537971,0.92088800000000004,8.6143830000000001,1301,113.85539799999999,0.91583800000000004,8.3373620000000006,1174,114.6378,0.88268199999999997,8.4606919999999999,949,2024-25,693.8918518518518,502.1081481481482
2024-12-01T00:00:00Z,E12000006,East of England,NA,114.831604,0.57756399999999997,8.3800450000000009,1203,115.938356,0.66799600000000003,9.1189090000000004,830,114.98610100000001,0.65321799999999997,8.4993470000000002,1065,114.759252,0.56630100000000005,8.4638570000000009,1296,112.72017099999999,0.51816799999999996,7.0027189999999999,1867,114.169656,0.51750200000000002,7.889653,1650,115.13436,0.52069100000000001,8.5568460000000002,1308,114.506856,0.57218100000000005,8.3736730000000001,1181,115.395706,0.66113100000000002,8.5612949999999994,955,2024-25,693.8918518518518,509.1081481481482
2025-01-01T00:00:00Z,E12000006,East of England,NA,115.4387,0.52868400000000004,8.3935680000000001,1209,116.57665799999999,0.55055299999999996,9.0328280000000003,834,115.62342599999999,0.55426299999999995,8.5892490000000006,1071,115.35032099999999,0.51505199999999995,8.4742850000000001,1303,113.27998599999999,0.49664199999999997,7.0084960000000001,1876,114.80883900000001,0.55985399999999996,7.8859180000000002,1659,115.78172600000001,0.56227000000000005,8.5548929999999999,1315,115.06905399999999,0.49097299999999999,8.4096469999999997,1187,116.006089,0.52894799999999997,8.5705539999999996,960,2024-25,693.8918518518518,515.1081481481482
2025-02-01T00:00:00Z,E12000006,East of England,NA,116.207928,0.66635100000000003,8.1591939999999994,1217,117.397559,0.70417300000000005,8.8646820000000002,840,116.467811,0.73028899999999997,8.4009230000000006,1079,116.126786,0.67313599999999996,8.1989400000000003,1312,113.89751699999999,0.54513599999999995,6.7675989999999997,1886,115.408102,0.52196600000000004,7.5744210000000001,1668,116.56622400000001,0.677566,8.2996680000000005,1324,115.85524599999999,0.68323500000000004,8.1309799999999992,1195,116.848108,0.72584000000000004,8.4480350000000008,967,2024-25,693.8918518518518,523.1081481481482
2025-03-01T00:00:00Z,E12000006,East of England,NA,116.731207,0.450295,8.1852800000000006,1223,118.041742,0.54871899999999996,8.958221,845,117.008999,0.464667,8.4133969999999998,1084,116.662655,0.46145199999999997,8.2278219999999997,1318,114.261089,0.31920999999999999,6.7769839999999997,1892,115.805983,0.34476000000000001,7.5042920000000004,1674,117.062894,0.42608400000000002,8.2359249999999999,1330,116.405844,0.475246,8.2366919999999997,1200,117.43676600000001,0.50378000000000001,8.5064270000000004,972,2024-25,693.8918518518518,529.1081481481482
2025-04-01T00:00:00Z,E12000006,East of England,NA,117.238717,0.43476900000000002,8.0800160000000005,1228,118.648218,0.51378100000000004,8.8009109999999993,849,117.56036899999999,0.47122000000000003,8.3188530000000007,1089,117.138047,0.40749299999999999,8.128342,1323,114.61364,0.30854799999999999,6.7408469999999996,1898,116.20224899999999,0.34218100000000001,7.3751129999999998,1679,117.52896200000001,0.39813500000000002,8.0820120000000006,1335,116.946529,0.46448299999999998,8.1790559999999992,1206,118.005408,0.484211,8.3967310000000008,977,2025-26,693.8918518518518,534.1081481481482
2025-05-01T00:00:00Z,E12000006,East of England,NA,118.005622,0.65413900000000003,8.2118310000000001,1236,119.500919,0.71867999999999999,8.9907609999999991,855,118.43052299999999,0.74017699999999997,8.5204819999999994,1097,117.91045699999999,0.65940200000000004,8.2681909999999998,1332,115.17985,0.49401600000000001,6.7078670000000002,1908,116.866412,0.57155800000000001,7.4524109999999997,1689,118.295421,0.65214499999999997,8.2498670000000001,1344,117.70466399999999,0.64827599999999996,8.2612539999999992,1214,118.8467,0.71292699999999998,8.5935469999999992,984,2025-26,693.8918518518518,542.1081481481482
2025-06-01T00:00:00Z,E12000006,East of England,NA,118.352389,0.29385600000000001,7.8698519999999998,1240,120.058781,0.46682600000000002,8.6929890000000007,859,118.84212599999999,0.34754800000000002,8.2119630000000008,1101,118.23866700000001,0.27835500000000002,7.92089,1335,115.310469,0.11340500000000001,6.4896739999999999,1910,117.08682399999999,0.18860099999999999,7.0998450000000002,1692,118.549496,0.21478,7.7691090000000003,1347,118.06687599999999,0.30772899999999997,7.9938469999999997,1218,119.32510499999999,0.40253899999999998,8.2758959999999995,987,2025-26,693.8918518518518,546.1081481481482
2025-07-01T00:00:00Z,E12000006,East of England,NA,118.31604,-3.0712E-2,7.0134720000000002,1239,120.19164499999999,0.110666,7.945214,860,118.828746,-1.1258000000000001E-2,7.4034519999999997,1101,118.146382,-7.8049999999999994E-2,6.9922700000000004,1334,115.08042500000001,-0.19950000000000001,5.6790729999999998,1906,116.894183,-0.16452800000000001,6.1471830000000001,1689,118.45132,-8.2815E-2,6.8069959999999998,1346,117.999802,-5.6809999999999999E-2,7.1037119999999998,1217,119.470364,0.12173399999999999,7.5976600000000003,989,2025-26,693.8918518518518,545.1081481481482
2025-08-01T00:00:00Z,E12000006,East of England,NA,118.869102,0.467445,6.7492150000000004,1245,120.68790300000001,0.41288900000000001,7.5359959999999999,864,119.379142,0.46318399999999998,7.1114759999999997,1106,118.702411,0.47062700000000002,6.7226249999999999,1341,115.66304100000001,0.50626800000000005,5.6074169999999999,1916,117.325035,0.36858299999999999,5.8710959999999996,1696,119.003364,0.46605099999999999,6.5544310000000001,1352,118.647284,0.54871499999999995,6.8847709999999998,1224,119.9863,0.43185299999999999,7.2761170000000002,993,2025-26,693.8918518518518,551.1081481481482
2025-09-01T00:00:00Z,E12000006,East of England,NA,119.428491,0.47059200000000001,6.3037700000000001,1251,121.297558,0.50514999999999999,7.0682559999999999,868,119.90338,0.439137,6.6389389999999997,1111,119.286841,0.49234899999999998,6.2697719999999997,1347,116.22834899999999,0.488755,5.4108429999999998,1925,117.864711,0.459984,5.4529199999999998,1703,119.574573,0.47999399999999998,6.149254,1358,119.248904,0.50706600000000002,6.4365759999999996,1230,120.497936,0.42641200000000001,6.785793,997,2025-26,693.8918518518518,557.1081481481482
2025-10-01T00:00:00Z,E12000006,East of England,NA,119.789338,0.302145,5.875006,1255,121.618949,0.264961,6.6032450000000003,870,120.263616,0.30043900000000001,6.1962000000000002,1114,119.720134,0.363236,5.936941,1352,116.487903,0.22331400000000001,4.8610259999999998,1929,118.190319,0.276256,5.028111,1708,119.961305,0.32342300000000002,5.6994579999999999,1363,119.672338,0.35508400000000001,6.071688,1234,120.785229,0.238422,6.292497,1000,2025-26,693.8918518518518,561.1081481481482
2025-11-01T00:00:00Z,E12000006,East of England,NA,120.39404,0.50480499999999995,5.449535,1261,122.19292799999999,0.47194900000000001,6.0987720000000003,874,120.85568600000001,0.49231000000000003,5.7911659999999996,1119,120.332635,0.51161100000000004,5.4503919999999999,1359,117.324969,0.71858599999999995,4.6244949999999996,1943,118.909155,0.60820200000000002,4.6902619999999997,1718,120.60821199999999,0.53926300000000005,5.2997629999999996,1370,120.24841000000001,0.481375,5.6150279999999997,1240,121.32096799999999,0.44354700000000002,5.8298129999999997,1004,2025-26,693.8918518518518,567.1081481481482
2025-12-01T00:00:00Z,E12000006,East of England,NA,120.889247,0.41132200000000002,5.2752400000000002,1266,122.72557500000001,0.43590600000000002,5.8541619999999996,878,121.321241,0.385216,5.5094830000000004,1124,120.901408,0.472667,5.3522100000000004,1365,117.630227,0.26018200000000002,4.3559700000000001,1948,119.355386,0.37527100000000002,4.5421269999999998,1725,121.11188900000001,0.41761399999999999,5.1917850000000003,1376,120.829128,0.48293199999999997,5.5213039999999998,1246,121.737112,0.34300999999999998,5.4953570000000003,1007,2025-26,693.8918518518518,572.1081481481482
2026-01-01T00:00:00Z,E12000006,East of England,NA,121.039622,0.12439,4.851858,1268,123.00863699999999,0.23064699999999999,5.5173819999999996,880,121.585115,0.2175,5.1561250000000003,1126,121.007875,8.8061E-2,4.9046709999999996,1367,117.715092,7.2146000000000002E-2,3.9151720000000001,1950,119.347486,-6.6189999999999999E-3,3.95322,1725,121.270017,0.13056400000000001,4.7402049999999996,1378,120.996819,0.13878399999999999,5.1514850000000001,1248,121.958474,0.181836,5.1310969999999996,1009,2025-26,693.8918518518518,574.1081481481482
2026-02-01T00:00:00Z,E12000006,East of England,NA,121.10376,5.2989000000000001E-2,4.212993,1269,123.095682,7.0763999999999994E-2,4.8536979999999996,881,121.675138,7.4040999999999996E-2,4.471044,1127,121.10485,8.0140000000000003E-2,4.2867490000000004,1368,117.718311,2.7339999999999999E-3,3.3545889999999998,1950,119.38174100000001,2.8701999999999998E-2,3.44312,1725,121.37456899999999,8.6215E-2,4.1249900000000004,1379,121.06069100000001,5.2788000000000002E-2,4.4930589999999997,1248,122.007987,4.0598000000000002E-2,4.4158850000000003,1010,2025-26,693.8918518518518,575.1081481481482
2026-03-01T00:00:00Z,E12000006,East of England,NA,121.630582,0.43501699999999999,4.1971420000000004,1274,123.60634899999999,0.41485300000000003,4.7141010000000003,884,122.23139,0.45716200000000001,4.4632389999999997,1132,121.663404,0.46121499999999999,4.2865029999999997,1374,118.002713,0.24159600000000001,3.274626,1954,119.83223,0.37735099999999999,3.4767169999999998,1732,121.90768799999999,0.43923400000000001,4.1386250000000002,1385,121.621399,0.46316299999999999,4.4804930000000001,1254,122.533822,0.43098500000000001,4.3402560000000001,1014,2025-26,693.8918518518518,580.1081481481482
2026-04-01T00:00:00Z,E12000006,East of England,NA,121.962102,0.272563,4.028861,1278,123.939652,0.26964900000000003,4.4597670000000003,887,122.55419500000001,0.264094,4.2478829999999999,1135,122.032956,0.30375000000000002,4.1787520000000002,1378,118.291511,0.24473800000000001,3.2089300000000001,1959,120.13076,0.24912300000000001,3.3807529999999999,1736,122.229343,0.26385199999999998,3.999339,1388,121.98163599999999,0.29619499999999999,4.3054779999999999,1258,122.8579,0.26447999999999999,4.1120929999999998,1017,2026-27,NA,NA
2015-01-01T00:00:00Z,E12000007,London,NA,86.294082,NA,NA,1580,85.815409000000002,NA,NA,1170,86.993662999999998,NA,NA,1520,85.539293000000001,NA,NA,1775,85.287469000000002,NA,NA,2527,85.575055000000006,NA,NA,1980,86.168844000000007,NA,NA,2006,85.488692,NA,NA,1919,86.484343999999993,NA,NA,1390,2014-15,NA,NA
2015-02-01T00:00:00Z,E12000007,London,NA,86.488668,0.225492,NA,1583,86.006572000000006,0.22276099999999999,NA,1173,87.208228000000005,0.246644,NA,1524,85.823603000000006,0.33237299999999997,NA,1781,85.410428999999993,0.14417099999999999,NA,2530,85.945846000000003,0.43329400000000001,NA,1989,86.335649000000004,0.193578,NA,2010,85.660763000000003,0.20127900000000001,NA,1923,86.691619000000003,0.23966699999999999,NA,1393,2014-15,NA,NA
2015-03-01T00:00:00Z,E12000007,London,NA,86.873807,0.44530700000000001,NA,1590,86.373175000000003,0.42625000000000002,NA,1178,87.621081000000004,0.47341100000000003,NA,1531,86.163719,0.39629700000000001,NA,1788,85.900070999999997,0.57328100000000004,NA,2545,86.159949999999995,0.249115,NA,1994,86.692706000000001,0.41356799999999999,NA,2018,86.061249000000004,0.467526,NA,1932,87.084177999999994,0.45282299999999998,NA,1400,2014-15,NA,NA
2015-04-01T00:00:00Z,E12000007,London,NA,87.546011,0.77376999999999996,NA,1602,87.082117999999994,0.82079100000000005,NA,1187,88.318297999999999,0.79571899999999995,NA,1543,86.889416999999995,0.84223099999999995,NA,1803,86.508825999999999,0.70867899999999995,NA,2563,87.023441000000005,1.0021949999999999,NA,2014,87.365992000000006,0.77663599999999999,NA,2034,86.656722000000002,0.691917,NA,1945,87.797646999999998,0.81928699999999999,NA,1411,2015-16,902.6704761904763,699.3295238095237
2015-05-01T00:00:00Z,E12000007,London,NA,88.278336,0.836503,NA,1616,87.722252999999995,0.73509400000000003,NA,1196,89.092687999999995,0.87681699999999996,NA,1557,87.652302000000006,0.877996,NA,1819,87.161969999999997,0.75500199999999995,NA,2582,87.855215999999999,0.95580500000000002,NA,2033,88.071644000000006,0.80769599999999997,NA,2050,87.391251999999994,0.84763299999999997,NA,1961,88.525356000000002,0.828847,NA,1423,2015-16,902.6704761904763,713.3295238095237
2015-06-01T00:00:00Z,E12000007,London,NA,88.522372,0.27644000000000002,NA,1620,88.007936000000001,0.32566699999999998,NA,1200,89.421277000000003,0.36881700000000001,NA,1563,87.966340000000002,0.35827700000000001,NA,1825,87.249205000000003,0.10008400000000001,NA,2585,87.822005000000004,-3.7802000000000002E-2,NA,2032,88.236114999999998,0.186747,NA,2054,87.615492000000003,0.25659300000000002,NA,1967,88.829735999999997,0.34383399999999997,NA,1428,2015-16,902.6704761904763,717.3295238095237
2015-07-01T00:00:00Z,E12000007,London,NA,88.705863,0.20728199999999999,NA,1624,88.305414999999996,0.33801399999999998,NA,1204,89.599449000000007,0.19925000000000001,NA,1566,88.111307999999994,0.164799,NA,1828,87.427841999999998,0.20474400000000001,NA,2590,88.241572000000005,0.47774699999999998,NA,2042,88.410444999999996,0.197572,NA,2058,87.724840999999998,0.124805,NA,1969,89.055610999999999,0.25427899999999998,NA,1431,2015-16,902.6704761904763,721.3295238095237
2015-08-01T00:00:00Z,E12000007,London,NA,89.263756,0.62892400000000004,NA,1634,88.771314000000004,0.52759900000000004,NA,1210,90.243950999999996,0.71931500000000004,NA,1577,88.703284999999994,0.671852,NA,1841,88.106457000000006,0.7762,NA,2610,88.901290000000003,0.74762700000000004,NA,2057,89.008832999999996,0.67683000000000004,NA,2072,88.250437000000005,0.59914199999999995,NA,1981,89.614400000000003,0.62746000000000002,NA,1440,2015-16,902.6704761904763,731.3295238095237
2015-09-01T00:00:00Z,E12000007,London,NA,89.736642,0.52976199999999996,NA,1643,89.100357000000002,0.37066399999999999,NA,1215,90.617678999999995,0.41413100000000003,NA,1584,89.211273000000006,0.57268200000000002,NA,1851,88.744587999999993,0.72427200000000003,NA,2629,89.170928000000004,0.30330000000000001,NA,2064,89.525319999999994,0.580264,NA,2084,88.846884000000003,0.67585700000000004,NA,1994,89.988685000000004,0.41766199999999998,NA,1446,2015-16,902.6704761904763,740.3295238095237
2015-10-01T00:00:00Z,E12000007,London,NA,89.793855,6.3756999999999994E-2,NA,1644,89.272126999999998,0.19278300000000001,NA,1217,90.737320999999994,0.13203000000000001,NA,1586,89.343097999999998,0.14776700000000001,NA,1854,88.708546999999996,-4.0611000000000001E-2,NA,2628,88.936639,-0.262741,NA,2058,89.537356000000003,1.3443999999999999E-2,NA,2084,88.852874,6.7419999999999997E-3,NA,1994,90.121487000000002,0.14757600000000001,NA,1448,2015-16,902.6704761904763,741.3295238095237
2015-11-01T00:00:00Z,E12000007,London,NA,89.818149,2.7054999999999999E-2,NA,1644,89.186149999999998,-9.6309000000000006E-2,NA,1216,90.753527000000005,1.7860000000000001E-2,NA,1586,89.399788000000001,6.3451999999999995E-2,NA,1855,88.889433999999994,0.20391100000000001,NA,2633,89.089018999999993,0.17133499999999999,NA,2062,89.584005000000005,5.21E-2,NA,2085,88.902968000000001,5.6377999999999998E-2,NA,1995,90.108877000000007,-1.3991999999999999E-2,NA,1448,2015-16,902.6704761904763,741.3295238095237
2015-12-01T00:00:00Z,E12000007,London,NA,90.060607,0.26994299999999999,NA,1648,89.463382999999993,0.31084800000000001,NA,1220,91.036040999999997,0.31129899999999999,NA,1591,89.704991000000007,0.341391,NA,1861,89.079893999999996,0.21426700000000001,NA,2639,89.189267000000001,0.112525,NA,2064,89.789416000000003,0.229295,NA,2090,89.117239999999995,0.24101800000000001,NA,2000,90.394340999999997,0.316799,NA,1453,2015-16,902.6704761904763,745.3295238095237
2016-01-01T00:00:00Z,E12000007,London,NA,90.337585,0.30754700000000001,4.6857259999999998,1654,89.996041000000005,0.59539200000000003,4.8716569999999999,1227,91.455347000000003,0.46059299999999997,5.1287459999999996,1598,90.022109,0.35351300000000002,5.2406509999999997,1868,89.108337000000006,3.193E-2,4.4799879999999996,2640,89.183077999999995,-6.9389999999999999E-3,4.216208,2064,89.934023999999994,0.161052,4.3695370000000002,2093,89.252701999999999,0.152004,4.402933,2003,90.843971999999994,0.49741099999999999,5.0409449999999998,1460,2015-16,902.6704761904763,751.3295238095237
2016-02-01T00:00:00Z,E12000007,London,NA,90.417786,8.8778999999999997E-2,4.542929,1655,90.078770000000006,9.1924000000000006E-2,4.7347520000000003,1228,91.607585999999998,0.166463,5.0446600000000004,1601,90.195607999999993,0.19272800000000001,5.094176,1872,89.129949999999994,2.4254999999999999E-2,4.3548799999999996,2641,89.248050000000006,7.2853000000000001E-2,3.8421910000000001,2065,89.877899999999997,-6.2406000000000003E-2,4.1028840000000004,2092,89.324837000000002,8.0821000000000004E-2,4.2774239999999999,2005,90.965817999999999,0.134127,4.9303489999999996,1462,2015-16,902.6704761904763,752.3295238095237
2016-03-01T00:00:00Z,E12000007,London,NA,90.924178,0.56005700000000003,4.6623609999999998,1664,90.569208000000003,0.54445500000000002,4.858028,1235,91.978554000000003,0.40495300000000001,4.9730869999999996,1607,90.718304000000003,0.57951399999999997,5.2859670000000003,1882,89.652821000000003,0.58663799999999999,4.3687389999999997,2656,89.927342999999993,0.76112899999999994,4.3725569999999996,2081,90.562413000000006,0.76160399999999995,4.4637060000000002,2108,89.840145000000007,0.57689100000000004,4.3909370000000001,2016,91.405843000000004,0.48372599999999999,4.9626289999999997,1469,2015-16,902.6704761904763,761.3295238095237
2016-04-01T00:00:00Z,E12000007,London,NA,91.03951,0.12684400000000001,3.990472,1666,90.698188999999999,0.14241200000000001,4.1524840000000003,1236,92.207339000000005,0.24873799999999999,4.4034370000000003,1611,90.886195000000001,0.18506900000000001,4.5998460000000003,1886,89.738640000000004,9.5723000000000003E-2,3.7335069999999999,2659,89.922047000000006,-5.8900000000000003E-3,3.3308330000000002,2081,90.560283999999996,-2.3509999999999998E-3,3.656218,2108,89.933177000000001,0.10355399999999999,3.7809599999999999,2019,91.574006999999995,0.183975,4.3012079999999999,1472,2016-17,902.6704761904763,763.3295238095237
2016-05-01T00:00:00Z,E12000007,London,NA,91.477385,0.48097299999999998,3.6238220000000001,1674,91.193617000000003,0.546238,3.9572210000000001,1243,92.670636999999999,0.50245200000000001,4.0159849999999997,1619,91.271502999999996,0.42394500000000002,4.1290430000000002,1894,90.051343000000003,0.34845999999999999,3.3149470000000001,2668,90.342995999999999,0.46812700000000002,2.8316810000000001,2091,91.034938999999994,0.52413100000000001,3.3646410000000002,2119,90.325016000000005,0.43569999999999998,3.3570449999999998,2027,92.030889999999999,0.49892300000000001,3.9599220000000002,1479,2016-17,902.6704761904763,771.3295238095237
2016-06-01T00:00:00Z,E12000007,London,NA,91.705547,0.249418,3.595898,1679,91.305689000000001,0.122895,3.747109,1245,92.830425000000005,0.172426,3.8124570000000002,1622,91.499948000000003,0.25029099999999999,4.0170000000000003,1899,90.495782000000005,0.49353999999999998,3.7210399999999999,2681,90.603617,0.28848000000000001,3.1673290000000001,2097,91.283618000000004,0.273169,3.4538039999999999,2125,90.657735000000002,0.36835699999999999,3.4722659999999999,2035,92.183972999999995,0.16633800000000001,3.77603,1481,2016-17,902.6704761904763,776.3295238095237
2016-07-01T00:00:00Z,E12000007,London,NA,92.192356,0.53083999999999998,3.9303979999999998,1687,91.734207999999995,0.46932299999999999,3.882879,1251,93.280276999999998,0.484595,4.1080920000000001,1630,91.997259,0.54351000000000005,4.4102750000000004,1909,91.088189,0.65462299999999995,4.186706,2699,91.076526999999999,0.52195400000000003,3.21272,2108,91.844266000000005,0.61418200000000001,3.883953,2138,91.159312,0.55326399999999998,3.9150499999999999,2046,92.640961000000004,0.49573499999999998,4.0259669999999996,1489,2016-17,902.6704761904763,784.3295238095237
2016-08-01T00:00:00Z,E12000007,London,NA,92.384772,0.20871200000000001,3.4963989999999998,1691,91.934809000000001,0.21867600000000001,3.5636450000000002,1253,93.421775999999994,0.15169299999999999,3.5213719999999999,1633,92.204431,0.22519400000000001,3.947031,1913,91.368672000000004,0.307925,3.7025830000000002,2707,91.370108999999999,0.32234699999999999,2.777034,2114,92.016818999999998,0.18787599999999999,3.3794240000000002,2142,91.363303000000002,0.223775,3.5273099999999999,2051,92.823505999999995,0.197046,3.581016,1492,2016-17,902.6704761904763,788.3295238095237
2016-09-01T00:00:00Z,E12000007,London,NA,92.624605,0.25960100000000003,3.2182650000000002,1695,92.209247000000005,0.29851499999999997,3.489201,1257,93.664258000000004,0.25955699999999998,3.362015,1637,92.451532,0.26799200000000001,3.632117,1918,91.643950000000004,0.301284,3.2670870000000001,2715,91.389955999999998,2.1721000000000001E-2,2.4885109999999999,2115,92.150321000000005,0.14508399999999999,2.9321320000000002,2145,91.640884999999997,0.30382199999999998,3.1447370000000001,2057,93.081337000000005,0.27776499999999998,3.436712,1496,2016-17,902.6704761904763,792.3295238095237
2016-10-01T00:00:00Z,E12000007,London,NA,92.65874,3.6852999999999997E-2,3.1905130000000002,1696,92.265435999999994,6.0935999999999997E-2,3.3530160000000002,1258,93.669877,5.9979999999999999E-3,3.2319179999999998,1637,92.470900999999998,2.0951000000000001E-2,3.5008889999999999,1919,91.670796999999993,2.9294000000000001E-2,3.339305,2716,91.520173999999997,0.142486,2.9049170000000002,2118,92.237209000000007,9.4289999999999999E-2,3.0153370000000002,2147,91.651576000000006,1.1667E-2,3.1498159999999999,2057,93.109813000000003,3.0592000000000001E-2,3.3158859999999999,1496,2016-17,902.6704761904763,793.3295238095237
2016-11-01T00:00:00Z,E12000007,London,NA,92.849167,0.205515,3.3746170000000002,1700,92.386983000000001,0.13173699999999999,3.5889350000000002,1260,93.856015999999997,0.19871900000000001,3.4185889999999999,1640,92.756837000000004,0.30921799999999999,3.7550979999999998,1925,91.790542000000002,0.13062499999999999,3.2637269999999998,2719,91.752726999999993,0.25409999999999999,2.9899399999999998,2123,92.476823999999993,0.25978099999999998,3.2291690000000002,2153,91.844567999999995,0.21057100000000001,3.3087759999999999,2061,93.282026999999999,0.18495800000000001,3.5214620000000001,1499,2016-17,902.6704761904763,797.3295238095237
2016-12-01T00:00:00Z,E12000007,London,NA,93.008413,0.17151,3.273136,1702,92.542697000000004,0.168545,3.4419819999999999,1262,94.032070000000004,0.18757799999999999,3.2910360000000001,1643,92.881518,0.13441600000000001,3.5410810000000001,1927,92.046699000000004,0.27906700000000001,3.3304990000000001,2727,91.839641,9.4726000000000005E-2,2.9716290000000001,2125,92.604670999999996,0.13824800000000001,3.1353970000000002,2156,92.016163000000006,0.186832,3.2529319999999999,2065,93.445966999999996,0.17574600000000001,3.3759030000000001,1502,2016-17,902.6704761904763,799.3295238095237
2017-01-01T00:00:00Z,E12000007,London,NA,93.130049,0.13078000000000001,3.0911430000000002,1705,92.745823999999999,0.219495,3.0554489999999999,1264,94.173428999999999,0.15032999999999999,2.972032,1646,93.003502999999995,0.13133400000000001,3.3118449999999999,1930,92.122932000000006,8.2820000000000005E-2,3.3830680000000002,2729,91.781401000000002,-6.3413999999999998E-2,2.9134720000000001,2124,92.735059000000007,0.14080000000000001,3.114544,2159,92.102542999999997,9.3875E-2,3.193003,2067,93.599573000000007,0.16438,3.033334,1504,2016-17,902.6704761904763,802.3295238095237
2017-02-01T00:00:00Z,E12000007,London,NA,93.000619,-0.13897799999999999,2.856554,1702,92.631307000000007,-0.123474,2.8336730000000001,1263,94.014294000000007,-0.16898099999999999,2.627192,1643,92.897918000000004,-0.113528,2.9960550000000001,1928,92.006003000000007,-0.12692700000000001,3.2268089999999998,2726,91.445744000000005,-0.36571399999999998,2.462456,2116,92.520506999999995,-0.23136000000000001,2.9402189999999999,2154,92.042871000000005,-6.479E-2,3.0428639999999998,2066,93.469089999999994,-0.139405,2.7518820000000002,1502,2016-17,902.6704761904763,799.3295238095237
2017-03-01T00:00:00Z,E12000007,London,NA,93.10779,0.11523700000000001,2.4015749999999998,1704,92.739800000000002,0.11712400000000001,2.3966120000000002,1264,94.031191000000007,1.7972999999999999E-2,2.2316470000000002,1643,92.985803000000004,9.4603999999999994E-2,2.499495,1929,92.132287000000005,0.13725599999999999,2.765631,2730,91.545406,0.108985,1.7992999999999999,2119,92.776447000000005,0.27663100000000002,2.4447610000000002,2160,92.150678999999997,0.117128,2.571828,2068,93.529032000000001,6.4130000000000006E-2,2.3228149999999999,1503,2016-17,902.6704761904763,801.3295238095237
2017-04-01T00:00:00Z,E12000007,London,NA,93.209996,0.10977199999999999,2.384115,1706,92.956185000000005,0.233325,2.4895719999999999,1267,94.181870000000004,0.160244,2.1414029999999999,1646,93.021484999999998,3.8373999999999998E-2,2.3494109999999999,1930,92.175854999999999,4.7287999999999997E-2,2.7159040000000001,2731,91.724587,0.19572899999999999,2.0045600000000001,2123,92.837152000000003,6.5431000000000003E-2,2.514202,2161,92.150313999999995,-3.9599999999999998E-4,2.4653149999999999,2068,93.698249000000004,0.180925,2.3197000000000001,1506,2017-18,905.9483333333333,800.0516666666667
2017-05-01T00:00:00Z,E12000007,London,NA,92.939742,-0.289941,1.5986,1701,92.828491999999997,-0.13736899999999999,1.7927519999999999,1266,93.979735000000005,-0.21462200000000001,1.4126350000000001,1642,92.769863000000001,-0.27049899999999999,1.641651,1925,91.889185999999995,-0.311002,2.0408840000000001,2722,91.254755000000003,-0.51222000000000001,1.00922,2112,92.436014,-0.43208800000000003,1.5390520000000001,2152,91.852647000000005,-0.323023,1.69126,2062,93.496955999999997,-0.21483099999999999,1.5930150000000001,1503,2017-18,905.9483333333333,795.0516666666667
2017-06-01T00:00:00Z,E12000007,London,NA,93.161053,0.238122,1.5871519999999999,1705,93.095578000000003,0.28771999999999998,1.9603250000000001,1269,94.167238999999995,0.199515,1.4400599999999999,1646,93.000055000000003,0.24813199999999999,1.639462,1930,92.012827000000001,0.13455400000000001,1.6763699999999999,2726,91.584180000000003,0.36099500000000001,1.0822560000000001,2119,92.677439000000007,0.261181,1.526912,2157,92.047263999999998,0.21187900000000001,1.5327200000000001,2066,93.720388,0.23897299999999999,1.6666840000000001,1506,2017-18,905.9483333333333,799.0516666666667
2017-07-01T00:00:00Z,E12000007,London,NA,93.488726,0.35172799999999999,1.406158,1711,93.299042,0.218553,1.705835,1272,94.461246000000003,0.31221900000000002,1.2660439999999999,1651,93.328480999999996,0.35314600000000002,1.4470240000000001,1937,92.453439000000003,0.47885899999999998,1.4988220000000001,2739,91.814609000000004,0.25160300000000002,0.81039700000000003,2125,93.088562999999994,0.443608,1.3547910000000001,2167,92.450659999999999,0.438249,1.4165840000000001,2075,93.982814000000005,0.28000999999999998,1.448445,1510,2017-18,905.9483333333333,805.0516666666667
2017-08-01T00:00:00Z,E12000007,London,NA,93.193086,-0.31623099999999998,0.874942,1706,93.174558000000005,-0.13342499999999999,1.348509,1270,94.109095999999994,-0.37279899999999999,0.73571699999999995,1645,93.058283000000003,-0.28951300000000002,0.92604200000000003,1931,92.049735999999996,-0.43665500000000002,0.74540200000000001,2727,91.558631000000005,-0.27879799999999999,0.20632700000000001,2119,92.688288999999997,-0.42999300000000001,0.72972499999999996,2157,92.113399000000001,-0.36480099999999999,0.82100399999999996,2067,93.742731000000006,-0.25545400000000001,0.99029400000000001,1507,2017-18,905.9483333333333,800.0516666666667
2017-09-01T00:00:00Z,E12000007,London,NA,92.778628,-0.44473000000000001,0.16628799999999999,1698,92.811560999999998,-0.38958799999999999,0.65320299999999998,1265,93.724407999999997,-0.40876800000000002,6.4217999999999997E-2,1638,92.588612999999995,-0.50470599999999999,0.14827399999999999,1921,91.697451999999998,-0.38270999999999999,5.8380000000000001E-2,2717,91.061880000000002,-0.54254999999999998,-0.358985,2107,92.249110999999999,-0.47382299999999999,0.107206,2147,91.672942000000006,-0.47816900000000001,3.4980999999999998E-2,2058,93.356905999999995,-0.41157899999999997,0.29605100000000001,1500,2017-18,905.9483333333333,792.0516666666667
2017-10-01T00:00:00Z,E12000007,London,NA,92.863828,9.1830999999999996E-2,0.22133700000000001,1700,92.988847000000007,0.19101699999999999,0.78405400000000003,1268,93.852069999999998,0.13621,0.19450600000000001,1640,92.703209999999999,0.12377100000000001,0.25122499999999998,1924,91.587052999999997,-0.120395,-9.1353000000000004E-2,2713,91.014026999999999,-5.2549999999999999E-2,-0.55304500000000001,2106,92.222620000000006,-2.8716999999999999E-2,-1.5817000000000001E-2,2147,91.723408000000006,5.5050000000000002E-2,7.8375E-2,2059,93.504278999999997,0.15786,0.42365700000000001,1503,2017-18,905.9483333333333,794.0516666666667
2017-11-01T00:00:00Z,E12000007,London,NA,92.804718,-6.3652E-2,-4.7872999999999999E-2,1699,92.936165000000003,-5.6654000000000003E-2,0.59443599999999996,1267,93.809145000000001,-4.5737E-2,-4.9939999999999998E-2,1639,92.688974000000002,-1.5357000000000001E-2,-7.3163000000000006E-2,1923,91.441405000000003,-0.159026,-0.38036199999999998,2709,90.722562999999994,-0.320241,-1.122762,2099,92.116097999999994,-0.115505,-0.39007199999999997,2144,91.642757000000003,-8.7928000000000006E-2,-0.21973100000000001,2057,93.485560000000007,-2.002E-2,0.21819,1502,2017-18,905.9483333333333,793.0516666666667
2017-12-01T00:00:00Z,E12000007,London,NA,92.688224,-0.125525,-0.34425800000000001,1697,92.871488999999997,-6.9591E-2,0.35528700000000002,1266,93.665813,-0.15279200000000001,-0.38950200000000001,1637,92.493809999999996,-0.210558,-0.41742200000000002,1919,91.389587000000006,-5.6668000000000003E-2,-0.713889,2708,90.664873,-6.3589000000000007E-2,-1.2791509999999999,2098,91.986497999999997,-0.14069100000000001,-0.66754000000000002,2141,91.515356999999995,-0.139019,-0.54425900000000005,2054,93.376548,-0.116608,-7.4288000000000007E-2,1501,2017-18,905.9483333333333,791.0516666666667
2018-01-01T00:00:00Z,E12000007,London,NA,92.293149,-0.42624099999999998,-0.89863599999999999,1689,92.610911999999999,-0.28057900000000002,-0.14546400000000001,1263,93.436215000000004,-0.24512400000000001,-0.78282499999999999,1633,92.125899000000004,-0.39776800000000001,-0.94362400000000002,1912,90.806511,-0.63801200000000002,-1.428984,2690,90.335356000000004,-0.36344500000000002,-1.5755319999999999,2091,91.405529000000001,-0.63158199999999998,-1.433686,2128,91.003991999999997,-0.55877600000000005,-1.1927490000000001,2043,93.104181999999994,-0.29168500000000003,-0.52926600000000001,1496,2017-18,905.9483333333333,783.0516666666667
2018-02-01T00:00:00Z,E12000007,London,NA,92.535346,0.26242100000000002,-0.50029000000000001,1694,92.833864000000005,0.24074100000000001,0.21867,1266,93.553607,0.125638,-0.49001800000000001,1635,92.303030000000007,0.192271,-0.64036700000000002,1915,91.058316000000005,0.27729900000000002,-1.0300279999999999,2698,90.546691999999993,0.23394599999999999,-0.98315300000000005,2095,91.899876000000006,0.54082799999999998,-0.67080399999999996,2139,91.279680999999997,0.30294300000000002,-0.82916699999999999,2049,93.263785999999996,0.17142499999999999,-0.21965000000000001,1499,2017-18,905.9483333333333,788.0516666666667
2018-03-01T00:00:00Z,E12000007,London,NA,91.971212,-0.60964200000000002,-1.220712,1683,92.461262000000005,-0.40136500000000003,-0.300344,1261,93.142590999999996,-0.43933800000000001,-0.94500600000000001,1628,91.753894000000003,-0.59492699999999998,-1.3248359999999999,1904,90.408961000000005,-0.71311899999999995,-1.8704909999999999,2678,90.078175000000002,-0.517432,-1.6027370000000001,2085,90.924132999999998,-1.0617449999999999,-1.9965349999999999,2116,90.641723999999996,-0.69890399999999997,-1.637486,2034,92.844199000000003,-0.44989200000000001,-0.732213,1492,2017-18,905.9483333333333,777.0516666666667
2018-04-01T00:00:00Z,E12000007,London,NA,91.687385,-0.30860399999999999,-1.6335280000000001,1678,92.365575000000007,-0.103488,-0.63536400000000004,1259,92.836910000000003,-0.32818599999999998,-1.4280459999999999,1622,91.424193000000002,-0.35933199999999998,-1.717122,1897,90.001627999999997,-0.450546,-2.358781,2666,89.986922000000007,-0.101303,-1.8944380000000001,2082,90.62894,-0.32465899999999998,-2.378587,2110,90.285522,-0.39297799999999999,-2.023641,2026,92.597943000000001,-0.26523600000000003,-1.1743079999999999,1488,2018-19,930.7690476190477,747.2309523809523
2018-05-01T00:00:00Z,E12000007,London,NA,91.535395,-0.16577,-1.5110300000000001,1675,92.218422000000004,-0.15931699999999999,-0.65720199999999995,1257,92.724778999999998,-0.120783,-1.335348,1620,91.202854000000002,-0.24210100000000001,-1.689136,1892,89.772712999999996,-0.25434499999999999,-2.3032879999999998,2660,89.940844999999996,-5.1205000000000001E-2,-1.439827,2081,90.566657000000006,-6.8722000000000005E-2,-2.0223239999999998,2108,90.093164000000002,-0.213056,-1.9155500000000001,2022,92.442779000000002,-0.16756699999999999,-1.127499,1486,2018-19,930.7690476190477,744.2309523809523
2018-06-01T00:00:00Z,E12000007,London,NA,91.541709,6.8979999999999996E-3,-1.7382200000000001,1676,92.143172000000007,-8.1599000000000005E-2,-1.0230410000000001,1256,92.720123000000001,-5.0200000000000002E-3,-1.5367500000000001,1620,91.291974999999994,9.7717999999999999E-2,-1.8366439999999999,1894,89.876343000000006,0.115435,-2.3219409999999998,2663,89.878877000000003,-6.8899000000000002E-2,-1.862007,2080,90.569372999999999,2.9979999999999998E-3,-2.2746270000000002,2108,90.155016000000003,6.8654000000000007E-2,-2.0557349999999999,2024,92.420254999999997,-2.4365000000000001E-2,-1.3872469999999999,1485,2018-19,930.7690476190477,745.2309523809523
2018-07-01T00:00:00Z,E12000007,London,NA,91.770921,0.25039,-1.8374470000000001,1680,92.325006999999999,0.19733899999999999,-1.043992,1259,92.931095999999997,0.22753699999999999,-1.6198710000000001,1624,91.532942000000006,0.26395099999999999,-1.9238919999999999,1899,90.071374000000006,0.217,-2.5765020000000001,2668,90.074529999999996,0.21768599999999999,-1.8952089999999999,2084,90.880555000000001,0.34358499999999997,-2.3719429999999999,2115,90.363794999999996,0.23157800000000001,-2.2572749999999999,2028,92.641848999999993,0.23976800000000001,-1.42682,1489,2018-19,930.7690476190477,749.2309523809523
2018-08-01T00:00:00Z,E12000007,London,NA,91.956914,0.20267099999999999,-1.3264629999999999,1683,92.425381000000002,0.108718,-0.80405700000000002,1260,93.114699999999999,0.19757,-1.0566420000000001,1627,91.697329999999994,0.179595,-1.4624740000000001,1903,90.381462999999997,0.34427099999999999,-1.81236,2678,90.280884999999998,0.22909399999999999,-1.3955500000000001,2089,91.134962999999999,0.27993600000000002,-1.675861,2121,90.593720000000005,0.254444,-1.6497919999999999,2033,92.783079999999998,0.152448,-1.0237080000000001,1491,2018-19,930.7690476190477,752.2309523809523
2018-09-01T00:00:00Z,E12000007,London,NA,91.84968,-0.11661299999999999,-1.0012529999999999,1681,92.387859000000006,-4.0597000000000001E-2,-0.45651900000000001,1260,92.907839999999993,-0.22215599999999999,-0.87124400000000002,1624,91.573126999999999,-0.13544900000000001,-1.0967720000000001,1900,90.288256000000004,-0.103127,-1.536789,2675,90.208466999999999,-8.0213999999999994E-2,-0.93717899999999998,2088,91.074059000000005,-6.6826999999999998E-2,-1.2737810000000001,2120,90.514546999999993,-8.7393999999999999E-2,-1.263617,2032,92.646226999999996,-0.14749699999999999,-0.76124899999999995,1489,2018-19,930.7690476190477,750.2309523809523
2018-10-01T00:00:00Z,E12000007,London,NA,92.1364,0.312162,-0.78332800000000002,1686,92.560661999999994,0.18704200000000001,-0.46046900000000002,1262,93.050342000000001,0.15337999999999999,-0.85424699999999998,1626,91.837202000000005,0.28837600000000002,-0.93417300000000003,1906,90.767921999999999,0.53126099999999998,-0.89437299999999997,2689,90.554356999999996,0.38343500000000003,-0.50505299999999997,2096,91.638829000000001,0.62012100000000003,-0.63302400000000003,2133,90.884810999999999,0.40906599999999999,-0.91426700000000005,2040,92.809811999999994,0.176569,-0.74271200000000004,1492,2018-19,930.7690476190477,755.2309523809523
2018-11-01T00:00:00Z,E12000007,London,NA,92.382583,0.26719399999999999,-0.45486300000000002,1691,92.760696999999993,0.216112,-0.188804,1265,93.308514000000002,0.27745399999999998,-0.53366999999999998,1631,92.076958000000005,0.26106699999999999,-0.66028900000000001,1911,91.063958999999997,0.32614700000000002,-0.41277399999999997,2698,90.751123000000007,0.21729000000000001,3.1481000000000002E-2,2100,91.931944999999999,0.31985999999999998,-0.19991400000000001,2140,91.119570999999993,0.25830399999999998,-0.57089800000000002,2045,93.052552000000006,0.261546,-0.46318100000000001,1495,2018-19,930.7690476190477,760.2309523809523
2018-12-01T00:00:00Z,E12000007,London,NA,92.670719,0.311894,-1.8886E-2,1696,92.821449999999999,6.5494999999999998E-2,-5.3879999999999997E-2,1265,93.567150999999996,0.27718399999999999,-0.105334,1635,92.346625000000003,0.29287099999999999,-0.15912899999999999,1916,91.565334000000007,0.55057400000000001,0.192305,2713,90.936172999999997,0.20390900000000001,0.299234,2104,92.374706000000003,0.48161799999999999,0.42202600000000001,2150,91.509703000000002,0.42815500000000001,-6.1780000000000003E-3,2054,93.245285999999993,0.207124,-0.140572,1499,2018-19,930.7690476190477,765.2309523809523
2019-01-01T00:00:00Z,E12000007,London,NA,92.60312,-7.2945999999999997E-2,0.33585399999999999,1695,92.85163,3.2514000000000001E-2,0.25992399999999999,1266,93.411840999999995,-0.165987,-2.6086000000000002E-2,1632,92.251211999999995,-0.10332,0.13602400000000001,1914,91.434481000000005,-0.14290600000000001,0.69154800000000005,2709,90.732405999999997,-0.224077,0.439529,2100,92.260446999999999,-0.123691,0.93530199999999997,2148,91.494900999999999,-1.6175999999999999E-2,0.53943799999999997,2054,93.164710999999997,-8.6412000000000003E-2,6.5013000000000001E-2,1497,2018-19,930.7690476190477,764.2309523809523
2019-02-01T00:00:00Z,E12000007,London,NA,92.93428,0.35761300000000001,0.43111500000000003,1701,93.244572000000005,0.42319299999999999,0.44241200000000003,1271,93.713403999999997,0.32283099999999998,0.17080799999999999,1638,92.560601000000005,0.33537600000000001,0.27904899999999999,1921,91.737487999999999,0.33139200000000002,0.745865,2718,91.018495999999999,0.31531199999999998,0.52106200000000003,2106,92.606795000000005,0.37540200000000001,0.76922699999999999,2156,91.806494999999998,0.340559,0.57714299999999996,2061,93.503501,0.36364600000000002,0.25702999999999998,1503,2018-19,930.7690476190477,770.2309523809523
2019-03-01T00:00:00Z,E12000007,London,NA,92.884746,-5.3301000000000001E-2,0.993282,1700,93.267563999999993,2.4657999999999999E-2,0.87204400000000004,1272,93.682818999999995,-3.2636999999999999E-2,0.58000099999999999,1637,92.497936999999993,-6.7699999999999996E-2,0.81091100000000005,1919,91.637584000000004,-0.108902,1.358962,2715,90.823674999999994,-0.21404599999999999,0.82761499999999999,2102,92.428645000000003,-0.19237199999999999,1.6546890000000001,2151,91.765024999999994,-4.5171000000000003E-2,1.239276,2060,93.489244999999997,-1.5247E-2,0.69476099999999996,1502,2018-19,930.7690476190477,769.2309523809523
2019-04-01T00:00:00Z,E12000007,London,NA,92.742309,-0.15334700000000001,1.150566,1698,93.211502999999993,-6.0108000000000002E-2,0.915848,1271,93.504323999999997,-0.19053,0.71891099999999997,1634,92.393258000000003,-0.11316900000000001,1.059966,1917,91.383821999999995,-0.27691900000000003,1.535744,2707,90.704021999999995,-0.131741,0.79689399999999999,2099,92.286134000000004,-0.15418499999999999,1.8285480000000001,2148,91.601960000000005,-0.17769799999999999,1.458083,2056,93.356887,-0.14157600000000001,0.81961200000000001,1500,2019-20,956.3635714285714,741.6364285714286
2019-05-01T00:00:00Z,E12000007,London,NA,93.664705,0.99458000000000002,2.3262149999999999,1714,94.178194000000005,1.037094,2.1251419999999999,1284,94.350434000000007,0.90488800000000003,1.7532049999999999,1649,93.168662999999995,0.83924399999999999,2.1554259999999998,1933,92.250456999999997,0.94834600000000002,2.7600189999999998,2733,91.646298999999999,1.038848,1.896196,2121,93.345543000000006,1.1479619999999999,3.0683319999999998,2173,92.480305000000001,0.95887100000000003,2.6496369999999998,2076,94.264384000000007,0.97207299999999996,1.970521,1515,2019-20,956.3635714285714,757.6364285714286
2019-06-01T00:00:00Z,E12000007,London,NA,93.512608,-0.162385,2.1530070000000001,1712,94.079130000000006,-0.105188,2.101032,1283,94.277647999999999,-7.7145000000000005E-2,1.679813,1648,93.027529000000001,-0.15148200000000001,1.9011020000000001,1930,92.005026000000001,-0.26604899999999998,2.3684569999999998,2726,91.489946000000003,-0.17060500000000001,1.7924899999999999,2117,93.089856999999995,-0.27391300000000002,2.7829329999999999,2167,92.279708999999997,-0.21690699999999999,2.3567109999999998,2071,94.164692000000002,-0.105758,1.887505,1513,2019-20,956.3635714285714,755.6364285714286
2019-07-01T00:00:00Z,E12000007,London,NA,93.548293,3.8159999999999999E-2,1.9367490000000001,1712,94.255705000000006,0.18768799999999999,2.0911970000000002,1285,94.311336999999995,3.5734000000000002E-2,1.485231,1648,93.083906999999996,6.0602999999999997E-2,1.694434,1931,91.876018999999999,-0.14021700000000001,2.0035720000000001,2722,91.499801000000005,1.0772E-2,1.5823240000000001,2117,92.976389999999995,-0.12189,2.3061419999999999,2164,92.307880999999995,3.0529000000000001E-2,2.1514000000000002,2072,94.243639999999999,8.3840999999999999E-2,1.729015,1515,2019-20,956.3635714285714,755.6364285714286
2019-08-01T00:00:00Z,E12000007,London,NA,93.748166,0.21365799999999999,1.9479249999999999,1716,94.460622999999998,0.21740699999999999,2.2020390000000001,1288,94.437737999999996,0.13402500000000001,1.4208700000000001,1650,93.183064000000002,0.10652399999999999,1.6202589999999999,1934,92.173326000000003,0.32359599999999999,1.982556,2731,91.708393000000001,0.227969,1.5811850000000001,2122,93.254828000000003,0.29947200000000002,2.3260730000000001,2171,92.551208000000003,0.26360299999999998,2.1607319999999999,2077,94.399872999999999,0.16577500000000001,1.7425520000000001,1517,2019-20,956.3635714285714,759.6364285714286
2019-09-01T00:00:00Z,E12000007,London,NA,94.145481,0.42381099999999999,2.49952,1723,94.798276000000001,0.35745300000000002,2.6090200000000001,1292,94.741335000000007,0.32147799999999999,1.973455,1656,93.461816999999996,0.29914499999999999,2.062494,1939,92.694792000000007,0.56574500000000005,2.6653920000000002,2746,92.306939999999997,0.65266299999999999,2.3262480000000001,2136,93.890173000000004,0.68130000000000002,3.092114,2185,92.965446,0.44757799999999998,2.707741,2087,94.717620999999994,0.33659800000000001,2.2358099999999999,1522,2019-20,956.3635714285714,766.6364285714286
2019-10-01T00:00:00Z,E12000007,London,NA,94.415679,0.28699999999999998,2.4738099999999998,1728,95.105301999999995,0.32387300000000002,2.7491590000000001,1297,94.933995999999993,0.20335500000000001,2.0243389999999999,1659,93.719621000000004,0.275839,2.0497350000000001,1945,92.939645999999996,0.26415100000000002,2.3926120000000002,2753,92.570115999999999,0.28510999999999997,2.2260209999999998,2142,94.136882999999997,0.262764,2.725978,2191,93.268720000000002,0.32622200000000001,2.6230000000000002,2093,94.976337000000001,0.27314500000000003,2.334371,1526,2019-20,956.3635714285714,771.6364285714286
2019-11-01T00:00:00Z,E12000007,London,NA,94.658847,0.25755,2.4639530000000001,1733,95.361249999999998,0.26912000000000003,2.8035070000000002,1300,95.189908000000003,0.26956799999999997,2.0163150000000001,1663,93.912903999999997,0.206236,1.9939260000000001,1949,93.126588999999996,0.20114399999999999,2.2650329999999999,2759,92.994479999999996,0.458424,2.4719880000000001,2152,94.451777000000007,0.33450600000000003,2.7409750000000002,2199,93.436938999999995,0.18035899999999999,2.5432169999999998,2097,95.231784000000005,0.268959,2.3419370000000002,1530,2019-20,956.3635714285714,776.6364285714286
2019-12-01T00:00:00Z,E12000007,London,NA,94.89375,0.24815699999999999,2.3988489999999998,1737,95.756005000000002,0.41395799999999999,3.161505,1305,95.383033999999995,0.20288500000000001,1.9407270000000001,1667,94.091508000000005,0.19017899999999999,1.8894919999999999,1952,93.207744000000005,8.7145E-2,1.793703,2761,93.213093000000001,0.23508100000000001,2.5038659999999999,2157,94.679997999999998,0.24162700000000001,2.4955880000000001,2204,93.629497999999998,0.20608499999999999,2.3164699999999998,2102,95.490752999999998,0.27193499999999998,2.4081290000000002,1535,2019-20,956.3635714285714,780.6364285714286
2020-01-01T00:00:00Z,E12000007,London,NA,94.959785,6.9588999999999998E-2,2.5449099999999998,1738,95.872135,0.121277,3.253044,1307,95.502865,0.12563099999999999,2.238499,1669,94.211276999999995,0.12728999999999999,2.1247029999999998,1955,93.062933999999998,-0.155362,1.7810049999999999,2757,93.259861000000001,5.0173000000000002E-2,2.7856139999999998,2158,94.618880000000004,-6.4552999999999999E-2,2.5562770000000001,2202,93.698088999999996,7.3258000000000004E-2,2.4079899999999999,2103,95.588801000000004,0.10267800000000001,2.6019399999999999,1536,2019-20,956.3635714285714,781.6364285714286
2020-02-01T00:00:00Z,E12000007,London,NA,95.296858,0.354964,2.5422030000000002,1744,96.296272000000002,0.44239899999999999,3.2727909999999998,1313,95.833662000000004,0.34637499999999999,2.2624919999999999,1675,94.553702999999999,0.36346600000000001,2.1532939999999998,1962,93.333437000000004,0.29066700000000001,1.7396910000000001,2765,93.701992000000004,0.47408600000000001,2.9482979999999999,2168,94.843761000000001,0.23767099999999999,2.4155530000000001,2208,94.02055,0.34414800000000001,2.4116529999999998,2110,95.950390999999996,0.37827699999999997,2.6168969999999998,1542,2019-20,956.3635714285714,787.6364285714286
2020-03-01T00:00:00Z,E12000007,London,NA,95.48791,0.20047999999999999,2.8025739999999999,1748,96.519863999999998,0.23219200000000001,3.4870649999999999,1316,96.010928000000007,0.184973,2.4850979999999998,1678,94.726001999999994,0.182224,2.4087719999999999,1966,93.440321999999995,0.11452,1.967247,2768,93.831396999999996,0.138103,3.3116059999999998,2171,95.067773000000003,0.23619100000000001,2.855315,2213,94.191237000000001,0.18154200000000001,2.643939,2114,96.145625999999993,0.20347499999999999,2.8413759999999999,1545,2019-20,956.3635714285714,791.6364285714286
2020-04-01T00:00:00Z,E12000007,London,NA,95.114678,-0.39086700000000002,2.5580229999999999,1741,96.206058999999996,-0.32512000000000002,3.2126459999999999,1312,95.700044000000005,-0.32380100000000001,2.348255,1672,94.364762999999996,-0.381351,2.1338189999999999,1958,93.062224000000001,-0.404642,1.836651,2757,93.681880000000007,-0.15934699999999999,3.2830499999999998,2168,94.801967000000005,-0.27959699999999998,2.7261220000000002,2207,93.651798999999997,-0.57270399999999999,2.237768,2102,95.816620999999998,-0.34219500000000003,2.6347649999999998,1540,2020-21,1086.9330952380953,654.0669047619047
2020-05-01T00:00:00Z,E12000007,London,NA,95.183677,7.2541999999999995E-2,1.621712,1742,96.286996000000002,8.4127999999999994E-2,2.2391610000000002,1313,95.764223000000001,6.7061999999999997E-2,1.498445,1673,94.497686999999999,0.14086099999999999,1.4264699999999999,1961,93.080706000000006,1.9859000000000002E-2,0.89999399999999996,2758,93.736311999999998,5.8103000000000002E-2,2.2805209999999998,2169,94.924882999999994,0.12965599999999999,1.6919280000000001,2210,93.680937999999998,3.1112999999999998E-2,1.298257,2103,95.892803999999998,7.9509999999999997E-2,1.7275039999999999,1541,2020-21,1086.9330952380953,655.0669047619047
2020-06-01T00:00:00Z,E12000007,London,NA,95.127089,-5.9450999999999997E-2,1.726485,1741,96.378248999999997,9.4771999999999995E-2,2.4438140000000002,1314,95.745214000000004,-1.985E-2,1.556643,1673,94.380848,-0.123642,1.4547509999999999,1958,92.890968999999998,-0.20384099999999999,0.96292900000000003,2752,93.889173,0.163075,2.6223939999999999,2173,94.552192000000005,-0.39261600000000002,1.5708850000000001,2201,93.596717999999996,-8.9899999999999994E-2,1.4271929999999999,2101,95.902315999999999,9.9190000000000007E-3,1.8453029999999999,1541,2020-21,1086.9330952380953,654.0669047619047
2020-07-01T00:00:00Z,E12000007,London,NA,95.321725,0.20460600000000001,1.89574,1745,96.550365999999997,0.17858499999999999,2.434507,1316,95.921330999999995,0.183943,1.7071050000000001,1676,94.575650999999993,0.206401,1.602579,1962,93.111226000000002,0.23711299999999999,1.344428,2759,93.972229999999996,8.8463E-2,2.7021139999999999,2175,94.878585000000001,0.345198,2.04589,2208,93.780996000000002,0.196885,1.595871,2105,96.079437999999996,0.18468999999999999,1.947927,1544,2020-21,1086.9330952380953,658.0669047619047
2020-08-01T00:00:00Z,E12000007,London,NA,95.302937,-1.9709999999999998E-2,1.658455,1744,96.509929,-4.1882000000000003E-2,2.1694810000000002,1316,95.847189,-7.7294000000000002E-2,1.4924660000000001,1675,94.539702000000005,-3.8010000000000002E-2,1.4558850000000001,1962,93.217277999999993,0.113899,1.1325970000000001,2762,94.080271999999994,0.114972,2.586328,2177,94.940188000000006,6.4929000000000001E-2,1.8072630000000001,2210,93.806532000000004,2.7229E-2,1.3563559999999999,2105,96.022583999999995,-5.9173000000000003E-2,1.7189760000000001,1543,2020-21,1086.9330952380953,657.0669047619047
2020-09-01T00:00:00Z,E12000007,London,NA,95.330541,2.8965000000000001E-2,1.2587539999999999,1745,96.518508999999995,8.8900000000000003E-3,1.8146249999999999,1316,95.825478000000004,-2.2651999999999999E-2,1.1443190000000001,1675,94.551711999999995,1.2703000000000001E-2,1.166139,1962,93.377077,0.171426,0.73605500000000001,2766,94.086786000000004,6.9230000000000003E-3,1.9281820000000001,2177,94.998051000000004,6.0947000000000001E-2,1.179972,2211,93.902443000000005,0.102244,1.007898,2108,96.015754000000001,-7.1139999999999997E-3,1.3705290000000001,1543,2020-21,1086.9330952380953,658.0669047619047
2020-10-01T00:00:00Z,E12000007,London,NA,95.333088,2.6710000000000002E-3,0.97167000000000003,1745,96.501492999999996,-1.763E-2,1.468048,1316,95.782230999999996,-4.5130999999999998E-2,0.89349900000000004,1674,94.578891999999996,2.8747000000000002E-2,0.91685300000000003,1962,93.413068999999993,3.8545000000000003E-2,0.50938700000000003,2767,94.112076999999999,2.6880999999999999E-2,1.6657219999999999,2178,95.041811999999993,4.6065000000000002E-2,0.96129100000000001,2212,93.960904999999997,6.2258000000000001E-2,0.74214000000000002,2109,95.985800999999995,-3.1195000000000001E-2,1.0628580000000001,1543,2020-21,1086.9330952380953,658.0669047619047
2020-11-01T00:00:00Z,E12000007,London,NA,95.162344,-0.17910200000000001,0.53190700000000002,1742,96.333348999999998,-0.17424000000000001,1.0193859999999999,1313,95.681160000000006,-0.105521,0.51607599999999998,1672,94.499159000000006,-8.4304000000000004E-2,0.62425299999999995,1961,93.082890000000006,-0.35346100000000003,-4.6922999999999999E-2,2758,93.996722000000005,-0.122573,1.0777429999999999,2175,94.708302000000003,-0.35090900000000003,0.271594,2204,93.772204000000002,-0.20082900000000001,0.35881400000000002,2105,95.852269000000007,-0.13911599999999999,0.65155200000000002,1540,2020-21,1086.9330952380953,655.0669047619047
2020-12-01T00:00:00Z,E12000007,London,NA,94.90192,-0.27366200000000002,8.6110000000000006E-3,1737,96.098932000000005,-0.243339,0.358126,1310,95.425256000000005,-0.267455,4.4266E-2,1668,94.260768999999996,-0.25226599999999999,0.179891,1956,92.746515000000002,-0.36137200000000003,-0.49484,2748,93.860391000000007,-0.145038,0.69442800000000005,2172,94.377455999999995,-0.349331,-0.31954100000000002,2197,93.531662999999995,-0.25651600000000002,-0.104492,2099,95.593213000000006,-0.27026600000000001,0.107298,1536,2020-21,1086.9330952380953,650.0669047619047
2021-01-01T00:00:00Z,E12000007,London,NA,94.803428,-0.103783,-0.164656,1735,96.069370000000006,-3.0762000000000001E-2,0.20572799999999999,1310,95.402597,-2.3744999999999999E-2,-0.104989,1667,94.242500000000007,-1.9380999999999999E-2,3.3141999999999998E-2,1956,92.411522000000005,-0.36119099999999998,-0.69996899999999995,2738,93.735146,-0.133438,0.50963499999999995,2169,94.055102000000005,-0.341559,-0.59584099999999995,2189,93.387431000000007,-0.15420700000000001,-0.33155299999999999,2096,95.557897999999994,-3.6942999999999997E-2,-3.2328999999999997E-2,1536,2020-21,1086.9330952380953,648.0669047619047
2021-02-01T00:00:00Z,E12000007,London,NA,94.772106,-3.3038999999999999E-2,-0.55064999999999997,1735,95.893859000000006,-0.18269199999999999,-0.41788999999999998,1307,95.330456999999996,-7.5617000000000004E-2,-0.52508200000000005,1666,94.237316000000007,-5.5009999999999998E-3,-0.33461099999999999,1955,92.674036999999998,0.28407100000000002,-0.70649899999999999,2746,93.810912999999999,8.0831E-2,0.116241,2171,94.078727999999998,2.512E-2,-0.80662400000000001,2190,93.469576000000004,8.7961999999999999E-2,-0.58601400000000003,2098,95.466165000000004,-9.5998E-2,-0.50466299999999997,1534,2020-21,1086.9330952380953,648.0669047619047
2021-03-01T00:00:00Z,E12000007,London,NA,94.568618,-0.21471299999999999,-0.962731,1731,95.672602999999995,-0.23072999999999999,-0.87781100000000001,1304,95.036669000000003,-0.30817800000000001,-1.0147379999999999,1661,94.001936000000001,-0.249773,-0.76437900000000003,1951,92.715259000000003,4.4481E-2,-0.77596399999999999,2747,93.644569000000004,-0.177318,-0.19911000000000001,2167,93.953714000000005,-0.132883,-1.1718580000000001,2187,93.376653000000005,-9.9416000000000004E-2,-0.864819,2096,95.202043000000003,-0.27666600000000002,-0.98141,1530,2020-21,1086.9330952380953,644.0669047619047
2021-04-01T00:00:00Z,E12000007,London,NA,94.000448,-0.60080100000000003,-1.1714599999999999,1721,95.069783999999999,-0.63008500000000001,-1.1810849999999999,1296,94.463004999999995,-0.60362400000000005,-1.292621,1651,93.426614000000001,-0.61203200000000002,-0.99417299999999997,1939,92.169601,-0.58853100000000003,-0.95916699999999999,2731,93.246014000000002,-0.42560399999999998,-0.46526200000000001,2158,93.548260999999997,-0.43154599999999999,-1.3224469999999999,2177,92.805702999999994,-0.61144900000000002,-0.90344999999999998,2083,94.604337999999998,-0.62782700000000002,-1.2652110000000001,1520,2021-22,1086.9330952380953,634.0669047619047
2021-05-01T00:00:00Z,E12000007,London,NA,93.510991,-0.52069699999999997,-1.757325,1712,94.532499000000001,-0.56514900000000001,-1.8221540000000001,1289,93.949217000000004,-0.54390499999999997,-1.8952869999999999,1642,92.987960000000001,-0.46951700000000002,-1.5976330000000001,1929,91.762054000000006,-0.44217099999999998,-1.416676,2719,92.934623999999999,-0.33394499999999999,-0.85525899999999999,2151,93.244100000000003,-0.32513799999999998,-1.770645,2170,92.341616999999999,-0.50006099999999998,-1.4296610000000001,2073,94.069533000000007,-0.56530800000000003,-1.901365,1512,2021-22,1086.9330952380953,625.0669047619047
2021-06-01T00:00:00Z,E12000007,London,NA,93.593876,8.8636999999999994E-2,-1.611753,1713,94.573357000000001,4.3221999999999997E-2,-1.872717,1289,94.034446000000003,9.0717999999999993E-2,-1.7867930000000001,1643,93.108206999999993,0.12931500000000001,-1.3484100000000001,1932,91.882401999999999,0.13115299999999999,-1.085753,2722,93.048827000000003,0.12288499999999999,-0.89503999999999995,2153,93.328933000000006,9.0980000000000005E-2,-1.293739,2172,92.492557000000005,0.16345699999999999,-1.1797010000000001,2076,94.122058999999993,5.5836999999999998E-2,-1.8563240000000001,1513,2021-22,1086.9330952380953,626.0669047619047
2021-07-01T00:00:00Z,E12000007,London,NA,93.177138,-0.44526199999999999,-2.249841,1706,94.124206999999998,-0.47492200000000001,-2.512842,1283,93.569676000000001,-0.494255,-2.4516490000000002,1635,92.733202000000006,-0.40276299999999998,-1.948121,1924,91.568442000000005,-0.341698,-1.656925,2713,92.782662000000002,-0.286049,-1.2658720000000001,2147,93.020816999999994,-0.33013999999999999,-1.9580470000000001,2165,92.103712000000002,-0.420406,-1.7885120000000001,2067,93.671721000000005,-0.478462,-2.5059650000000002,1505,2021-22,1086.9330952380953,619.0669047619047
2021-08-01T00:00:00Z,E12000007,London,NA,93.217553,4.3374000000000003E-2,-2.188164,1706,94.084556000000006,-4.2125999999999997E-2,-2.5130810000000001,1283,93.602649999999997,3.524E-2,-2.3417889999999999,1636,92.834438000000006,0.109169,-1.803755,1926,91.846168000000006,0.30329899999999999,-1.4708760000000001,2721,92.791488000000001,9.5130000000000006E-3,-1.369877,2147,93.016330999999994,-4.823E-3,-2.026389,2165,92.238583000000006,0.14643300000000001,-1.6714709999999999,2070,93.679789999999997,8.6149999999999994E-3,-2.4398369999999998,1506,2021-22,1086.9330952380953,619.0669047619047
2021-09-01T00:00:00Z,E12000007,London,NA,93.349136,0.141157,-2.0784590000000001,1709,94.049205999999998,-3.7573000000000002E-2,-2.5583719999999999,1282,93.684943000000004,8.7916999999999995E-2,-2.233784,1637,92.963247999999993,0.13875299999999999,-1.679994,1929,92.403096000000005,0.60636999999999996,-1.0430619999999999,2738,93.130307000000002,0.36514000000000002,-1.016591,2155,93.330391000000006,0.33764,-1.7554670000000001,2172,92.522300999999999,0.30759199999999998,-1.4697610000000001,2077,93.711397000000005,3.3738999999999998E-2,-2.3999779999999999,1506,2021-22,1086.9330952380953,622.0669047619047
2021-10-01T00:00:00Z,E12000007,London,NA,93.586405,0.25417400000000001,-1.83219,1713,94.148893999999999,0.10599500000000001,-2.4378890000000002,1284,93.870474000000002,0.19803699999999999,-1.995941,1640,93.261336,0.32065199999999999,-1.393076,1935,92.884778999999995,0.52128399999999997,-0.56554199999999999,2752,93.453666999999996,0.34721200000000002,-0.69960299999999997,2163,93.705535999999995,0.40195399999999998,-1.4059870000000001,2181,92.891175000000004,0.39868599999999998,-1.1384840000000001,2085,93.868234000000001,0.16736100000000001,-2.2061259999999998,1509,2021-22,1086.9330952380953,626.0669047619047
2021-11-01T00:00:00Z,E12000007,London,NA,93.768394,0.194462,-1.464812,1716,94.220742999999999,7.6314999999999994E-2,-2.1930160000000001,1285,94.060391999999993,0.202319,-1.693927,1644,93.539248999999998,0.29799399999999998,-1.0157860000000001,1941,93.196258999999998,0.335341,0.121794,2761,93.619979999999998,0.17796400000000001,-0.40080300000000002,2167,93.842574999999997,0.14624400000000001,-0.91409799999999997,2184,93.170642000000001,0.30085499999999998,-0.64151400000000003,2091,94.016092999999998,0.15751799999999999,-1.915632,1511,2021-22,1086.9330952380953,629.0669047619047
2021-12-01T00:00:00Z,E12000007,London,NA,94.185033,0.444328,-0.75539800000000001,1724,94.512162000000004,0.30929400000000001,-1.6511830000000001,1288,94.409308999999993,0.37095,-1.0646530000000001,1650,94.020014000000003,0.51397199999999998,-0.25541399999999997,1951,93.830910000000003,0.68098400000000003,1.1692039999999999,2780,94.184781000000001,0.60329100000000002,0.345609,2180,94.346024999999997,0.53648399999999996,-3.3304E-2,2196,93.722676000000007,0.59249799999999997,0.20422299999999999,2104,94.356686999999994,0.36227199999999998,-1.2935289999999999,1516,2021-22,1086.9330952380953,637.0669047619047
2022-01-01T00:00:00Z,E12000007,London,NA,94.41654,0.24579999999999999,-0.40809499999999999,1728,94.639774000000003,0.135022,-1.4880869999999999,1290,94.657928999999996,0.26334299999999999,-0.78055300000000005,1654,94.316235000000006,0.31506200000000001,7.8240000000000004E-2,1957,94.013644999999997,0.19474900000000001,1.7336830000000001,2785,94.502189999999999,0.33700600000000003,0.81830999999999998,2187,94.609475000000003,0.27923900000000001,0.58941399999999999,2202,94.015556000000004,0.312496,0.672601,2110,94.554288,0.20941899999999999,-1.0502640000000001,1520,2021-22,1086.9330952380953,641.0669047619047
2022-02-01T00:00:00Z,E12000007,London,NA,94.779322,0.38423499999999999,7.6140000000000001E-3,1735,94.899309000000002,0.27423399999999998,-1.0371360000000001,1294,95.010071999999994,0.37201600000000001,-0.33607900000000002,1660,94.745231000000004,0.45484799999999997,0.53897499999999998,1966,94.604308000000003,0.628274,2.0828609999999999,2803,94.780297000000004,0.29428700000000002,1.0333380000000001,2193,94.956705999999997,0.36701499999999998,0.93323699999999998,2210,94.461482000000004,0.47431099999999998,1.061207,2120,94.886555999999999,0.35140399999999999,-0.60713499999999998,1525,2021-22,1086.9330952380953,648.0669047619047
2022-03-01T00:00:00Z,E12000007,London,NA,95.030693,0.26521699999999998,0.48861399999999999,1739,95.113024999999993,0.22520299999999999,-0.58488799999999996,1297,95.237134999999995,0.23898800000000001,0.21093500000000001,1664,95.009204999999994,0.278615,1.0715410000000001,1971,94.871342999999996,0.28226499999999999,2.3254899999999998,2811,95.107128000000003,0.344831,1.5618190000000001,2201,95.201201999999995,0.25748100000000002,1.327769,2216,94.756928000000002,0.31276900000000002,1.478181,2127,95.117970999999997,0.24388599999999999,-8.8308999999999999E-2,1529,2021-22,1086.9330952380953,652.0669047619047
2022-04-01T00:00:00Z,E12000007,London,NA,95.382965,0.37069299999999999,1.470756,1746,95.493782999999993,0.40032200000000001,0.44598700000000002,1302,95.576029000000005,0.35584300000000002,1.178264,1670,95.370597000000004,0.38037500000000002,2.0807579999999999,1979,95.071074999999993,0.21052899999999999,3.1479720000000002,2817,95.398702,0.30657299999999998,2.308611,2208,95.400743000000006,0.20959900000000001,1.9802420000000001,2221,95.138671000000002,0.40286499999999997,2.5138199999999999,2135,95.483999999999995,0.38481599999999999,0.92983300000000002,1535,2022-23,1086.9330952380953,659.0669047619047
2022-05-01T00:00:00Z,E12000007,London,NA,95.598953,0.22644400000000001,2.232853,1750,95.709007,0.22538,1.2445550000000001,1305,95.768022999999999,0.20088,1.9359459999999999,1674,95.562267000000006,0.20097400000000001,2.7684299999999999,1983,95.357986999999994,0.30178700000000003,3.918758,2825,95.735296000000005,0.352829,3.0135930000000002,2215,95.706408999999994,0.32040299999999999,2.640714,2228,95.318999000000005,0.18954299999999999,3.2243119999999998,2139,95.697238999999996,0.22332399999999999,1.7303230000000001,1538,2022-23,1086.9330952380953,663.0669047619047
2022-06-01T00:00:00Z,E12000007,London,NA,95.809134,0.219857,2.3668840000000002,1754,95.955145999999999,0.25717400000000001,1.461076,1308,95.985840999999994,0.22744400000000001,2.0751919999999999,1677,95.746632000000005,0.19292599999999999,2.8337180000000002,1987,95.577624,0.23033000000000001,4.021687,2832,95.973446999999993,0.24876100000000001,3.143103,2221,95.897874999999999,0.20005500000000001,2.752567,2232,95.501519000000002,0.19148299999999999,3.2531940000000001,2144,95.921417000000005,0.23425799999999999,1.911729,1542,2022-23,1086.9330952380953,667.0669047619047
2022-07-01T00:00:00Z,E12000007,London,NA,96.303642,0.51613900000000001,3.355442,1763,96.476275999999999,0.54309799999999997,2.4988990000000002,1315,96.483937999999995,0.51892700000000003,3.1145369999999999,1686,96.208338999999995,0.48221700000000001,3.7474569999999998,1996,96.065848000000003,0.51081299999999996,4.9115229999999999,2846,96.481808999999998,0.52968999999999999,3.9868939999999999,2233,96.333342000000002,0.454094,3.5610569999999999,2242,95.999576000000005,0.52151800000000004,4.2298669999999996,2155,96.423490000000001,0.52342100000000003,2.9376739999999999,1550,2022-23,1086.9330952380953,676.0669047619047
2022-08-01T00:00:00Z,E12000007,London,NA,96.841157,0.55814600000000003,3.8872559999999998,1773,96.984046000000006,0.52631600000000001,3.0817909999999999,1322,96.986900000000006,0.52129099999999995,3.6155490000000001,1695,96.713803999999996,0.52538700000000005,4.178801,2007,96.637748999999999,0.59532300000000005,5.2169639999999999,2863,96.942188000000002,0.47716700000000001,4.473147,2243,96.911254999999997,0.59991000000000005,4.1873550000000002,2256,96.581526999999994,0.60620200000000002,4.7083820000000003,2168,96.937809999999999,0.53339700000000001,3.4778259999999999,1558,2022-23,1086.9330952380953,686.0669047619047
2022-09-01T00:00:00Z,E12000007,London,NA,97.539674,0.72130099999999997,4.4891019999999999,1785,97.669500999999997,0.70677100000000004,3.8493620000000002,1332,97.584554999999995,0.61622200000000005,4.1624739999999996,1705,97.431541999999993,0.74212500000000003,4.8065160000000002,2022,97.489462000000003,0.88134599999999996,5.5045409999999997,2888,97.518563,0.59455599999999997,4.7119520000000001,2257,97.555130000000005,0.66439599999999999,4.5266489999999999,2271,97.371877999999995,0.81832499999999997,5.2415229999999999,2186,97.609493000000001,0.69290099999999999,4.1596820000000001,1569,2022-23,1086.9330952380953,698.0669047619047
2022-10-01T00:00:00Z,E12000007,London,NA,97.828991,0.29661500000000002,4.5333360000000003,1791,97.895606000000001,0.23150000000000001,3.9795609999999999,1335,97.837238999999997,0.25893899999999997,4.2257850000000001,1710,97.776262000000003,0.35380800000000001,4.8411549999999997,2029,97.872703000000001,0.39311000000000001,5.3700130000000001,2900,97.844538,0.33427000000000001,4.6984469999999998,2264,97.857054000000005,0.30949100000000002,4.4303869999999996,2278,97.731189000000001,0.369008,5.210413,2194,97.865798999999996,0.26258300000000001,4.258699,1573,2022-23,1086.9330952380953,704.0669047619047
2022-11-01T00:00:00Z,E12000007,London,NA,98.669102,0.85875500000000005,5.2263960000000003,1806,98.699957999999995,0.82164199999999998,4.7539579999999999,1346,98.675048000000004,0.85633000000000004,4.9060569999999997,1724,98.639390000000006,0.88275800000000004,5.452407,2047,98.687239000000005,0.83223999999999998,5.8918460000000001,2924,98.643082000000007,0.81613500000000005,5.3654159999999997,2283,98.667230000000004,0.82791700000000001,5.141222,2297,98.640488000000005,0.93040900000000004,5.8707830000000003,2214,98.682396999999995,0.83440499999999995,4.9633029999999998,1586,2022-23,1086.9330952380953,719.0669047619047
2022-12-01T00:00:00Z,E12000007,London,NA,99.317362,0.657003,5.449198,1818,99.342286000000001,0.65078899999999995,5.1105850000000004,1354,99.326815999999994,0.66051899999999997,5.20871,1736,99.285414000000003,0.65493500000000004,5.6002970000000003,2060,99.266411000000005,0.58687599999999995,5.7928670000000002,2941,99.298241000000004,0.66417099999999996,5.4291780000000003,2298,99.257844000000006,0.59859200000000001,5.206175,2310,99.281520999999998,0.649868,5.9311629999999997,2228,99.342804999999998,0.66922599999999999,5.2843289999999996,1597,2022-23,1086.9330952380953,731.0669047619047
2023-01-01T00:00:00Z,E12000007,London,NA,100,0.68733,5.913646,1830,100,0.66206799999999999,5.6638190000000002,1363,100,0.67774699999999999,5.6435529999999998,1748,100,0.71972899999999995,6.0262849999999997,2075,100,0.73901099999999997,6.3675379999999997,2963,100,0.70671899999999999,5.8176540000000001,2314,100,0.74770499999999995,5.6976589999999998,2328,100,0.72367899999999996,6.3653769999999996,2245,100,0.66154199999999996,5.7593490000000003,1607,2022-23,1086.9330952380953,743.0669047619047
2023-02-01T00:00:00Z,E12000007,London,NA,100.596252,0.596252,6.1373420000000003,1841,100.59783899999999,0.59783900000000001,6.0048170000000001,1371,100.60339,0.60338999999999998,5.887079,1758,100.569013,0.56901299999999999,6.1467809999999998,2087,100.570567,0.57056700000000005,6.30654,2980,100.411357,0.41135699999999997,5.9411719999999999,2324,100.407813,0.40781299999999998,5.7406240000000004,2337,100.61335800000001,0.61335799999999996,6.5125760000000001,2258,100.62477,0.62477000000000005,6.047447,1617,2022-23,1086.9330952380953,754.0669047619047
2023-03-01T00:00:00Z,E12000007,London,NA,101.04869,0.44975599999999999,6.3326880000000001,1850,101.03231599999999,0.43189499999999997,6.2234280000000002,1377,100.993396,0.38766699999999998,6.0441349999999998,1765,100.97694199999999,0.40562100000000001,6.2812200000000002,2095,101.064224,0.49085600000000001,6.5276620000000003,2994,100.85284799999999,0.43968200000000002,6.0413129999999997,2334,100.999968,0.58974899999999997,6.0910630000000001,2351,101.00794999999999,0.39218700000000001,6.596902,2267,101.07879699999999,0.451208,6.2667710000000003,1624,2022-23,1086.9330952380953,763.0669047619047
2023-04-01T00:00:00Z,E12000007,London,NA,102.172554,1.112201,7.1182410000000003,1870,102.137283,1.093677,6.9569970000000003,1392,102.197705,1.1924630000000001,6.9281759999999997,1786,102.05181899999999,1.064478,7.0055370000000003,2118,101.984973,0.911053,7.2723469999999999,3021,101.944935,1.0828519999999999,6.8619729999999999,2359,102.05482600000001,1.0444150000000001,6.9748760000000001,2375,102.06893100000001,1.0503929999999999,7.2843770000000001,2291,102.24086200000001,1.1496630000000001,7.0764339999999999,1643,2023-24,1086.9330952380953,783.0669047619047
2023-05-01T00:00:00Z,E12000007,London,NA,103.593472,1.3907039999999999,8.3625589999999992,1896,103.593138,1.4253899999999999,8.2376059999999995,1412,103.687912,1.458161,8.2698689999999999,1812,103.58134699999999,1.498775,8.3914709999999992,2149,103.43947199999999,1.4261900000000001,8.4748909999999995,3065,103.09027500000001,1.123489,7.68262,2386,103.285951,1.206337,7.9195760000000002,2404,103.46697399999999,1.369705,8.5481119999999997,2322,103.70956,1.436507,8.3725719999999999,1667,2023-24,1086.9330952380953,809.0669047619047
2023-06-01T00:00:00Z,E12000007,London,NA,104.63453,1.004945,9.2114349999999998,1915,104.610101,0.98168999999999995,9.0197929999999999,1426,104.69409899999999,0.97039900000000001,9.0724400000000003,1830,104.641654,1.023647,9.2901679999999995,2171,104.56150599999999,1.0847249999999999,9.3995660000000001,3098,104.089912,0.96967199999999998,8.4569899999999993,2409,104.422145,1.100047,8.8889040000000001,2431,104.46345700000001,0.96309299999999998,9.3840789999999998,2345,104.754766,1.0078199999999999,9.2089429999999997,1684,2023-24,1086.9330952380953,828.0669047619047
2023-07-01T00:00:00Z,E12000007,London,NA,105.465064,0.79374699999999998,9.5130579999999991,1930,105.436117,0.78961400000000004,9.2870919999999995,1437,105.55074999999999,0.81824200000000002,9.3972239999999996,1845,105.49631599999999,0.816751,9.654026,2189,105.433849,0.834287,9.7516459999999991,3124,104.952983,0.82915899999999998,8.7800740000000008,2429,105.142126,0.68949099999999997,9.1440660000000005,2447,105.28865500000001,0.78993899999999995,9.6761660000000003,2363,105.60463,0.81128900000000004,9.5216840000000005,1697,2023-24,1086.9330952380953,843.0669047619047
2023-08-01T00:00:00Z,E12000007,London,NA,106.266213,0.75963400000000003,9.7324900000000003,1945,106.32608999999999,0.84408700000000003,9.6325579999999995,1450,106.29318600000001,0.70339200000000002,9.5954049999999995,1857,106.26161500000001,0.72542600000000002,9.8722309999999993,2205,106.185751,0.71315099999999998,9.8801989999999993,3146,105.752432,0.76172099999999998,9.0881419999999995,2447,105.889644,0.71096000000000004,9.2645470000000003,2465,106.107309,0.77753300000000003,9.8629440000000006,2382,106.407279,0.76005100000000003,9.7686010000000003,1710,2023-24,1086.9330952380953,858.0669047619047
2023-09-01T00:00:00Z,E12000007,London,NA,106.919752,0.61500200000000005,9.6166800000000006,1957,107.04189100000001,0.67321299999999995,9.5960249999999991,1459,106.922856,0.59238999999999997,9.569445,1868,106.864163,0.56704200000000005,9.6812810000000002,2217,106.73736599999999,0.51948099999999997,9.4860550000000003,3162,106.562022,0.76555200000000001,9.2735769999999995,2466,106.60179599999999,0.67254199999999997,9.2733880000000006,2481,106.70008,0.55865200000000004,9.5799749999999992,2395,107.072334,0.62500900000000004,9.6945899999999998,1721,2023-24,1086.9330952380953,870.0669047619047
2023-10-01T00:00:00Z,E12000007,London,NA,107.659609,0.69197500000000001,10.048779,1971,107.789753,0.69866300000000003,10.106833999999999,1469,107.647935,0.67813299999999999,10.027568,1881,107.551947,0.64360600000000001,9.9980150000000005,2232,107.403122,0.62373299999999998,9.7375659999999993,3182,107.335877,0.72620200000000001,9.7004280000000005,2484,107.380747,0.730711,9.7322500000000005,2499,107.39618,0.652389,9.8893620000000002,2411,107.823094,0.70117099999999999,10.174438,1733,2023-24,1086.9330952380953,884.0669047619047
2023-11-01T00:00:00Z,E12000007,London,NA,108.256944,0.554836,9.7171669999999999,1982,108.430739,0.59466300000000005,9.8589520000000004,1478,108.32383900000001,0.627884,9.7783490000000004,1893,108.13246700000001,0.53975700000000004,9.6240220000000001,2244,107.688599,0.26579900000000001,9.1210970000000007,3190,107.90853199999999,0.53351700000000002,9.3929050000000007,2497,107.898808,0.48245199999999999,9.3562759999999994,2512,107.88265800000001,0.45297599999999999,9.3695509999999995,2421,108.480036,0.60927799999999999,9.9284569999999999,1743,2023-24,1086.9330952380953,895.0669047619047
2023-12-01T00:00:00Z,E12000007,London,NA,108.915417,0.60824999999999996,9.6640250000000005,1994,109.184724,0.69536100000000001,9.9076009999999997,1489,108.993903,0.61857499999999999,9.7326049999999995,1905,108.839072,0.65346199999999999,9.6224179999999997,2258,108.1639,0.44136700000000001,8.9632430000000003,3204,108.577141,0.61960700000000002,9.3444760000000002,2513,108.53816,0.59254799999999996,9.3497059999999994,2526,108.48031,0.553983,9.2653580000000009,2435,109.166612,0.63290500000000005,9.888795,1754,2023-24,1086.9330952380953,907.0669047619047
2024-01-01T00:00:00Z,E12000007,London,NA,109.735714,0.75315100000000001,9.7357139999999998,2009,110.116052,0.85298399999999996,10.116052,1501,109.76471100000001,0.70720300000000003,9.7647110000000001,1918,109.63239400000001,0.72889499999999996,9.6323939999999997,2275,108.996531,0.769787,8.9965309999999992,3229,109.406532,0.76387300000000002,9.4065320000000003,2532,109.378866,0.77457100000000001,9.3788660000000004,2546,109.272809,0.73054699999999995,9.2728090000000005,2453,109.994891,0.75873000000000002,9.9948910000000009,1768,2023-24,1086.9330952380953,922.0669047619047
2024-02-01T00:00:00Z,E12000007,London,NA,111.135785,1.275857,10.477062999999999,2034,111.536832,1.2902579999999999,10.873984999999999,1521,111.17421400000001,1.2841130000000001,10.507422999999999,1943,111.011111,1.2575810000000001,10.383016,2303,110.178588,1.08449,9.5535110000000003,3264,111.01261100000001,1.467992,10.557823000000001,2569,110.78686399999999,1.2872680000000001,10.336895999999999,2579,110.68481800000001,1.292187,10.010062,2484,111.38320400000001,1.2621610000000001,10.691636000000001,1790,2023-24,1086.9330952380953,947.0669047619047
2024-03-01T00:00:00Z,E12000007,London,NA,112.3365,1.080403,11.170664,2056,112.745586,1.083726,11.593588,1537,112.37595,1.0809489999999999,11.270592000000001,1964,112.21012500000001,1.080085,11.124503000000001,2328,111.216961,0.94244600000000001,10.045826999999999,3295,112.087756,0.96848900000000004,11.139901999999999,2594,112.097797,1.183292,10.987952999999999,2609,111.84944299999999,1.0522,10.733307,2510,112.582536,1.0767610000000001,11.380962,1809,2023-24,1086.9330952380953,969.0669047619047
2024-04-01T00:00:00Z,E12000007,London,NA,113.150094,0.72424699999999997,10.744116999999999,2071,113.69000699999999,0.83765699999999998,11.310976999999999,1550,113.20003800000001,0.73333199999999998,10.765734,1978,112.94652600000001,0.65627000000000002,10.675662000000001,2344,111.786441,0.51204400000000005,9.6106990000000003,3312,112.796851,0.63262499999999999,10.644881,2610,112.851173,0.67206999999999995,10.578967,2627,112.575503,0.64914000000000005,10.293604999999999,2527,113.444818,0.76591100000000001,10.958392999999999,1823,2024-25,1213.4788095238093,857.5211904761907
2024-05-01T00:00:00Z,E12000007,London,NA,114.047773,0.79335299999999997,10.091659999999999,2088,114.54949999999999,0.75599700000000003,10.57634,1562,114.087007,0.78354100000000004,10.029226,1994,113.835707,0.78725800000000001,9.8998139999999992,2362,112.70818300000001,0.82455599999999996,8.9605169999999994,3339,113.617639,0.72766900000000001,10.211792000000001,2629,113.698295,0.75065400000000004,10.081085,2647,113.56118600000001,0.87557499999999999,9.7559749999999994,2549,114.31797400000001,0.76967399999999997,10.228965000000001,1837,2024-25,1213.4788095238093,874.5211904761907
2024-06-01T00:00:00Z,E12000007,London,NA,114.717796,0.58749300000000004,9.6366519999999998,2100,115.36724700000001,0.71388099999999999,10.283086000000001,1573,114.77213999999999,0.60053500000000004,9.6261790000000005,2006,114.470236,0.55740699999999999,9.3926090000000002,2375,113.060123,0.31225799999999998,8.1278640000000006,3350,114.18720999999999,0.501305,9.7005540000000003,2642,114.37300399999999,0.59342099999999998,9.5294539999999994,2662,114.04788000000001,0.42857400000000001,9.1749050000000008,2560,115.06380799999999,0.65242100000000003,9.8411200000000001,1849,2024-25,1213.4788095238093,886.5211904761907
2024-07-01T00:00:00Z,E12000007,London,NA,115.624087,0.790018,9.6325950000000002,2116,116.34829999999999,0.85037399999999996,10.349569000000001,1586,115.635857,0.75254900000000002,9.5547470000000008,2021,115.358042,0.77557799999999999,9.3479329999999994,2394,113.677994,0.54649700000000001,7.8192579999999996,3368,115.206243,0.89242299999999997,9.7693840000000005,2666,115.333296,0.83961399999999997,9.6927570000000003,2685,114.90236,0.74922900000000003,9.130808,2579,115.978476,0.79492200000000002,9.8232870000000005,1864,2024-25,1213.4788095238093,902.5211904761907
2024-08-01T00:00:00Z,E12000007,London,NA,116.381396,0.65497499999999997,9.5187200000000001,2130,117.269448,0.79171499999999995,10.292260000000001,1599,116.444936,0.69967900000000005,9.5507069999999992,2035,116.05800499999999,0.60677499999999995,9.2191240000000008,2408,114.188402,0.44899499999999998,7.5364639999999996,3383,115.993674,0.68349700000000002,9.6841670000000004,2684,115.927879,0.51553499999999997,9.4799030000000002,2698,115.578614,0.58854700000000004,8.9261560000000006,2594,116.79620799999999,0.70507200000000003,9.763363,1877,2024-25,1213.4788095238093,916.5211904761907
2024-09-01T00:00:00Z,E12000007,London,NA,117.304601,0.79325800000000002,9.7127510000000008,2147,118.244984,0.83187599999999995,10.466082999999999,1612,117.34872799999999,0.77615400000000001,9.7508359999999996,2051,116.988286,0.80156499999999997,9.4738249999999997,2427,114.85006300000001,0.57944700000000005,7.6006150000000003,3403,116.880708,0.76472600000000002,9.683268,2705,116.77185,0.72801400000000005,9.5402269999999998,2718,116.533917,0.82654000000000005,9.2163350000000008,2616,117.72136,0.79210800000000003,9.9456380000000006,1892,2024-25,1213.4788095238093,933.5211904761907
2024-10-01T00:00:00Z,E12000007,London,NA,118.661067,1.156363,10.218742000000001,2172,119.59122000000001,1.138514,10.948598,1630,118.725392,1.1731389999999999,10.29045,2075,118.268957,1.0947,9.9644960000000005,2454,116.237284,1.207854,8.2252369999999999,3444,118.150086,1.0860460000000001,10.075111,2734,118.130038,1.1631130000000001,10.010446,2750,117.86834,1.1450940000000001,9.7509619999999995,2646,119.088778,1.161572,10.448302999999999,1914,2024-25,1213.4788095238093,958.5211904761907
2024-11-01T00:00:00Z,E12000007,London,NA,120.700047,1.718323,11.494046000000001,2209,121.540948,1.6303270000000001,12.090859999999999,1657,120.672617,1.640109,11.399872,2109,120.410404,1.810659,11.354533999999999,2498,118.449692,1.9033549999999999,9.9927879999999991,3509,119.93052400000001,1.506928,11.140909000000001,2775,120.30001300000001,1.836937,11.493366,2800,120.03772600000001,1.840517,11.266933999999999,2694,121.059203,1.654585,11.595836,1946,2024-25,1213.4788095238093,995.5211904761907
2024-12-01T00:00:00Z,E12000007,London,NA,121.361117,0.54769599999999996,11.426940999999999,2221,122.257688,0.58971099999999999,11.973254000000001,1667,121.400747,0.60339299999999996,11.383063,2121,121.073268,0.55050399999999999,11.240629,2512,119.07201999999999,0.52539400000000003,10.084807,3528,120.39663,0.38864700000000002,10.885797999999999,2786,120.86690400000001,0.47123100000000001,11.358902,2813,120.640035,0.50176600000000005,11.209155000000001,2708,121.76576300000001,0.58364799999999994,11.541213000000001,1957,2024-25,1213.4788095238093,1007.5211904761907
2025-01-01T00:00:00Z,E12000007,London,NA,121.769738,0.336698,10.96637,2229,122.72251900000001,0.38020500000000002,11.448346000000001,1673,121.844191,0.36527300000000001,11.004885,2129,121.421925,0.28797200000000001,10.753693,2519,119.343479,0.22797799999999999,9.4929140000000007,3536,121.025668,0.52247200000000005,10.620148,2801,121.303877,0.36153299999999999,10.902481999999999,2824,120.992969,0.29255100000000001,10.725595999999999,2716,122.185909,0.34504400000000002,11.083258000000001,1964,2024-25,1213.4788095238093,1015.5211904761907
2025-02-01T00:00:00Z,E12000007,London,NA,122.128676,0.29476799999999997,9.8914059999999999,2235,123.107356,0.313583,10.373723999999999,1678,122.269285,0.348883,9.9798960000000001,2137,121.78787699999999,0.30138900000000002,9.707827,2527,119.47640199999999,0.11137900000000001,8.4388579999999997,3540,121.15298199999999,0.105196,9.1344320000000003,2804,121.72448199999999,0.34673599999999999,9.8726660000000006,2833,121.25339,0.21523600000000001,9.548349,2722,122.57612399999999,0.31936199999999998,10.049018999999999,1970,2024-25,1213.4788095238093,1021.5211904761907
2025-03-01T00:00:00Z,E12000007,London,NA,122.519426,0.31995000000000001,9.0646649999999998,2243,123.62486699999999,0.42037400000000003,9.6494070000000001,1685,122.646398,0.30842799999999998,9.1393640000000005,2143,122.163927,0.30877399999999999,8.8706800000000001,2535,119.69726199999999,0.18485699999999999,7.6250070000000001,3546,121.493955,0.28144000000000002,8.3918169999999996,2812,122.04580900000001,0.26397900000000002,8.8744049999999994,2841,121.595281,0.28196399999999999,8.7133540000000007,2729,123.00064500000001,0.34633199999999997,9.2537520000000004,1977,2024-25,1213.4788095238093,1029.5211904761907
2025-04-01T00:00:00Z,E12000007,London,NA,122.683407,0.13383999999999999,8.4253699999999991,2246,123.797516,0.139655,8.8904110000000003,1688,122.82143499999999,0.14271700000000001,8.4994639999999997,2146,122.32753,0.13392100000000001,8.3057029999999994,2538,119.79783500000001,8.4021999999999999E-2,7.1666949999999998,3549,121.59103,7.9901E-2,7.7964760000000002,2814,122.173135,0.104326,8.2604030000000002,2844,121.798779,0.16735700000000001,8.1929689999999997,2734,123.16193800000001,0.131132,8.5655040000000007,1979,2025-26,1213.4788095238093,1032.5211904761907
2025-05-01T00:00:00Z,E12000007,London,NA,122.842532,0.12970400000000001,7.7114690000000001,2249,124.14955500000001,0.28436699999999998,8.3807050000000007,1693,123.144764,0.26325199999999999,7.9393409999999998,2152,122.46860599999999,0.115327,7.583647,2541,119.64235499999999,-0.12978500000000001,6.152323,3545,121.835178,0.200794,7.2326259999999998,2819,122.062828,-9.0287999999999993E-2,7.3567790000000004,2841,121.771269,-2.2585999999999998E-2,7.2296560000000003,2733,123.43821800000001,0.22432199999999999,7.9779609999999996,1984,2025-26,1213.4788095238093,1035.5211904761907
2025-06-01T00:00:00Z,E12000007,London,NA,123.04305600000001,0.16323599999999999,7.2571649999999996,2252,124.568851,0.33773399999999998,7.975924,1698,123.40109699999999,0.20815600000000001,7.518338,2156,122.631732,0.13319800000000001,7.1297969999999999,2545,119.54295999999999,-8.3076999999999998E-2,5.7339729999999998,3542,121.981595,0.12017600000000001,6.8259699999999999,2823,122.017359,-3.7249999999999998E-2,6.6837049999999998,2840,121.873671,8.4093000000000001E-2,6.861847,2735,123.726973,0.233927,7.5290090000000003,1988,2025-26,1213.4788095238093,1038.5211904761907
2025-07-01T00:00:00Z,E12000007,London,NA,122.907684,-0.11002000000000001,6.2993769999999998,2250,124.447304,-9.7573999999999994E-2,6.9609990000000002,1697,123.226343,-0.14161499999999999,6.5641280000000002,2153,122.488927,-0.11645,6.1815239999999996,2542,119.270583,-0.227849,4.9196759999999999,3534,121.54415899999999,-0.35860799999999998,5.5013649999999998,2813,121.84778300000001,-0.13897699999999999,5.6483999999999996,2836,121.67514300000001,-0.16289600000000001,5.8943810000000001,2731,123.634232,-7.4955999999999995E-2,6.6010150000000003,1987,2025-26,1213.4788095238093,1036.5211904761907
2025-08-01T00:00:00Z,E12000007,London,NA,123.062436,0.12590999999999999,5.7406430000000004,2253,124.54337,7.7193999999999999E-2,6.2027429999999999,1698,123.32067000000001,7.6548000000000005E-2,5.9047090000000004,2155,122.601091,9.1571E-2,5.637772,2544,119.41947999999999,0.12484000000000001,4.5810940000000002,3538,121.779279,0.193444,4.9878619999999998,2818,122.250469,0.33048300000000003,5.4538989999999998,2846,121.921874,0.20277800000000001,5.488264,2737,123.70129900000001,5.4246999999999997E-2,5.9120850000000003,1988,2025-26,1213.4788095238093,1039.5211904761907
2025-09-01T00:00:00Z,E12000007,London,NA,123.483547,0.342192,5.2674370000000001,2260,125.042339,0.40063799999999999,5.7485350000000004,1705,123.73772700000001,0.33818799999999999,5.4444549999999996,2162,123.08033399999999,0.39089600000000002,5.2073999999999998,2554,119.942155,0.43768000000000001,4.4336869999999999,3553,122.061043,0.231373,4.432156,2825,122.397823,0.120534,4.8179189999999998,2849,122.39523800000001,0.38825199999999999,5.029712,2747,124.16895599999999,0.37805299999999997,5.4769969999999999,1996,2025-26,1213.4788095238093,1046.5211904761907
2025-10-01T00:00:00Z,E12000007,London,NA,123.724991,0.19552800000000001,4.2675530000000004,2265,125.28839600000001,0.19677900000000001,4.7638749999999996,1708,123.960993,0.18043500000000001,4.4098410000000001,2166,123.36335800000001,0.22994999999999999,4.3074709999999996,2560,120.06620599999999,0.103426,3.294057,3557,122.325822,0.216923,3.5342639999999999,2831,122.670849,0.22306500000000001,3.8439079999999999,2855,122.69572100000001,0.245503,4.0955709999999996,2754,124.382463,0.17194899999999999,4.4451580000000002,1999,2025-26,1213.4788095238093,1051.5211904761907
2025-11-01T00:00:00Z,E12000007,London,NA,124.085326,0.29123900000000003,2.8047040000000001,2271,125.58654,0.23796600000000001,3.3285830000000001,1712,124.306513,0.27873300000000001,3.0113669999999999,2172,123.787554,0.34385900000000003,2.8046989999999998,2569,120.753801,0.57267999999999997,1.9452210000000001,3577,123.117315,0.64703699999999997,2.6571980000000002,2849,123.13059,0.374776,2.352932,2866,123.167704,0.38467800000000002,2.6074950000000001,2765,124.663888,0.22625799999999999,2.9776210000000001,2003,2025-26,1213.4788095238093,1057.5211904761907
2025-12-01T00:00:00Z,E12000007,London,NA,123.891635,-0.15609500000000001,2.0851139999999999,2268,125.44555,-0.112265,2.607494,1710,124.066879,-0.192776,2.196142,2168,123.65089399999999,-0.110399,2.1289799999999999,2566,120.33552299999999,-0.346389,1.0611250000000001,3565,122.983361,-0.108802,2.1485080000000001,2846,122.984019,-0.119037,1.751609,2863,123.02227999999999,-0.11806999999999999,1.974672,2761,124.44093100000001,-0.178846,2.1969789999999998,2000,2025-26,1213.4788095238093,1054.5211904761907
2026-01-01T00:00:00Z,E12000007,London,NA,123.066789,-0.66578099999999996,1.065167,2253,124.83510200000001,-0.48662300000000003,1.7214309999999999,1702,123.354692,-0.57403499999999996,1.2396990000000001,2156,122.690415,-0.77676699999999999,1.0446949999999999,2546,119.250077,-0.90201600000000004,-7.8261999999999998E-2,3533,122.33814099999999,-0.52464,1.0844579999999999,2831,122.14417,-0.68289299999999997,0.69271700000000003,2843,122.048241,-0.79175799999999996,0.87217599999999995,2739,123.662037,-0.625915,1.2081,1987,2025-26,1213.4788095238093,1039.5211904761907
2026-02-01T00:00:00Z,E12000007,London,NA,124.198623,0.91969100000000004,1.69489,2273,125.94617599999999,0.89003299999999996,2.305971,1717,124.508011,0.93496100000000004,1.8309800000000001,2176,123.842483,0.93900399999999995,1.687036,2570,120.285884,0.86860000000000004,0.67752400000000002,3564,123.282466,0.77189700000000006,1.757681,2853,123.301176,0.94724600000000003,1.2952980000000001,2870,123.20387100000001,0.94686300000000001,1.6085989999999999,2765,124.789371,0.91162500000000002,1.8056099999999999,2005,2025-26,1213.4788095238093,1059.5211904761907
2026-03-01T00:00:00Z,E12000007,London,NA,124.558916,0.29009400000000002,1.664625,2280,126.32191,0.29832900000000001,2.1816339999999999,1722,124.915593,0.32735399999999998,1.850193,2183,124.23910100000001,0.32025999999999999,1.69868,2578,120.37432200000001,7.3523000000000005E-2,0.56564400000000004,3566,123.475551,0.15662100000000001,1.6310249999999999,2857,123.544855,0.197629,1.228264,2876,123.52398700000001,0.259826,1.586168,2772,125.196708,0.32641999999999999,1.7854080000000001,2012,2025-26,1213.4788095238093,1066.5211904761907
2026-04-01T00:00:00Z,E12000007,London,NA,125.131683,0.45983600000000002,1.9956050000000001,2290,126.874663,0.43757499999999999,2.4856289999999999,1730,125.464073,0.439081,2.1516099999999998,2192,124.84147,0.48484699999999997,2.0550899999999999,2590,120.897132,0.43431999999999998,0.91762699999999997,3582,124.03749999999999,0.45511000000000001,2.0120480000000001,2870,124.22702200000001,0.55216200000000004,1.681128,2892,124.13899000000001,0.49788199999999999,1.9213750000000001,2786,125.732252,0.42776199999999998,2.086938,2021,2026-27,NA,NA
2015-01-01T00:00:00Z,E12000008,South East,NA,79.734304,NA,NA,932,79.947047999999995,NA,NA,640,80.740335000000002,NA,NA,839,79.2029,NA,NA,1006,79.072744999999998,NA,NA,1483,79.645188000000005,NA,NA,1316,79.515270999999998,NA,NA,1023,79.245638999999997,NA,NA,942,80.384393000000003,NA,NA,751,2014-15,NA,NA
2015-02-01T00:00:00Z,E12000008,South East,NA,79.751843,2.1996000000000002E-2,NA,932,80.038184999999999,0.113997,NA,641,80.809968999999995,8.6244000000000001E-2,NA,839,79.290126999999998,0.11013100000000001,NA,1007,78.995594999999994,-9.7569000000000003E-2,NA,1482,79.655300999999994,1.2697999999999999E-2,NA,1316,79.527996999999999,1.6004999999999998E-2,NA,1023,79.223356999999993,-2.8118000000000001E-2,NA,941,80.455977000000004,8.9051000000000005E-2,NA,751,2014-15,NA,NA
2015-03-01T00:00:00Z,E12000008,South East,NA,79.942283,0.238791,NA,935,80.166916000000001,0.16083600000000001,NA,642,80.991968999999997,0.22522,NA,841,79.428076000000004,0.17398,NA,1009,79.302835000000002,0.388934,NA,1488,79.907279000000003,0.31633499999999998,NA,1320,79.689688000000004,0.20331299999999999,NA,1025,79.422876000000002,0.25184400000000001,NA,944,80.617963000000003,0.20133599999999999,NA,753,2014-15,NA,NA
2015-04-01T00:00:00Z,E12000008,South East,NA,80.197547,0.31930999999999998,NA,938,80.462055000000007,0.36815700000000001,NA,644,81.245665000000002,0.31323600000000001,NA,844,79.712799000000004,0.35846699999999998,NA,1012,79.489652000000007,0.23557400000000001,NA,1491,80.180524000000005,0.34195300000000001,NA,1324,79.963256000000001,0.34329100000000001,NA,1029,79.634592999999995,0.266569,NA,946,80.900079000000005,0.349941,NA,756,2015-16,552.1787356321839,385.82126436781607
2015-05-01T00:00:00Z,E12000008,South East,NA,80.314354,0.14565,NA,939,80.530536999999995,8.5111000000000006E-2,NA,645,81.412987000000001,0.20594499999999999,NA,846,79.865305000000006,0.19131899999999999,NA,1014,79.490799999999993,1.444E-3,NA,1491,80.260199,9.937E-2,NA,1326,80.091650999999999,0.16056799999999999,NA,1030,79.746977000000001,0.141125,NA,948,81.036407999999994,0.168516,NA,757,2015-16,552.1787356321839,386.82126436781607
2015-06-01T00:00:00Z,E12000008,South East,NA,80.53317,0.272449,NA,942,80.736669000000006,0.255967,NA,646,81.672220999999993,0.31841900000000001,NA,848,80.132103999999998,0.334061,NA,1018,79.598674000000003,0.13570599999999999,NA,1493,80.492679999999993,0.289659,NA,1330,80.324895999999995,0.29122199999999998,NA,1033,79.936801000000003,0.23803299999999999,NA,950,81.270470000000003,0.28883500000000001,NA,759,2015-16,552.1787356321839,389.82126436781607
2015-07-01T00:00:00Z,E12000008,South East,NA,80.760546,0.28233799999999998,NA,944,81.018259,0.348775,NA,649,81.867352999999994,0.23892099999999999,NA,850,80.344920999999999,0.26558399999999999,NA,1021,79.886750000000006,0.36191099999999998,NA,1499,80.796408999999997,0.37733699999999998,NA,1335,80.558045000000007,0.29025699999999999,NA,1036,80.112241999999995,0.219475,NA,952,81.507722999999999,0.29193000000000002,NA,761,2015-16,552.1787356321839,391.82126436781607
2015-08-01T00:00:00Z,E12000008,South East,NA,81.020376,0.32172899999999999,NA,947,81.166203999999993,0.18260799999999999,NA,650,82.151436000000004,0.34700399999999998,NA,853,80.589596,0.304531,NA,1024,80.301415000000006,0.519065,NA,1506,81.126289,0.40828700000000001,NA,1340,80.826875999999999,0.33371099999999998,NA,1040,80.342820000000003,0.28781899999999999,NA,955,81.752621000000005,0.30046,NA,764,2015-16,552.1787356321839,394.82126436781607
2015-09-01T00:00:00Z,E12000008,South East,NA,81.347427,0.40366600000000002,NA,951,81.423544000000007,0.31705299999999997,NA,652,82.432395,0.34200199999999997,NA,856,80.925090999999995,0.4163,NA,1028,80.754913999999999,0.564747,NA,1515,81.477404000000007,0.43280000000000002,NA,1346,81.148392999999999,0.397785,NA,1044,80.701369,0.44627299999999998,NA,959,82.031775999999994,0.34146199999999999,NA,766,2015-16,552.1787356321839,398.82126436781607
2015-10-01T00:00:00Z,E12000008,South East,NA,81.510611,0.2006,NA,953,81.610093000000006,0.22910900000000001,NA,653,82.612065000000001,0.21795999999999999,NA,858,81.132509999999996,0.25630999999999998,NA,1031,80.832148000000004,9.5639000000000002E-2,NA,1516,81.571955000000003,0.116046,NA,1347,81.354444000000001,0.25391799999999998,NA,1047,80.859240999999997,0.19562499999999999,NA,961,82.213144,0.22109500000000001,NA,768,2015-16,552.1787356321839,400.82126436781607
2015-11-01T00:00:00Z,E12000008,South East,NA,81.953967,0.54392499999999999,NA,958,81.988656000000006,0.463868,NA,656,83.050714999999997,0.53097499999999997,NA,863,81.560316999999998,0.52729400000000004,NA,1036,81.344623999999996,0.63400100000000004,NA,1526,82.057136999999997,0.59479000000000004,NA,1355,81.796936000000002,0.543906,NA,1052,81.298725000000005,0.54351700000000003,NA,966,82.635604000000001,0.51385899999999995,NA,772,2015-16,552.1787356321839,405.82126436781607
2015-12-01T00:00:00Z,E12000008,South East,NA,82.190501,0.28861799999999999,NA,961,82.234328000000005,0.29964099999999999,NA,658,83.301561000000007,0.302039,NA,865,81.816563000000002,0.31418000000000001,NA,1039,81.497791000000007,0.18829399999999999,NA,1529,82.227531999999997,0.207653,NA,1358,82.061912000000007,0.32394400000000001,NA,1056,81.534192000000004,0.289632,NA,969,82.893619999999999,0.31223400000000001,NA,774,2015-16,552.1787356321839,408.82126436781607
2016-01-01T00:00:00Z,E12000008,South East,NA,82.460067,0.32797700000000002,3.4185569999999998,964,82.664204999999995,0.52274699999999996,3.3986969999999999,662,83.662184999999994,0.43291400000000002,3.6188229999999999,869,82.128527000000005,0.381297,3.693838,1043,81.607257000000004,0.13431799999999999,3.205292,1531,82.464195000000004,0.28781499999999999,3.5394570000000001,1362,82.288494999999998,0.27611200000000002,3.487663,1059,81.742896000000002,0.25597199999999998,3.1512859999999998,971,83.282796000000005,0.46948800000000002,3.6056780000000002,778,2015-16,552.1787356321839,411.82126436781607
2016-02-01T00:00:00Z,E12000008,South East,NA,82.786493,0.39585900000000002,3.8051159999999999,968,83.030024999999995,0.44253700000000001,3.738016,665,84.046593000000001,0.45947700000000002,4.0052289999999999,873,82.477311999999998,0.424682,4.0196490000000002,1048,81.816114999999996,0.25592999999999999,3.570478,1535,82.774949000000007,0.37683499999999998,3.9164349999999999,1367,82.588432999999995,0.36449500000000001,3.848249,1063,82.048739999999995,0.37415300000000001,3.566351,975,83.657194000000004,0.44955000000000001,3.9788429999999999,781,2015-16,552.1787356321839,415.82126436781607
2016-03-01T00:00:00Z,E12000008,South East,NA,83.055221,0.324604,3.8939819999999998,971,83.324363000000005,0.35449599999999998,3.9385910000000002,667,84.235463999999993,0.224721,4.0047110000000004,875,82.802666000000002,0.39447700000000002,4.2486110000000004,1052,82.117345999999998,0.36818000000000001,3.549067,1540,83.093791999999993,0.38519300000000001,3.9877639999999999,1373,82.905188999999993,0.38353599999999999,4.0350270000000004,1067,82.300590999999997,0.30695299999999998,3.6232820000000001,978,83.887844000000001,0.27570899999999998,4.0560200000000002,784,2015-16,552.1787356321839,418.82126436781607
2016-04-01T00:00:00Z,E12000008,South East,NA,83.522252,0.56231399999999998,4.145645,977,83.716069000000005,0.47009800000000002,4.0441589999999996,670,84.724153000000001,0.58014699999999997,4.2814439999999996,880,83.271011000000001,0.56561600000000001,4.4637890000000002,1058,82.636876000000001,0.63266800000000001,3.9592879999999999,1550,83.635930999999999,0.65244100000000005,4.3095340000000002,1382,83.375439,0.567214,4.2671890000000001,1073,82.733975999999998,0.52658799999999995,3.8920059999999999,983,84.349317999999997,0.55010899999999996,4.263579,788,2016-17,552.1787356321839,424.82126436781607
2016-05-01T00:00:00Z,E12000008,South East,NA,83.777125,0.30515500000000001,4.3115209999999999,979,83.994046999999995,0.33204899999999998,4.3008649999999999,672,84.997007999999994,0.32205099999999998,4.402272,883,83.496571000000003,0.27087499999999998,4.5467389999999996,1061,82.816169000000002,0.21696399999999999,4.183338,1554,83.884136999999996,0.29676999999999998,4.5152369999999999,1386,83.641306,0.31888,4.4319920000000002,1076,82.983226000000002,0.30126599999999998,4.0581449999999997,986,84.607264999999998,0.30580800000000002,4.406485,790,2016-17,552.1787356321839,426.82126436781607
2016-06-01T00:00:00Z,E12000008,South East,NA,84.115724,0.404167,4.4485450000000002,983,84.204911999999993,0.25104700000000002,4.2957470000000004,674,85.268086999999994,0.31892799999999999,4.4028020000000003,886,83.835978999999995,0.40649299999999999,4.6222120000000002,1065,83.357461999999998,0.653609,4.722175,1564,84.268388999999999,0.45807399999999998,4.6907480000000001,1392,83.993564000000006,0.421153,4.5672870000000003,1081,83.355810000000005,0.44898700000000002,4.277139,991,84.873070999999996,0.314164,4.4328539999999998,793,2016-17,552.1787356321839,430.82126436781607
2016-07-01T00:00:00Z,E12000008,South East,NA,84.480061,0.43313699999999999,4.6056090000000003,988,84.553263000000001,0.41369400000000001,4.363219,677,85.619765999999998,0.412439,4.5835280000000003,889,84.201535000000007,0.43603700000000001,4.800071,1069,83.790047000000001,0.51895199999999997,4.8860380000000001,1572,84.617393000000007,0.41415800000000003,4.729152,1398,84.390739999999994,0.47286400000000001,4.7576809999999998,1086,83.711786000000004,0.42705700000000002,4.4931260000000002,995,85.234904,0.42632199999999998,4.5727950000000002,796,2016-17,552.1787356321839,435.82126436781607
2016-08-01T00:00:00Z,E12000008,South East,NA,84.868139,0.45937299999999998,4.7491300000000001,992,84.926981999999995,0.44199300000000002,4.6334280000000003,680,85.934753999999998,0.367892,4.6052970000000002,893,84.588711000000004,0.45982099999999998,4.9623210000000002,1074,84.306774000000004,0.61669300000000005,4.9879069999999999,1581,85.109554000000003,0.58163100000000001,4.9099560000000002,1406,84.740269999999995,0.41418100000000002,4.8416990000000002,1090,84.096762999999996,0.45988299999999999,4.6724050000000004,999,85.592163999999997,0.41914699999999999,4.6965370000000002,799,2016-17,552.1787356321839,439.82126436781607
2016-09-01T00:00:00Z,E12000008,South East,NA,85.24683,0.44621100000000002,4.7935160000000003,997,85.307929999999999,0.44855899999999999,4.7705929999999999,683,86.291388999999995,0.41500599999999999,4.6814039999999997,896,84.969797999999997,0.45051799999999997,4.9980880000000001,1079,84.702029999999993,0.46883000000000002,4.8877709999999999,1589,85.416578000000001,0.36074000000000001,4.8346830000000001,1411,85.138282000000004,0.46968399999999999,4.9167810000000003,1095,84.505010999999996,0.48545100000000002,4.7132319999999996,1004,85.964382000000001,0.43487399999999998,4.794003,803,2016-17,552.1787356321839,444.82126436781607
2016-10-01T00:00:00Z,E12000008,South East,NA,85.573099,0.38273499999999999,4.984,1000,85.616782999999998,0.36204500000000001,4.9095519999999997,685,86.592095999999998,0.34847899999999998,4.817736,899,85.311498999999998,0.402144,5.1508200000000004,1084,85.062515000000005,0.42559200000000003,5.2335209999999996,1596,85.793182999999999,0.44090400000000002,5.1748519999999996,1417,85.482132000000007,0.40387299999999998,5.0737100000000002,1100,84.817248000000006,0.36948900000000001,4.8949350000000003,1008,86.267748999999995,0.35289900000000002,4.9318210000000002,806,2016-17,552.1787356321839,447.82126436781607
2016-11-01T00:00:00Z,E12000008,South East,NA,85.907126,0.39034099999999999,4.8236340000000002,1004,85.940110000000004,0.37764500000000001,4.8195139999999999,688,86.949757000000005,0.41304099999999999,4.6947729999999996,903,85.702830000000006,0.458708,5.0790790000000001,1089,85.250564999999995,0.22107399999999999,4.8017200000000004,1599,86.060877000000005,0.31202299999999999,4.8792099999999996,1422,85.824374000000006,0.40036699999999997,4.9237029999999997,1104,85.159206999999995,0.403171,4.7485150000000003,1012,86.623912000000004,0.412858,4.8263800000000003,809,2016-17,552.1787356321839,451.82126436781607
2016-12-01T00:00:00Z,E12000008,South East,NA,86.124356,0.25286599999999998,4.7862650000000002,1007,86.128467999999998,0.21917400000000001,4.7354200000000004,690,87.149835999999993,0.23010900000000001,4.6196919999999997,905,85.879396,0.20602100000000001,4.9657830000000001,1091,85.571906999999996,0.376938,4.9990509999999997,1605,86.310427000000004,0.28996899999999998,4.965363,1426,86.040120000000002,0.25137999999999999,4.8478120000000002,1107,85.375546,0.25404199999999999,4.7113420000000001,1015,86.824961999999999,0.232095,4.7426349999999999,811,2016-17,552.1787356321839,454.82126436781607
2017-01-01T00:00:00Z,E12000008,South East,NA,86.28446,0.18589800000000001,4.6378719999999998,1009,86.294627000000006,0.19292000000000001,4.3917710000000003,691,87.294669999999996,0.16619,4.3418489999999998,907,86.055403999999996,0.20494799999999999,4.7813800000000004,1093,85.710493999999997,0.16195399999999999,5.0280290000000001,1608,86.429967000000005,0.13849900000000001,4.8090830000000002,1428,86.239788000000004,0.23206499999999999,4.8017560000000001,1110,85.539320000000004,0.191827,4.6443469999999998,1016,86.978881999999999,0.17727599999999999,4.4379949999999999,812,2016-17,552.1787356321839,456.82126436781607
2017-02-01T00:00:00Z,E12000008,South East,NA,86.499377,0.24908,4.4848910000000002,1011,86.513850000000005,0.25403900000000001,4.1958609999999998,693,87.495974000000004,0.230602,4.1041290000000004,909,86.284128999999993,0.26578800000000002,4.6155929999999996,1096,85.882852,0.20109299999999999,4.9705820000000003,1611,86.580422999999996,0.17407900000000001,4.5973740000000003,1430,86.442036000000002,0.234518,4.6660329999999997,1112,85.788661000000005,0.291493,4.5581709999999998,1019,87.196258999999998,0.249919,4.2304380000000004,814,2016-17,552.1787356321839,458.82126436781607
2017-03-01T00:00:00Z,E12000008,South East,NA,86.692694,0.22348899999999999,4.3795840000000004,1014,86.716807000000003,0.234595,4.0713710000000001,694,87.628874999999994,0.151894,4.0284829999999996,910,86.483016000000006,0.23050300000000001,4.4447239999999999,1098,86.060699999999997,0.20708199999999999,4.8020959999999997,1614,86.778330999999994,0.22858300000000001,4.4341920000000004,1433,86.670908999999995,0.26477000000000001,4.5422010000000004,1115,86.000484999999998,0.24691399999999999,4.4955870000000004,1022,87.343425999999994,0.16877600000000001,4.1192880000000001,816,2016-17,552.1787356321839,461.82126436781607
2017-04-01T00:00:00Z,E12000008,South East,NA,86.955889,0.30359599999999998,4.1110449999999998,1017,87.036265999999998,0.36839300000000003,3.966021,697,87.899321999999998,0.30862800000000001,3.747655,913,86.677561999999995,0.22495299999999999,4.0909209999999998,1101,86.373935000000003,0.36397000000000002,4.522265,1620,87.058817000000005,0.32322099999999998,4.0926030000000004,1438,86.915994999999995,0.282777,4.2465219999999997,1118,86.226466000000002,0.26276699999999997,4.2213500000000002,1025,87.651739000000006,0.35299000000000003,3.9151720000000001,819,2017-18,552.7331034482759,464.26689655172413
2017-05-01T00:00:00Z,E12000008,South East,NA,87.006934,5.8701999999999997E-2,3.8552409999999999,1017,87.175397000000004,0.159854,3.7875890000000001,698,87.981504000000001,9.3495999999999996E-2,3.5112960000000002,914,86.729996,6.0492999999999998E-2,3.8725239999999999,1102,86.401008000000004,3.1344999999999998E-2,4.3286709999999999,1621,87.109603000000007,5.8334999999999998E-2,3.8451439999999999,1439,86.978735,7.2184999999999999E-2,3.9901680000000002,1119,86.252561999999998,3.0263999999999999E-2,3.939756,1025,87.725943000000001,8.4656999999999996E-2,3.686064,819,2017-18,552.7331034482759,464.26689655172413
2017-06-01T00:00:00Z,E12000008,South East,NA,87.074057,7.7146000000000006E-2,3.5169790000000001,1018,87.324404999999999,0.170929,3.7046450000000002,699,88.064064000000002,9.3838000000000005E-2,3.2790430000000002,915,86.796621999999999,7.6819999999999999E-2,3.5314700000000001,1102,86.367729999999995,-3.8516000000000002E-2,3.611275,1620,87.146331000000004,4.2162999999999999E-2,3.4152100000000001,1439,87.035804999999996,6.5614000000000006E-2,3.6219920000000001,1120,86.309100000000001,6.5548999999999996E-2,3.5429930000000001,1026,87.828922000000006,0.11738800000000001,3.4826730000000001,820,2017-18,552.7331034482759,465.26689655172413
2017-07-01T00:00:00Z,E12000008,South East,NA,87.288989,0.246839,3.3249610000000001,1021,87.501716999999999,0.20305000000000001,3.4870969999999999,701,88.284398999999993,0.25019799999999998,3.1121699999999999,917,87.016713999999993,0.25357200000000002,3.3433820000000001,1105,86.613613999999998,0.28469499999999998,3.369812,1625,87.3566,0.241283,3.237168,1443,87.269231000000005,0.26819599999999999,3.4109090000000002,1123,86.537722000000002,0.26488800000000001,3.3757920000000001,1028,88.018790999999993,0.21618000000000001,3.2661349999999998,822,2017-18,552.7331034482759,468.26689655172413
2017-08-01T00:00:00Z,E12000008,South East,NA,87.450321,0.18482399999999999,3.0425810000000002,1022,87.775919999999999,0.31336900000000001,3.3545729999999998,703,88.37285,0.100189,2.837148,918,87.184137000000007,0.19240399999999999,3.068289,1107,86.687454000000002,8.5251999999999994E-2,2.8238289999999999,1626,87.504497999999998,0.16930300000000001,2.8139539999999998,1445,87.425037000000003,0.178534,3.1682299999999999,1125,86.682613000000003,0.16743,3.0748509999999998,1030,88.210527999999996,0.217837,3.0591170000000001,824,2017-18,552.7331034482759,469.26689655172413
2017-09-01T00:00:00Z,E12000008,South East,NA,87.587404,0.15675600000000001,2.745644,1024,87.902528000000004,0.14424000000000001,3.0414500000000002,704,88.481063000000006,0.12245,2.5375350000000001,919,87.264647999999994,9.2345999999999998E-2,2.7007829999999999,1108,86.931335000000004,0.28133399999999997,2.6319379999999999,1631,87.686456000000007,0.20794199999999999,2.6574209999999998,1448,87.565095999999997,0.16020499999999999,2.850438,1127,86.804681000000002,0.140822,2.7213409999999998,1032,88.338105999999996,0.14462800000000001,2.761288,825,2017-18,552.7331034482759,471.26689655172413
2017-10-01T00:00:00Z,E12000008,South East,NA,87.608161,2.3698E-2,2.3781560000000002,1024,87.990313,9.9865999999999996E-2,2.7722720000000001,704,88.553326999999996,8.1671999999999995E-2,2.2649080000000001,920,87.333821,7.9268000000000005E-2,2.370514,1109,86.708392000000003,-0.25645899999999999,1.934903,1627,87.538576000000006,-0.16864699999999999,2.0344190000000002,1446,87.629797999999994,7.3890999999999998E-2,2.5124149999999998,1127,86.835368000000003,3.5352000000000001E-2,2.3793739999999999,1032,88.417073000000002,8.9391999999999999E-2,2.4914559999999999,826,2017-18,552.7331034482759,471.26689655172413
2017-11-01T00:00:00Z,E12000008,South East,NA,87.667683,6.7941000000000001E-2,2.049372,1025,88.087215999999998,0.110129,2.4983749999999998,705,88.621252999999996,7.6705999999999996E-2,1.9223699999999999,921,87.417923999999999,9.6300999999999998E-2,2.0012110000000001,1110,86.687067999999996,-2.4591999999999999E-2,1.685036,1626,87.56429,2.9374000000000001E-2,1.746918,1446,87.689617999999996,6.8264000000000005E-2,2.1733259999999999,1128,86.850848999999997,1.7828E-2,1.9864470000000001,1032,88.548524999999998,0.148673,2.221803,827,2017-18,552.7331034482759,472.26689655172413
2017-12-01T00:00:00Z,E12000008,South East,NA,87.773809,0.121056,1.9151990000000001,1026,88.188531999999995,0.11501699999999999,2.3918499999999998,706,88.670918999999998,5.6043000000000003E-2,1.745366,921,87.449368000000007,3.5970000000000002E-2,1.828114,1111,86.905291000000005,0.25173600000000002,1.558203,1630,87.684428999999994,0.13720099999999999,1.5919300000000001,1448,87.771043000000006,9.2856999999999995E-2,2.0117630000000002,1129,86.978617999999997,0.14711399999999999,1.8776710000000001,1034,88.635035999999999,9.7698999999999994E-2,2.0847389999999999,828,2017-18,552.7331034482759,473.26689655172413
2018-01-01T00:00:00Z,E12000008,South East,NA,87.806584,3.7339999999999998E-2,1.7640769999999999,1027,88.255458000000004,7.5889999999999999E-2,2.2722509999999998,707,88.793494999999993,0.138237,1.7169719999999999,922,87.506258000000003,6.5055000000000002E-2,1.685954,1111,86.835006000000007,-8.0875000000000002E-2,1.3119879999999999,1629,87.760475999999997,8.6728E-2,1.539407,1450,87.789364000000006,2.0872999999999999E-2,1.7968219999999999,1129,86.955247,-2.6870000000000002E-2,1.655295,1033,88.719111999999996,9.4855999999999996E-2,2.0007489999999999,829,2017-18,552.7331034482759,474.26689655172413
2018-02-01T00:00:00Z,E12000008,South East,NA,87.938833,0.150615,1.664123,1028,88.392480000000006,0.15525600000000001,2.1714790000000002,708,88.845078000000001,5.8092999999999999E-2,1.5419050000000001,923,87.641790999999998,0.15488299999999999,1.5734779999999999,1113,87.013155999999995,0.20516000000000001,1.3161,1632,87.875772999999995,0.13137699999999999,1.496124,1452,87.994612000000004,0.233797,1.796089,1132,87.117508000000001,0.18660199999999999,1.548977,1035,88.775304000000006,6.3337000000000004E-2,1.810908,829,2017-18,552.7331034482759,475.26689655172413
2018-03-01T00:00:00Z,E12000008,South East,NA,88.064139,0.14249200000000001,1.5819620000000001,1030,88.531503000000001,0.15728,2.09267,709,88.998745999999997,0.172962,1.5632649999999999,924,87.724665999999999,9.4561999999999993E-2,1.435716,1114,87.042754000000002,3.4015999999999998E-2,1.141119,1633,87.900409999999994,2.8035999999999998E-2,1.2930410000000001,1452,88.111732000000003,0.13309799999999999,1.6624060000000001,1134,87.255332999999993,0.15820600000000001,1.459117,1037,88.942114000000004,0.18790200000000001,1.8303480000000001,831,2017-18,552.7331034482759,477.26689655172413
2018-04-01T00:00:00Z,E12000008,South East,NA,88.081953,2.0229E-2,1.294983,1030,88.628936999999993,0.110056,1.8298939999999999,710,88.960295000000002,-4.3205E-2,1.2070320000000001,924,87.738574,1.5854E-2,1.224091,1114,87.050448000000003,8.8389999999999996E-3,0.78323799999999999,1633,87.921780999999996,2.4312E-2,0.99124199999999996,1452,88.162211999999997,5.7292000000000003E-2,1.433819,1134,87.264414000000002,1.0408000000000001E-2,1.203746,1037,88.947576999999995,6.143E-3,1.478394,831,2018-19,559.5528735632184,470.44712643678156
2018-05-01T00:00:00Z,E12000008,South East,NA,88.147111,7.3973999999999998E-2,1.310443,1031,88.650847999999996,2.4722000000000001E-2,1.692509,710,89.057248000000001,0.108985,1.222693,925,87.767312000000004,3.2753999999999998E-2,1.196029,1115,87.144221999999999,0.107723,0.86019100000000004,1635,88.000360999999998,8.9375999999999997E-2,1.022572,1454,88.216154000000003,6.1185000000000003E-2,1.422669,1135,87.322944000000007,6.7071000000000006E-2,1.2409859999999999,1038,89.021167000000005,8.2734000000000002E-2,1.4764440000000001,831,2018-19,559.5528735632184,471.44712643678156
2018-06-01T00:00:00Z,E12000008,South East,NA,88.217704,8.0085000000000003E-2,1.313418,1031,88.683081999999999,3.6360000000000003E-2,1.5558959999999999,710,89.138371000000006,9.1091000000000005E-2,1.2199150000000001,926,87.888568000000006,0.138157,1.2580519999999999,1116,87.198312999999999,6.2071000000000001E-2,0.96168299999999995,1636,88.037813,4.2557999999999999E-2,1.0229710000000001,1454,88.310554999999994,0.107011,1.464628,1136,87.405141999999998,9.4131999999999993E-2,1.2699039999999999,1039,89.078884000000002,6.4835000000000004E-2,1.4231780000000001,832,2018-19,559.5528735632184,471.44712643678156
2018-07-01T00:00:00Z,E12000008,South East,NA,88.425888,0.235989,1.302454,1034,88.887234000000007,0.23020499999999999,1.5834170000000001,712,89.340255999999997,0.22648499999999999,1.195973,928,88.093641000000005,0.23333200000000001,1.237609,1119,87.370158000000004,0.197073,0.87346999999999997,1639,88.254463999999999,0.246089,1.027814,1458,88.506635000000003,0.22203400000000001,1.417915,1139,87.594205000000002,0.216306,1.2208349999999999,1041,89.313766000000001,0.26367800000000002,1.4712479999999999,834,2018-19,559.5528735632184,474.44712643678156
2018-08-01T00:00:00Z,E12000008,South East,NA,88.516532,0.102509,1.21922,1035,88.865955999999997,-2.3938999999999998E-2,1.2418389999999999,711,89.411458999999994,7.9698000000000005E-2,1.175257,929,88.158862999999997,7.4037000000000006E-2,1.1180079999999999,1120,87.598089000000002,0.26088,1.050481,1643,88.324633000000006,7.9507999999999995E-2,0.93725000000000003,1459,88.630154000000005,0.13955999999999999,1.378458,1140,87.720680000000002,0.14438699999999999,1.197549,1042,89.349180000000004,3.9652E-2,1.290834,835,2018-19,559.5528735632184,475.44712643678156
2018-09-01T00:00:00Z,E12000008,South East,NA,88.702381,0.20996000000000001,1.272988,1037,89.093937999999994,0.256546,1.3553759999999999,713,89.519171,0.12046800000000001,1.1732549999999999,930,88.325479999999999,0.188996,1.215649,1122,87.752470000000002,0.176237,0.94457899999999995,1646,88.445958000000005,0.13736300000000001,0.86615699999999995,1461,88.832266000000004,0.22803899999999999,1.4471179999999999,1143,87.950946000000002,0.26249899999999998,1.320511,1045,89.502525000000006,0.171624,1.3181389999999999,836,2018-19,559.5528735632184,477.44712643678156
2018-10-01T00:00:00Z,E12000008,South East,NA,88.812779,0.124458,1.375006,1038,89.197793000000004,0.116568,1.372287,714,89.564171999999999,5.0269000000000001E-2,1.1415090000000001,930,88.472166999999999,0.166076,1.3034429999999999,1124,88.058884000000006,0.34918100000000002,1.5575110000000001,1652,88.642037000000002,0.221693,1.2605420000000001,1464,88.948369,0.13070000000000001,1.5047060000000001,1144,88.070160000000001,0.135546,1.421991,1047,89.553967,5.7475999999999999E-2,1.2858309999999999,836,2018-19,559.5528735632184,478.44712643678156
2018-11-01T00:00:00Z,E12000008,South East,NA,88.942906,0.14651900000000001,1.4546110000000001,1040,89.318616000000006,0.13545599999999999,1.3979330000000001,715,89.720072000000002,0.174066,1.239905,932,88.561580000000006,0.101063,1.308262,1125,88.222502000000006,0.185805,1.771237,1655,88.737290999999999,0.10746,1.3395889999999999,1466,89.057636000000002,0.12284200000000001,1.560068,1146,88.198173999999995,0.14535500000000001,1.551309,1048,89.71799,0.18315500000000001,1.320705,838,2018-19,559.5528735632184,480.44712643678156
2018-12-01T00:00:00Z,E12000008,South East,NA,89.21102,0.30144500000000002,1.6374029999999999,1043,89.432924999999997,0.12797800000000001,1.41106,716,89.982560000000007,0.29256300000000002,1.479223,935,88.802805000000006,0.27238099999999998,1.5476799999999999,1128,88.625164999999996,0.45641799999999999,1.9790209999999999,1662,88.996904999999998,0.29256399999999999,1.496818,1470,89.349209000000002,0.327399,1.798049,1150,88.514878999999993,0.35908299999999999,1.766251,1052,89.914738,0.21929599999999999,1.4437880000000001,840,2018-19,559.5528735632184,483.44712643678156
2019-01-01T00:00:00Z,E12000008,South East,NA,89.286412,8.4509000000000001E-2,1.685327,1044,89.568252999999999,0.15131800000000001,1.487495,717,89.980464999999995,-2.3280000000000002E-3,1.336776,935,88.861436999999995,6.6025E-2,1.548665,1129,88.625941999999995,8.7699999999999996E-4,2.062459,1662,88.955530999999993,-4.6488000000000002E-2,1.3617239999999999,1469,89.415436999999997,7.4122999999999994E-2,1.852244,1150,88.667492999999993,0.17241500000000001,1.9691110000000001,1054,89.960831999999996,5.1263999999999997E-2,1.3996090000000001,840,2018-19,559.5528735632184,484.44712643678156
2019-02-01T00:00:00Z,E12000008,South East,NA,89.415865,0.144987,1.679613,1045,89.769533999999993,0.22472400000000001,1.557887,719,90.094667000000001,0.126918,1.40648,936,88.999582000000004,0.15546099999999999,1.5492509999999999,1130,88.716560999999999,0.10224900000000001,1.957641,1664,89.019644,7.2071999999999997E-2,1.30169,1470,89.559231999999994,0.16081599999999999,1.7780849999999999,1152,88.811465999999996,0.16237499999999999,1.9444520000000001,1055,90.095831000000004,0.150064,1.4874940000000001,842,2018-19,559.5528735632184,485.44712643678156
2019-03-01T00:00:00Z,E12000008,South East,NA,89.429789,1.5572000000000001E-2,1.550745,1046,89.874843999999996,0.117312,1.5173589999999999,720,90.132637000000003,4.2144000000000001E-2,1.274052,936,88.968192999999999,-3.5268000000000001E-2,1.4175340000000001,1130,88.603795000000005,-0.127108,1.7934190000000001,1662,88.882734999999997,-0.15379599999999999,1.117542,1468,89.522459999999995,-4.1058999999999998E-2,1.6010679999999999,1152,88.856544,5.0756999999999997E-2,1.8350869999999999,1056,90.177284999999998,9.0408000000000002E-2,1.388736,842,2018-19,559.5528735632184,486.44712643678156
2019-04-01T00:00:00Z,E12000008,South East,NA,89.511254,9.1092999999999993E-2,1.6226940000000001,1047,90.037949999999995,0.181482,1.5897889999999999,721,90.188677999999996,6.2177000000000003E-2,1.380822,937,89.084885,0.131161,1.534457,1132,88.537737000000007,-7.4554999999999996E-2,1.708537,1661,88.896583000000007,1.5580999999999999E-2,1.108716,1468,89.629930000000002,0.120048,1.664792,1153,88.939482999999996,9.3340999999999993E-2,1.9195329999999999,1057,90.272535000000005,0.105626,1.4895940000000001,843,2019-20,574.1457471264368,472.85425287356315
2019-05-01T00:00:00Z,E12000008,South East,NA,89.682694,0.191529,1.7420679999999999,1049,90.350481000000002,0.34710999999999997,1.9172210000000001,723,90.370514,0.20161699999999999,1.474631,939,89.229506999999998,0.16234199999999999,1.665991,1133,88.740178999999998,0.22864999999999999,1.8313980000000001,1665,89.050072,0.17266000000000001,1.1928479999999999,1471,89.823572999999996,0.21604799999999999,1.8221369999999999,1156,89.07884,0.15668599999999999,2.0108069999999998,1059,90.473766999999995,0.222916,1.6317470000000001,845,2019-20,574.1457471264368,474.85425287356315
2019-06-01T00:00:00Z,E12000008,South East,NA,89.798733,0.129388,1.7921899999999999,1050,90.493618999999995,0.15842600000000001,2.041582,725,90.529364000000001,0.17577699999999999,1.560487,940,89.314914999999999,9.5716999999999997E-2,1.6229039999999999,1134,88.743876999999998,4.1669999999999997E-3,1.7724690000000001,1665,89.148718000000002,0.110775,1.2618499999999999,1473,89.914944000000006,0.10172200000000001,1.8167580000000001,1157,89.154301000000004,8.4712999999999997E-2,2.0012080000000001,1059,90.657747000000001,0.203351,1.772432,847,2019-20,574.1457471264368,475.85425287356315
2019-07-01T00:00:00Z,E12000008,South East,NA,90.049576,0.279339,1.8362130000000001,1053,90.857196999999999,0.40177099999999999,2.2162489999999999,727,90.759145000000004,0.25381900000000002,1.588185,943,89.584316000000001,0.30163000000000001,1.6921489999999999,1138,88.802391,6.5936999999999996E-2,1.6392709999999999,1666,89.390441999999993,0.271148,1.2871630000000001,1477,90.144396999999998,0.255189,1.8504400000000001,1160,89.410540999999995,0.287412,2.0735800000000002,1062,90.919921000000002,0.28919099999999998,1.7983290000000001,849,2019-20,574.1457471264368,478.85425287356315
2019-08-01T00:00:00Z,E12000008,South East,NA,90.302768,0.28116999999999998,2.0179689999999999,1056,91.108765000000005,0.27688299999999999,2.5238119999999999,729,90.952434999999994,0.21296999999999999,1.7234670000000001,945,89.774271999999996,0.21204200000000001,1.8323849999999999,1140,89.147209000000004,0.388297,1.76844,1672,89.642028999999994,0.281447,1.491538,1481,90.412394000000006,0.29729699999999998,2.0108730000000001,1163,89.693316999999993,0.31626700000000002,2.2487710000000001,1066,91.131913999999995,0.23316400000000001,1.9952430000000001,851,2019-20,574.1457471264368,481.85425287356315
2019-09-01T00:00:00Z,E12000008,South East,NA,90.42172,0.13172600000000001,1.938323,1057,91.207375999999996,0.108235,2.372147,730,91.024754000000001,7.9513E-2,1.6818550000000001,945,89.839281,7.2413000000000005E-2,1.713889,1141,89.433811000000006,0.32149299999999997,1.916004,1678,89.749877999999995,0.120311,1.474256,1483,90.514880000000005,0.113355,1.8941479999999999,1165,89.855039000000005,0.18030599999999999,2.164949,1068,91.219066999999995,9.5634999999999998E-2,1.91787,852,2019-20,574.1457471264368,482.85425287356315
2019-10-01T00:00:00Z,E12000008,South East,NA,90.492282,7.8035999999999994E-2,1.89106,1058,91.344549000000001,0.150396,2.4067370000000001,731,91.054578000000006,3.2765000000000002E-2,1.664066,946,89.933237000000005,0.104583,1.651446,1142,89.455603999999994,2.4368000000000001E-2,1.58612,1678,89.774511000000004,2.7446000000000002E-2,1.277582,1483,90.579246999999995,7.1111999999999995E-2,1.8335109999999999,1165,89.958493000000004,0.115134,2.1441240000000001,1069,91.278653000000006,6.5321000000000004E-2,1.925862,853,2019-20,574.1457471264368,483.85425287356315
2019-11-01T00:00:00Z,E12000008,South East,NA,90.526834,3.8183000000000002E-2,1.780837,1058,91.426614000000001,8.9841000000000004E-2,2.360087,732,91.119985,7.1831999999999993E-2,1.560311,946,89.933462000000006,2.4899999999999998E-4,1.5490699999999999,1142,89.475701999999998,2.2467999999999998E-2,1.4205000000000001,1678,89.819130999999999,4.9702000000000003E-2,1.2191479999999999,1484,90.573081000000002,-6.8079999999999998E-3,1.701646,1165,89.964447000000007,6.6189999999999999E-3,2.002618,1069,91.365148000000005,9.4759999999999997E-2,1.8359289999999999,853,2019-20,574.1457471264368,483.85425287356315
2019-12-01T00:00:00Z,E12000008,South East,NA,90.614951,9.7337999999999994E-2,1.5737190000000001,1059,91.604973999999999,0.19508600000000001,2.4286910000000002,733,91.147259000000005,2.9932E-2,1.29436,947,89.996416999999994,7.0002999999999996E-2,1.3441160000000001,1143,89.446725000000001,-3.2385999999999998E-2,0.927006,1678,89.880443,6.8261000000000002E-2,0.99277400000000005,1485,90.675030000000007,0.11255999999999999,1.4838640000000001,1167,90.054355000000001,9.9937999999999999E-2,1.739228,1070,91.455171000000007,9.8530000000000006E-2,1.7132149999999999,854,2019-20,574.1457471264368,484.85425287356315
2020-01-01T00:00:00Z,E12000008,South East,NA,90.742334,0.14057600000000001,1.63062,1061,91.754919999999998,0.163688,2.4413420000000001,735,91.312309999999997,0.18108199999999999,1.480148,948,90.171363999999997,0.19439300000000001,1.4741230000000001,1145,89.317852999999999,-0.14407700000000001,0.78070899999999999,1675,89.934540999999996,6.019E-2,1.1005609999999999,1486,90.789551000000003,0.12629799999999999,1.536775,1168,90.211367999999993,0.17435400000000001,1.7411970000000001,1072,91.592018999999993,0.14963399999999999,1.8132189999999999,856,2019-20,574.1457471264368,486.85425287356315
2020-02-01T00:00:00Z,E12000008,South East,NA,90.810238,7.4831999999999996E-2,1.5594239999999999,1062,91.857795999999993,0.11212,2.3262480000000001,735,91.357487000000006,4.9474999999999998E-2,1.401659,949,90.283398000000005,0.12424499999999999,1.442496,1147,89.368500999999995,5.6704999999999998E-2,0.73485599999999995,1676,90.011230999999995,8.5272000000000001E-2,1.1138969999999999,1487,90.886791000000002,0.10710500000000001,1.482326,1169,90.282048000000003,7.8349000000000002E-2,1.6558470000000001,1073,91.635647000000006,4.7633000000000002E-2,1.709087,856,2019-20,574.1457471264368,487.85425287356315
2020-03-01T00:00:00Z,E12000008,South East,NA,90.832154,2.4133999999999999E-2,1.5681179999999999,1062,91.933629999999994,8.2556000000000004E-2,2.2907259999999998,736,91.396432000000004,4.2630000000000001E-2,1.4021509999999999,949,90.296107000000006,1.4076999999999999E-2,1.4925710000000001,1147,89.296205999999998,-8.0894999999999995E-2,0.78146800000000005,1675,89.978926000000001,-3.5889999999999998E-2,1.2333000000000001,1486,90.896333999999996,1.0499E-2,1.5346690000000001,1169,90.305413999999999,2.5881000000000001E-2,1.6305719999999999,1073,91.687878999999995,5.7000000000000002E-2,1.675138,856,2019-20,574.1457471264368,487.85425287356315
2020-04-01T00:00:00Z,E12000008,South East,NA,90.888766,6.2327E-2,1.5389269999999999,1063,92.013946000000004,8.7361999999999995E-2,2.1946249999999998,737,91.491356999999994,0.10385999999999999,1.444393,950,90.338894999999994,4.7385999999999998E-2,1.4076569999999999,1147,89.303639000000004,8.3239999999999998E-3,0.86505699999999996,1675,90.062821999999997,9.3240000000000003E-2,1.3119050000000001,1488,90.944153999999997,5.2609999999999997E-2,1.4662790000000001,1170,90.318826000000001,1.4852000000000001E-2,1.550878,1073,91.780202000000003,0.100693,1.6701280000000001,857,2020-21,654.7562068965517,408.2437931034483
2020-05-01T00:00:00Z,E12000008,South East,NA,91.032388,0.15801899999999999,1.504966,1064,92.193838,0.19550600000000001,2.0402300000000002,738,91.650515999999996,0.173961,1.4163939999999999,952,90.539483000000004,0.22203999999999999,1.468097,1150,89.385938999999993,9.2158000000000004E-2,0.72769799999999996,1677,90.182436999999993,0.13281299999999999,1.271604,1490,91.104016000000001,0.17577999999999999,1.425508,1172,90.447840999999997,0.142843,1.536842,1075,91.939285999999996,0.17333100000000001,1.6198269999999999,859,2020-21,654.7562068965517,409.2437931034483
2020-06-01T00:00:00Z,E12000008,South East,NA,91.120447,9.6733E-2,1.4718629999999999,1065,92.328175999999999,0.14571300000000001,2.0272779999999999,739,91.729277999999994,8.5936999999999999E-2,1.325442,953,90.605429000000001,7.2835999999999998E-2,1.444903,1151,89.465172999999993,8.8641999999999999E-2,0.81278399999999995,1678,90.295565999999994,0.125445,1.2864439999999999,1492,91.165521999999996,6.7512000000000003E-2,1.3908450000000001,1173,90.542136999999997,0.104255,1.5566679999999999,1076,92.025834000000003,9.4136999999999998E-2,1.509069,860,2020-21,654.7562068965517,410.2437931034483
2020-07-01T00:00:00Z,E12000008,South East,NA,91.162904,4.6593999999999997E-2,1.2363500000000001,1066,92.396625,7.4135999999999994E-2,1.6943379999999999,740,91.784079000000006,5.9742000000000003E-2,1.1292899999999999,953,90.640942999999993,3.9197000000000003E-2,1.179478,1151,89.498469999999998,3.7218000000000001E-2,0.78385099999999996,1679,90.318067999999997,2.4920999999999999E-2,1.0377240000000001,1492,91.194882000000007,3.2204999999999998E-2,1.1653359999999999,1173,90.591972999999996,5.5042000000000001E-2,1.3213569999999999,1077,92.077798999999999,5.6467999999999997E-2,1.273515,860,2020-21,654.7562068965517,411.2437931034483
2020-08-01T00:00:00Z,E12000008,South East,NA,90.960128,-0.22243199999999999,0.72795100000000001,1063,92.210300000000004,-0.201658,1.209033,738,91.569221999999996,-0.23408999999999999,0.67814200000000002,951,90.420748000000003,-0.24293100000000001,0.720113,1148,89.399861000000001,-0.110179,0.28341,1677,90.143414000000007,-0.19337699999999999,0.55931900000000001,1489,90.935650999999993,-0.28426099999999999,0.57874499999999995,1170,90.417287000000002,-0.192828,0.80716200000000005,1074,91.868504000000001,-0.22730300000000001,0.80826799999999999,858,2020-21,654.7562068965517,408.2437931034483
2020-09-01T00:00:00Z,E12000008,South East,NA,91.11983,0.17557300000000001,0.77205900000000005,1065,92.343540000000004,0.14449600000000001,1.2456929999999999,739,91.689988999999997,0.131885,0.73082800000000003,952,90.558289000000002,0.152112,0.80032800000000004,1150,89.643725000000003,0.27277899999999999,0.23471500000000001,1682,90.233498999999995,9.9934999999999996E-2,0.53885300000000003,1490,91.091379000000003,0.17125199999999999,0.636911,1172,90.626324999999994,0.23119300000000001,0.85836699999999999,1077,92.013056000000006,0.15734699999999999,0.87041999999999997,859,2020-21,654.7562068965517,410.2437931034483
2020-10-01T00:00:00Z,E12000008,South East,NA,91.298988,0.19661899999999999,0.89146499999999995,1067,92.523827999999995,0.19523699999999999,1.291023,741,91.849005000000005,0.173428,0.87247300000000005,954,90.748868000000002,0.210449,0.90693000000000001,1153,89.803979999999996,0.17876900000000001,0.38944099999999998,1685,90.411238999999995,0.19697799999999999,0.70925199999999999,1493,91.240122,0.16328899999999999,0.72960899999999995,1174,90.829076000000001,0.223721,0.96776099999999998,1079,92.187749999999994,0.189858,0.99595800000000001,861,2020-21,654.7562068965517,412.2437931034483
2020-11-01T00:00:00Z,E12000008,South East,NA,91.321369,2.4513E-2,0.87767899999999999,1068,92.494891999999993,-3.1274999999999997E-2,1.1684540000000001,741,91.890305999999995,4.4967E-2,0.84539299999999995,954,90.832588999999999,9.2255000000000004E-2,0.99976900000000002,1154,89.673444000000003,-0.14535600000000001,0.221001,1682,90.471452999999997,6.6600000000000006E-2,0.72626199999999996,1494,91.252859000000001,1.396E-2,0.75053000000000003,1174,90.831580000000002,2.758E-3,0.96386300000000003,1079,92.218570999999997,3.3432999999999997E-2,0.93407899999999999,861,2020-21,654.7562068965517,413.2437931034483
2020-12-01T00:00:00Z,E12000008,South East,NA,91.523561,0.22140699999999999,1.002715,1070,92.687940999999995,0.20871400000000001,1.182215,742,92.082667999999998,0.209338,1.0262610000000001,956,91.055913000000004,0.245864,1.177265,1157,89.811329000000001,0.15376300000000001,0.40762100000000001,1685,90.646916000000004,0.19394400000000001,0.85277000000000003,1497,91.482387000000003,0.25152999999999998,0.89038499999999998,1177,91.039873999999998,0.229319,1.09436,1082,92.410324000000003,0.20793300000000001,1.044395,863,2020-21,654.7562068965517,415.2437931034483
2021-01-01T00:00:00Z,E12000008,South East,NA,91.69221,0.18426899999999999,1.0467839999999999,1072,92.917185000000003,0.24732899999999999,1.2667060000000001,744,92.327523999999997,0.26590999999999998,1.1118049999999999,959,91.317616999999998,0.28741,1.2711939999999999,1160,89.795665,-1.7440000000000001E-2,0.53495800000000004,1684,90.822531999999995,0.19373599999999999,0.98737399999999997,1500,91.654433999999995,0.18806600000000001,0.95262400000000003,1179,91.156029000000004,0.127586,1.047164,1083,92.62567,0.23303199999999999,1.128538,865,2020-21,654.7562068965517,417.2437931034483
2021-02-01T00:00:00Z,E12000008,South East,NA,91.765458,7.9883999999999997E-2,1.0518860000000001,1073,92.903336999999993,-1.4904000000000001E-2,1.1382159999999999,744,92.398342,7.6702999999999993E-2,1.139321,960,91.423916000000006,0.116406,1.2632650000000001,1161,90.109263999999996,0.34923599999999999,0.82888700000000004,1690,90.872589000000005,5.5114999999999997E-2,0.95694500000000005,1501,91.728143000000003,8.0420000000000005E-2,0.92571400000000004,1180,91.302105999999995,0.160249,1.1298569999999999,1085,92.637985,1.3296000000000001E-2,1.093831,865,2020-21,654.7562068965517,418.2437931034483
2021-03-01T00:00:00Z,E12000008,South East,NA,91.991639,0.246477,1.276513,1076,93.125446999999994,0.23907700000000001,1.2963880000000001,746,92.565684000000005,0.18110899999999999,1.279318,962,91.631043000000005,0.22655700000000001,1.478399,1164,90.515409000000005,0.45072499999999999,1.3653470000000001,1698,91.151041000000006,0.306421,1.302656,1506,91.973084999999998,0.26702999999999999,1.184593,1183,91.553865000000002,0.27574300000000002,1.382476,1088,92.804967000000005,0.180252,1.2183600000000001,867,2020-21,654.7562068965517,421.2437931034483
2021-04-01T00:00:00Z,E12000008,South East,NA,91.993714,2.2560000000000002E-3,1.215714,1076,93.070207999999994,-5.9317000000000002E-2,1.147937,745,92.556596999999996,-9.8169999999999993E-3,1.1643060000000001,961,91.640617000000006,1.0447E-2,1.4409320000000001,1164,90.604187999999994,9.8082000000000003E-2,1.456323,1700,91.161889000000002,1.1900000000000001E-2,1.220334,1506,91.951113000000007,-2.3890000000000002E-2,1.107227,1183,91.584721000000002,3.3702999999999997E-2,1.4015850000000001,1088,92.789366000000001,-1.6809999999999999E-2,1.099545,867,2021-22,654.7562068965517,421.2437931034483
2021-05-01T00:00:00Z,E12000008,South East,NA,92.212972,0.238341,1.2968839999999999,1078,93.194210999999996,0.13323599999999999,1.085075,746,92.721217999999993,0.17785999999999999,1.1682440000000001,963,91.907640000000001,0.291381,1.5111159999999999,1167,90.919985999999994,0.34854600000000002,1.716205,1706,91.471458999999996,0.33958300000000002,1.4293499999999999,1511,92.209074999999999,0.28054299999999999,1.2129639999999999,1186,91.808087999999998,0.243891,1.5039020000000001,1091,92.941659000000001,0.164127,1.0902559999999999,868,2021-22,654.7562068965517,423.2437931034483
2021-06-01T00:00:00Z,E12000008,South East,NA,92.488798,0.29911799999999999,1.501695,1081,93.427363999999997,0.25018000000000001,1.1905220000000001,748,92.970366999999996,0.268708,1.3529910000000001,966,92.226365000000001,0.34678799999999999,1.7890060000000001,1171,91.243756000000005,0.356105,1.9880169999999999,1712,91.848056,0.41171000000000002,1.7193419999999999,1517,92.488952999999995,0.30352499999999999,1.4516789999999999,1190,92.114868999999999,0.33415400000000001,1.7370159999999999,1095,93.140264000000002,0.21368799999999999,1.2109970000000001,870,2021-22,654.7562068965517,426.2437931034483
2021-07-01T00:00:00Z,E12000008,South East,NA,92.755884,0.28877599999999998,1.7473989999999999,1084,93.629812000000001,0.21668999999999999,1.3346659999999999,750,93.187653999999995,0.23371600000000001,1.5292140000000001,968,92.533085999999997,0.33257399999999998,2.0875149999999998,1175,91.607578000000004,0.39873700000000001,2.3565860000000001,1718,92.167429999999996,0.347719,2.0476100000000002,1522,92.761444999999995,0.294622,1.717819,1193,92.401668999999998,0.31135000000000002,1.997633,1098,93.361768999999995,0.237819,1.3944399999999999,872,2021-22,654.7562068965517,429.2437931034483
2021-08-01T00:00:00Z,E12000008,South East,NA,93.089795,0.359989,2.3413189999999999,1088,93.900893999999994,0.28952600000000001,1.8334109999999999,752,93.491895999999997,0.32648300000000002,2.0996950000000001,971,92.855338000000003,0.34825499999999998,2.6925119999999998,1179,92.082138,0.51803500000000002,3.0003139999999999,1727,92.458658999999997,0.31597900000000001,2.5684019999999999,1527,93.067014999999998,0.32941500000000001,2.343817,1197,92.783004000000005,0.41269299999999998,2.6164429999999999,1103,93.685210999999995,0.346439,1.977509,875,2021-22,654.7562068965517,433.2437931034483
2021-09-01T00:00:00Z,E12000008,South East,NA,93.305992,0.23224600000000001,2.3992170000000002,1091,93.934499000000002,3.5788E-2,1.7228699999999999,752,93.646287000000001,0.16513900000000001,2.1336010000000001,973,93.043985000000006,0.20316200000000001,2.7448570000000001,1182,92.694333999999998,0.66483599999999998,3.4030360000000002,1739,92.778170000000003,0.34557199999999999,2.8200970000000001,1533,93.258083999999997,0.20530200000000001,2.3786049999999999,1200,93.066903999999994,0.305983,2.6930130000000001,1106,93.804550000000006,0.127383,1.9470000000000001,876,2021-22,654.7562068965517,436.2437931034483
2021-10-01T00:00:00Z,E12000008,South East,NA,93.853681,0.586982,2.7981609999999999,1097,94.298072000000005,0.38704899999999998,1.9176070000000001,755,94.119345999999993,0.50515500000000002,2.471819,978,93.639015000000001,0.63951499999999994,3.184774,1189,93.474198000000001,0.84132899999999999,4.0869210000000002,1753,93.388222999999996,0.65753899999999998,3.2927149999999998,1543,93.872634000000005,0.65897799999999995,2.8852570000000002,1208,93.669899000000001,0.64791500000000002,3.127659,1113,94.231121000000002,0.45474399999999998,2.2165319999999999,880,2021-22,654.7562068965517,442.2437931034483
2021-11-01T00:00:00Z,E12000008,South East,NA,94.154951,0.32100000000000001,3.1028690000000001,1101,94.501249999999999,0.21546399999999999,2.1691560000000001,757,94.414281000000003,0.313363,2.7467259999999998,981,93.988431000000006,0.37315300000000001,3.4743499999999998,1194,93.835883999999993,0.38693699999999998,4.641775,1760,93.715889000000004,0.35086400000000001,3.586144,1548,94.159653000000006,0.30575400000000003,3.1854290000000001,1211,94.010728999999998,0.36386299999999999,3.5000469999999999,1117,94.490609000000006,0.27537400000000001,2.4637530000000001,883,2021-22,654.7562068965517,446.2437931034483
2021-12-01T00:00:00Z,E12000008,South East,NA,94.528246,0.39646900000000002,3.2829640000000002,1105,94.782011999999995,0.29709799999999997,2.2592699999999999,759,94.732168000000001,0.33669300000000002,2.8773059999999999,984,94.436110999999997,0.47631400000000002,3.7122220000000001,1199,94.404071999999999,0.60551200000000005,5.1137689999999996,1771,94.238913999999994,0.55809600000000004,3.9626250000000001,1557,94.564107000000007,0.42953999999999998,3.368649,1217,94.404805999999994,0.41918299999999997,3.696107,1122,94.758829000000006,0.28385899999999997,2.541388,885,2021-22,654.7562068965517,450.2437931034483
2022-01-01T00:00:00Z,E12000008,South East,NA,94.917057,0.41131699999999999,3.5170349999999999,1110,95.125011000000001,0.36188199999999998,2.3761220000000001,762,95.165564000000003,0.45749699999999999,3.0738829999999999,989,94.912251999999995,0.504193,3.9364080000000001,1206,94.711726999999996,0.32589200000000002,5.4747209999999997,1777,94.745157000000006,0.53719099999999997,4.319,1565,94.972506999999993,0.43187599999999998,3.6201989999999999,1222,94.789523000000003,0.40751799999999999,3.9860159999999998,1126,95.087970999999996,0.34734700000000002,2.6583350000000001,888,2021-22,654.7562068965517,455.2437931034483
2022-02-01T00:00:00Z,E12000008,South East,NA,95.313079,0.41722999999999999,3.8659659999999998,1114,95.435989000000006,0.32691500000000001,2.7261160000000002,764,95.535325999999998,0.388546,3.3950659999999999,992,95.318459000000004,0.42798199999999997,4.2598729999999998,1211,95.222937000000002,0.53975300000000004,5.6749689999999999,1786,95.113412999999994,0.388681,4.6667810000000003,1571,95.371592000000007,0.420211,3.9720080000000002,1227,95.228837999999996,0.46346399999999999,4.3008129999999998,1132,95.451999999999998,0.38283499999999998,3.0376470000000002,892,2021-22,654.7562068965517,459.2437931034483
2022-03-01T00:00:00Z,E12000008,South East,NA,95.65044,0.35394999999999999,3.9773200000000002,1118,95.735984999999999,0.31434299999999998,2.8032490000000001,766,95.854512,0.33410200000000001,3.5529670000000002,996,95.672037000000003,0.370944,4.4100700000000002,1215,95.603751000000003,0.39991900000000002,5.6215200000000003,1793,95.548051999999998,0.45696799999999999,4.8238729999999999,1578,95.675155000000004,0.31829600000000002,4.0251669999999997,1231,95.562201999999999,0.35006599999999999,4.3781189999999999,1136,95.769317000000001,0.33243600000000001,3.1941709999999999,895,2021-22,654.7562068965517,463.2437931034483
2022-04-01T00:00:00Z,E12000008,South East,NA,96.104956,0.475184,4.4690469999999998,1124,96.221677999999997,0.50732500000000003,3.3861210000000002,770,96.298025999999993,0.46269500000000002,4.0423150000000003,1000,96.132489000000007,0.48128199999999999,4.9016169999999999,1221,95.885251999999994,0.29444599999999999,5.8287190000000004,1799,96.019035000000002,0.49292799999999998,5.3280450000000004,1586,96.068955000000003,0.41160099999999999,4.4782950000000001,1236,96.031512000000006,0.49110399999999998,4.8553850000000001,1141,96.237920000000003,0.48930400000000002,3.716539,899,2022-23,654.7562068965517,469.2437931034483
2022-05-01T00:00:00Z,E12000008,South East,NA,96.311344,0.214753,4.4444629999999998,1126,96.432229000000007,0.21881900000000001,3.4744839999999999,772,96.471181000000001,0.179812,4.0443429999999996,1002,96.319092999999995,0.19411100000000001,4.7998760000000003,1223,96.247232999999994,0.37751400000000002,5.8592700000000004,1805,96.266169000000005,0.25738100000000003,5.2417559999999996,1590,96.270910000000001,0.21021899999999999,4.4050279999999997,1239,96.215909999999994,0.19201799999999999,4.801126,1143,96.450185000000005,0.22056300000000001,3.7749769999999998,901,2022-23,654.7562068965517,471.2437931034483
2022-06-01T00:00:00Z,E12000008,South East,NA,96.792923,0.500023,4.6536710000000001,1132,96.931787999999997,0.51804099999999997,3.7509610000000002,776,96.963363000000001,0.510185,4.2949130000000002,1007,96.786703000000003,0.48548000000000002,4.9447229999999998,1229,96.738806999999994,0.51074200000000003,6.022386,1815,96.794912999999994,0.54925199999999996,5.3859139999999996,1599,96.736417000000003,0.48353800000000002,4.5924019999999999,1245,96.685751999999994,0.48831999999999998,4.9621550000000001,1149,96.931538000000003,0.49906800000000001,4.0704989999999999,905,2022-23,654.7562068965517,477.2437931034483
2022-07-01T00:00:00Z,E12000008,South East,NA,97.281437,0.50470000000000004,4.8789939999999996,1137,97.452923999999996,0.537632,4.0832220000000001,780,97.458440999999993,0.51058199999999998,4.5829959999999996,1012,97.252860999999996,0.48163400000000001,5.1006340000000003,1235,97.238889,0.51693999999999996,6.1472110000000004,1824,97.336896999999993,0.55993000000000004,5.6087790000000002,1608,97.171538999999996,0.44980199999999998,4.754232,1250,97.183245999999997,0.51454800000000001,5.1747740000000002,1155,97.418734000000001,0.50261900000000004,4.3454240000000004,910,2022-23,654.7562068965517,482.2437931034483
2022-08-01T00:00:00Z,E12000008,South East,NA,97.642889,0.37155199999999999,4.8910770000000001,1142,97.793492999999998,0.34946899999999997,4.1454329999999997,783,97.797110000000004,0.347501,4.6049059999999997,1016,97.596591000000004,0.35343999999999998,5.1060650000000001,1240,97.583618000000001,0.35451700000000003,5.9745359999999996,1831,97.574195000000003,0.24379100000000001,5.5327820000000001,1612,97.576758999999996,0.41701500000000002,4.8456950000000001,1255,97.599108999999999,0.42791600000000002,5.1907189999999996,1160,97.756685000000004,0.34690599999999999,4.3459089999999998,913,2022-23,654.7562068965517,487.2437931034483
2022-09-01T00:00:00Z,E12000008,South East,NA,98.02036,0.38658300000000001,5.0525890000000002,1146,98.220796000000007,0.43694499999999997,4.5630699999999997,786,98.117031999999995,0.32712799999999997,4.7740749999999998,1019,97.946252999999999,0.35827300000000001,5.2687650000000001,1244,98.029781,0.45721000000000001,5.7559579999999997,1839,97.852500000000006,0.28522399999999998,5.4693139999999998,1616,97.917016000000004,0.34870699999999999,4.9957409999999998,1260,98.003198999999995,0.41403000000000001,5.3040279999999997,1165,98.175015999999999,0.42792999999999998,4.6591189999999996,917,2022-23,654.7562068965517,491.2437931034483
2022-10-01T00:00:00Z,E12000008,South East,NA,98.441319,0.42946099999999998,4.8880749999999997,1151,98.545764000000005,0.33085399999999998,4.504537,789,98.476350999999994,0.36621399999999998,4.6292330000000002,1023,98.405664000000002,0.46904299999999999,5.090452,1250,98.549487999999997,0.53015199999999996,5.4296150000000001,1849,98.344534999999993,0.502834,5.307213,1624,98.322250999999994,0.41385499999999997,4.7400570000000002,1265,98.470439999999996,0.47676099999999999,5.1249549999999999,1170,98.527387000000004,0.35892099999999999,4.5592860000000002,920,2022-23,654.7562068965517,496.2437931034483
2022-11-01T00:00:00Z,E12000008,South East,NA,98.97014,0.53719399999999995,5.1141110000000003,1157,99.022306999999998,0.48357499999999998,4.7841230000000001,793,98.998699999999999,0.53043099999999999,4.8556419999999996,1028,98.962429,0.56578499999999998,5.2921379999999996,1257,99.015338999999997,0.47270800000000002,5.5196949999999996,1857,98.866444000000001,0.530694,5.4959249999999997,1633,98.889008000000004,0.57642800000000005,5.022697,1272,99.029912999999993,0.56816299999999997,5.3389480000000002,1177,99.006468999999996,0.48624200000000001,4.7791620000000004,925,2022-23,654.7562068965517,502.2437931034483
2022-12-01T00:00:00Z,E12000008,South East,NA,99.514264,0.549786,5.2746320000000004,1163,99.556481000000005,0.53944800000000004,5.0373150000000004,797,99.535870000000003,0.54260399999999998,5.0708260000000003,1034,99.490240999999997,0.53334599999999999,5.3519040000000002,1264,99.489001000000002,0.47837200000000002,5.3863450000000004,1866,99.463864999999998,0.60426999999999997,5.5443660000000001,1643,99.479011,0.59663100000000002,5.1974299999999998,1280,99.505219999999994,0.47996299999999997,5.4027050000000001,1182,99.567059,0.56621600000000005,5.0741769999999997,930,2022-23,654.7562068965517,508.2437931034483
2023-01-01T00:00:00Z,E12000008,South East,NA,100,0.48810700000000001,5.3551419999999998,1169,100,0.44549499999999997,5.1248230000000001,801,100,0.46629399999999999,5.0800270000000003,1039,100,0.51237100000000002,5.3604760000000002,1270,100,0.51362399999999997,5.5835460000000001,1876,100,0.53902499999999998,5.5462920000000002,1652,100,0.52371800000000002,5.2936300000000003,1287,100,0.49724099999999999,5.4968909999999997,1188,100,0.43482300000000002,5.1657739999999999,934,2022-23,654.7562068965517,514.2437931034483
2023-02-01T00:00:00Z,E12000008,South East,NA,100.627803,0.627803,5.5760699999999996,1177,100.63258999999999,0.63258999999999999,5.4451159999999996,806,100.622045,0.62204499999999996,5.3244369999999996,1045,100.548591,0.54859100000000005,5.4870089999999996,1277,100.500241,0.50024100000000005,5.542052,1885,100.555004,0.55500400000000005,5.7211600000000002,1661,100.597545,0.59754499999999999,5.4795699999999998,1294,100.64097599999999,0.64097599999999999,5.6832969999999996,1196,100.664886,0.66488599999999998,5.4612629999999998,940,2022-23,654.7562068965517,522.2437931034483
2023-03-01T00:00:00Z,E12000008,South East,NA,101.170157,0.53896999999999995,5.7707179999999996,1183,101.162702,0.52678000000000003,5.6684190000000001,810,101.095935,0.47095999999999999,5.468102,1050,101.043009,0.49171999999999999,5.6139409999999996,1283,101.090811,0.58763100000000001,5.7393770000000002,1896,101.097364,0.53936700000000004,5.8078760000000003,1670,101.196307,0.59520600000000001,5.7707269999999999,1302,101.133341,0.489228,5.8298560000000004,1202,101.22279399999999,0.55422400000000005,5.6943890000000001,945,2022-23,654.7562068965517,528.2437931034483
2023-04-01T00:00:00Z,E12000008,South East,NA,101.758947,0.58198000000000005,5.8831420000000003,1190,101.697524,0.52867500000000001,5.6908659999999998,814,101.739807,0.63689200000000001,5.6509780000000003,1057,101.61032400000001,0.56145900000000004,5.6982140000000001,1291,101.579018,0.48293900000000001,5.938104,1905,101.708089,0.60409599999999997,5.9249229999999997,1680,101.79127099999999,0.58792999999999995,5.9564680000000001,1310,101.70491199999999,0.56516599999999995,5.9078520000000001,1209,101.815006,0.58505799999999997,5.7951030000000001,951,2023-24,654.7562068965517,535.2437931034483
2023-05-01T00:00:00Z,E12000008,South East,NA,102.294237,0.52603699999999998,6.2120340000000001,1196,102.325362,0.61735799999999996,6.1111659999999999,819,102.321234,0.57148399999999999,6.0640409999999996,1063,102.173472,0.55422400000000005,6.0781090000000004,1298,101.969556,0.384467,5.9454419999999999,1913,102.12917299999999,0.41401199999999999,6.0904090000000002,1687,102.399074,0.59710700000000005,6.3655410000000003,1317,102.183404,0.47047099999999997,6.2021899999999999,1214,102.413521,0.58784499999999995,6.1828139999999996,957,2023-24,654.7562068965517,541.2437931034483
2023-06-01T00:00:00Z,E12000008,South East,NA,102.976049,0.66652,6.387994,1204,102.980116,0.63987400000000005,6.2397780000000003,824,102.95489499999999,0.619286,6.1791710000000002,1069,102.836324,0.64875099999999997,6.2504670000000004,1306,102.710401,0.72653500000000004,6.1729029999999998,1927,102.78633499999999,0.64346199999999998,6.1898099999999996,1698,103.159949,0.74304899999999996,6.6402419999999998,1327,102.816164,0.61924000000000001,6.340554,1222,103.107617,0.67773799999999995,6.3715890000000002,963,2023-24,654.7562068965517,549.2437931034483
2023-07-01T00:00:00Z,E12000008,South East,NA,103.824355,0.82378899999999999,6.7257610000000003,1214,103.80077799999999,0.79691299999999998,6.5137640000000001,831,103.79928700000001,0.82015700000000002,6.5062059999999997,1078,103.69920500000001,0.83908199999999999,6.6284369999999999,1317,103.620622,0.88620200000000005,6.5629429999999997,1944,103.73244200000001,0.92045999999999994,6.5705249999999999,1713,103.99727300000001,0.81167500000000004,7.0244169999999997,1338,103.62907800000001,0.79064699999999999,6.632657,1231,103.95350500000001,0.82039300000000004,6.7079199999999997,971,2023-24,654.7562068965517,559.2437931034483
2023-08-01T00:00:00Z,E12000008,South East,NA,104.472121,0.62390500000000004,6.9940899999999999,1221,104.542597,0.71465699999999999,6.9013840000000002,837,104.40544,0.58396599999999999,6.7571830000000004,1084,104.34448399999999,0.62226000000000004,6.914066,1325,104.196603,0.55585600000000002,6.7767369999999998,1955,104.329351,0.57543200000000005,6.9230970000000003,1723,104.663253,0.64038300000000004,7.2624820000000003,1347,104.290963,0.638706,6.8564699999999998,1239,104.599374,0.62130600000000002,6.999714,977,2023-24,654.7562068965517,566.2437931034483
2023-09-01T00:00:00Z,E12000008,South East,NA,105.088359,0.58985900000000002,7.2107460000000003,1229,105.19965999999999,0.62851199999999996,7.1052809999999997,842,105.00632400000001,0.57552899999999996,7.0215040000000002,1091,104.950204,0.58050000000000002,7.1508099999999999,1333,104.836005,0.61365000000000003,6.9430170000000002,1967,104.984032,0.62751400000000002,7.288043,1734,105.268761,0.57852999999999999,7.5081389999999999,1354,104.88498,0.569577,7.0219959999999997,1246,105.226488,0.59953900000000004,7.1825530000000004,983,2023-24,654.7562068965517,574.2437931034483
2023-10-01T00:00:00Z,E12000008,South East,NA,105.682177,0.56506500000000004,7.3555070000000002,1236,105.805144,0.57555699999999999,7.3665070000000004,847,105.59384799999999,0.55951300000000004,7.2276210000000001,1097,105.502567,0.52630999999999994,7.2118849999999997,1340,105.447051,0.58285799999999999,6.9990860000000001,1978,105.60930399999999,0.59558699999999998,7.3870579999999997,1744,105.858301,0.56003199999999997,7.6646429999999999,1362,105.42994400000001,0.51958300000000002,7.0676069999999998,1253,105.856368,0.59859499999999999,7.4385219999999999,989,2023-24,654.7562068965517,581.2437931034483
2023-11-01T00:00:00Z,E12000008,South East,NA,106.464721,0.74046900000000004,7.5725680000000004,1245,106.633563,0.78296600000000005,7.6864049999999997,854,106.463047,0.82315400000000005,7.5398440000000004,1106,106.27404300000001,0.73123800000000005,7.3882719999999997,1350,105.960885,0.48729099999999997,7.0146160000000002,1988,106.32025,0.67318500000000003,7.5392669999999997,1756,106.57015199999999,0.67245699999999997,7.7674399999999997,1371,106.19822499999999,0.72871200000000003,7.2385320000000002,1262,106.72577800000001,0.82131100000000001,7.7967719999999998,997,2023-24,654.7562068965517,590.2437931034483
2023-12-01T00:00:00Z,E12000008,South East,NA,107.21868,0.70817699999999995,7.7420220000000004,1254,107.48256499999999,0.79618699999999998,7.9613950000000004,861,107.239008,0.728854,7.7390569999999999,1114,107.07763199999999,0.75614800000000004,7.6262670000000004,1360,106.512275,0.52037100000000003,7.0593469999999998,1998,107.027486,0.66519399999999995,7.6043909999999997,1768,107.334402,0.71713400000000005,7.8965319999999997,1381,106.93648,0.69516800000000001,7.4682120000000003,1271,107.509621,0.73444600000000004,7.9770979999999998,1004,2023-24,654.7562068965517,599.2437931034483
2024-01-01T00:00:00Z,E12000008,South East,NA,108.077397,0.800902,8.0773969999999995,1264,108.46185800000001,0.91111799999999998,8.4618579999999994,868,108.044085,0.75073100000000004,8.0440850000000008,1122,107.924953,0.79131499999999999,7.9249530000000004,1371,107.376913,0.81177299999999997,7.3769130000000001,2014,107.97195000000001,0.88244999999999996,7.9719499999999996,1784,108.250039,0.85306899999999997,8.2500389999999992,1393,107.719347,0.73208600000000001,7.719347,1280,108.37081999999999,0.80104399999999998,8.3708200000000001,1012,2023-24,654.7562068965517,609.2437931034483
2024-02-01T00:00:00Z,E12000008,South East,NA,108.755396,0.62732699999999997,8.076886,1272,109.133115,0.61888799999999999,8.4470890000000001,874,108.737499,0.64178800000000003,8.0652849999999994,1129,108.65028,0.67206600000000005,8.0574860000000008,1380,107.94161,0.52590199999999998,7.4043289999999997,2025,108.60147499999999,0.58304500000000004,8.0020589999999991,1794,108.96270800000001,0.65835399999999999,8.315474,1402,108.440414,0.66939499999999996,7.7497639999999999,1289,109.007002,0.58704100000000004,8.2870170000000005,1018,2023-24,654.7562068965517,617.2437931034483
2024-03-01T00:00:00Z,E12000008,South East,NA,109.351704,0.54830199999999996,8.0869169999999997,1279,109.76943,0.583063,8.5078069999999997,879,109.358698,0.57128299999999999,8.17319,1136,109.249538,0.55154800000000004,8.1218179999999993,1388,108.377121,0.40346900000000002,7.207687,2033,109.16856900000001,0.52217899999999995,7.9835950000000002,1803,109.62680400000001,0.60947200000000001,8.3308350000000004,1410,108.98162499999999,0.49908599999999997,7.7603330000000001,1295,109.63018599999999,0.57169199999999998,8.305828,1024,2023-24,654.7562068965517,624.2437931034483
2024-04-01T00:00:00Z,E12000008,South East,NA,109.871153,0.475026,7.9719819999999997,1285,110.43745699999999,0.60857300000000003,8.5940469999999998,884,109.90447399999999,0.49907000000000001,8.0250470000000007,1142,109.72518700000001,0.43537799999999999,7.9862580000000003,1394,108.67609899999999,0.27586899999999998,6.986758,2039,109.610981,0.40525600000000001,7.7701710000000004,1811,110.149447,0.47674699999999998,8.211093,1417,109.46600100000001,0.44445699999999999,7.6309880000000003,1301,110.215509,0.53390700000000002,8.2507509999999993,1029,2024-25,756.3997701149425,528.6002298850575
2024-05-01T00:00:00Z,E12000008,South East,NA,110.475875,0.55039199999999999,7.9981410000000004,1292,111.04684399999999,0.55179400000000001,8.5232849999999996,889,110.523408,0.56315599999999999,8.0161020000000001,1148,110.315646,0.53812599999999999,7.9689709999999998,1401,109.285579,0.56082299999999996,7.1747129999999997,2050,110.20772599999999,0.54442000000000002,7.9101330000000001,1820,110.717394,0.51561599999999996,8.1234330000000003,1424,110.09939,0.57861700000000005,7.7468409999999999,1308,110.817126,0.54585600000000001,8.2055620000000005,1035,2024-25,756.3997701149425,535.6002298850575
2024-06-01T00:00:00Z,E12000008,South East,NA,111.289569,0.73653599999999997,8.0732560000000007,1301,112.04308,0.89713100000000001,8.800694,897,111.38717800000001,0.78152600000000005,8.1902690000000007,1157,111.12627500000001,0.73482599999999998,8.0613069999999993,1411,109.73566700000001,0.41184599999999999,6.8398789999999998,2058,110.893218,0.622,7.8871209999999996,1832,111.564977,0.76553700000000002,8.1475679999999997,1435,110.824521,0.65861499999999995,7.7890059999999997,1317,111.753317,0.84480699999999997,8.3851230000000001,1044,2024-25,756.3997701149425,544.6002298850575
2024-07-01T00:00:00Z,E12000008,South East,NA,111.787977,0.447847,7.6702830000000004,1307,112.591121,0.48913400000000001,8.4684760000000008,901,111.85033300000001,0.41580699999999998,7.7563599999999999,1162,111.650125,0.47140100000000001,7.6672909999999996,1418,110.007856,0.24804000000000001,6.1640569999999997,2064,111.375568,0.43496800000000002,7.3681159999999997,1840,112.118506,0.49614900000000001,7.8090830000000002,1442,111.30612499999999,0.43456400000000001,7.4081979999999996,1323,112.242728,0.43793799999999999,7.9739719999999998,1048,2024-25,756.3997701149425,550.6002298850575
2024-08-01T00:00:00Z,E12000008,South East,NA,112.359128,0.51092300000000002,7.5493889999999997,1314,113.280405,0.61219999999999997,8.3581319999999995,907,112.44516400000001,0.53180899999999998,7.7004830000000002,1168,112.219831,0.51026000000000005,7.5474500000000004,1425,110.40912400000001,0.364763,5.9623059999999999,2071,111.837169,0.41445399999999999,7.1962659999999996,1847,112.666563,0.48881999999999998,7.6467239999999999,1450,111.912199,0.54451099999999997,7.3076670000000004,1330,112.840461,0.53253600000000001,7.8787159999999998,1054,2024-25,756.3997701149425,557.6002298850575
2024-09-01T00:00:00Z,E12000008,South East,NA,113.264964,0.80619700000000005,7.7806949999999997,1324,114.246218,0.85258599999999996,8.5994170000000008,915,113.33896799999999,0.79488000000000003,7.9353740000000004,1177,113.160044,0.83783099999999999,7.8226060000000004,1437,111.073196,0.60146500000000003,5.9494740000000004,2084,112.745272,0.81198700000000001,7.3927810000000003,1862,113.558206,0.79139999999999999,7.8745529999999997,1461,112.8351,0.82466600000000001,7.579847,1341,113.736874,0.79440699999999997,8.0876839999999994,1062,2024-25,756.3997701149425,567.6002298850575
2024-10-01T00:00:00Z,E12000008,South East,NA,114.186478,0.81359099999999995,8.047053,1335,115.187037,0.82350100000000004,8.8671419999999994,922,114.278706,0.82913999999999999,8.2247769999999996,1187,114.04339,0.78061599999999998,8.0953689999999998,1449,112.026802,0.85853800000000002,6.2398629999999997,2101,113.647611,0.80033399999999999,7.6113629999999999,1877,114.52449,0.85091499999999998,8.1865950000000005,1473,113.729879,0.79299699999999995,7.872465,1351,114.666584,0.81742199999999998,8.3228019999999994,1071,2024-25,756.3997701149425,578.6002298850575
2024-11-01T00:00:00Z,E12000008,South East,NA,115.041124,0.74846500000000005,8.0556289999999997,1345,116.100533,0.79305499999999995,8.8780400000000004,930,115.094634,0.71398099999999998,8.1075900000000001,1196,114.977904,0.81943699999999997,8.190016,1460,112.913674,0.79166099999999995,6.5616570000000003,2118,114.533387,0.77940600000000004,7.7249040000000004,1892,115.377526,0.74485000000000001,8.2643909999999998,1484,114.599372,0.76452500000000001,7.9108169999999998,1362,115.494112,0.72168100000000002,8.2157599999999995,1079,2024-25,756.3997701149425,588.6002298850575
2024-12-01T00:00:00Z,E12000008,South East,NA,115.532662,0.42727199999999999,7.7542289999999996,1351,116.71535,0.52955600000000003,8.5900309999999998,934,115.67596,0.50508500000000001,7.8674289999999996,1202,115.442111,0.40373599999999998,7.8116019999999997,1466,113.32046,0.360263,6.3919259999999998,2126,114.92939800000001,0.34576000000000001,7.3830679999999997,1898,115.781757,0.35035500000000003,7.8701280000000002,1490,115.092358,0.43018200000000001,7.626843,1368,116.07687799999999,0.50458599999999998,7.9688290000000004,1084,2024-25,756.3997701149425,594.6002298850575
2025-01-01T00:00:00Z,E12000008,South East,NA,116.011154,0.41416199999999997,7.3408100000000003,1356,117.220467,0.43277599999999999,8.0752889999999997,938,116.183099,0.438413,7.5330490000000001,1207,115.909144,0.404561,7.3979100000000004,1472,113.748031,0.37731100000000001,5.9334160000000002,2134,115.44271500000001,0.44663700000000001,6.9191719999999997,1907,116.299211,0.44692199999999999,7.4357220000000002,1496,115.535264,0.38482699999999997,7.2558160000000003,1373,116.552364,0.40962999999999999,7.549582,1089,2024-25,756.3997701149425,599.6002298850575
2025-02-01T00:00:00Z,E12000008,South East,NA,116.517519,0.43647999999999998,7.1372299999999997,1362,117.77414400000001,0.47233900000000001,7.9178800000000003,943,116.764612,0.50051400000000001,7.3821019999999997,1213,116.408485,0.43080400000000002,7.1405289999999999,1479,114.096886,0.30669099999999999,5.702413,2140,115.78905,0.30000599999999999,6.618303,1913,116.8087,0.438085,7.2006220000000001,1503,116.02654200000001,0.42521900000000001,6.9956639999999997,1379,117.124798,0.49113899999999999,7.4470409999999996,1094,2024-25,756.3997701149425,605.6002298850575
2025-03-01T00:00:00Z,E12000008,South East,NA,116.998109,0.41246100000000002,6.9924879999999998,1368,118.36286699999999,0.49987399999999999,7.8286249999999997,948,117.245817,0.41211500000000001,7.2121550000000001,1218,116.88609,0.41028399999999998,6.9900089999999997,1485,114.436193,0.29738500000000001,5.5907299999999998,2147,116.153446,0.31470700000000001,6.39825,1919,117.251976,0.37948799999999999,6.9555720000000001,1509,116.523152,0.42801400000000001,6.9199989999999998,1385,117.654411,0.45217800000000002,7.3193570000000001,1099,2024-25,756.3997701149425,611.6002298850575
2025-04-01T00:00:00Z,E12000008,South East,NA,117.427023,0.36659999999999998,6.8770290000000003,1373,118.909583,0.461899,7.6714250000000002,952,117.73350600000001,0.41595399999999999,7.1234869999999999,1223,117.28277300000001,0.33937499999999998,6.8877410000000001,1490,114.69089,0.22256699999999999,5.5346029999999997,2151,116.42419599999999,0.233097,6.215814,1923,117.6207,0.31447199999999997,6.7828330000000001,1513,116.968689,0.382359,6.853898,1390,118.159679,0.42945100000000003,7.2078509999999998,1104,2025-26,756.3997701149425,616.6002298850575
2025-05-01T00:00:00Z,E12000008,South East,NA,117.806952,0.323544,6.6359079999999997,1377,119.37573999999999,0.39202599999999999,7.5003440000000001,956,118.22206300000001,0.41496899999999998,6.9656330000000004,1228,117.65910700000001,0.32087700000000002,6.656771,1494,114.82244900000001,0.114708,5.0664230000000003,2154,116.70962400000001,0.24516199999999999,5.8996760000000004,1928,117.984065,0.30892999999999998,6.5632599999999996,1518,117.31779899999999,0.29846400000000001,6.5562659999999999,1394,118.60778000000001,0.37923400000000002,7.030189,1108,2025-26,756.3997701149425,620.6002298850575
2025-06-01T00:00:00Z,E12000008,South East,NA,118.365443,0.47407300000000002,6.3580750000000004,1384,120.151225,0.649617,7.236631,962,118.842023,0.52440299999999995,6.6927320000000003,1234,118.18425999999999,0.44633499999999998,6.3513200000000003,1501,115.13676,0.27373599999999998,4.9219119999999998,2160,117.115155,0.34747,5.6107469999999999,1935,118.428888,0.37702000000000002,6.1523890000000003,1524,117.87369,0.47383399999999998,6.3606579999999999,1401,119.28851299999999,0.573936,6.7427039999999998,1114,2025-26,756.3997701149425,627.6002298850575
2025-07-01T00:00:00Z,E12000008,South East,NA,117.945089,-0.355132,5.5078480000000001,1379,119.903155,-0.20646500000000001,6.4943249999999999,960,118.45702,-0.32396200000000003,5.90672,1230,117.68678800000001,-0.420929,5.4067679999999996,1495,114.462018,-0.58603499999999997,4.0489490000000004,2147,116.477604,-0.54437999999999998,4.5809290000000003,1924,117.921194,-0.42869099999999999,5.1754959999999999,1517,117.394612,-0.40643299999999999,5.4700379999999997,1395,119.042511,-0.20622399999999999,6.0581060000000004,1112,2025-26,756.3997701149425,622.6002298850575
2025-08-01T00:00:00Z,E12000008,South East,NA,118.405712,0.39054,5.3814799999999998,1384,120.294167,0.32610699999999998,6.1915050000000003,963,118.905795,0.37885099999999999,5.745584,1235,118.13593299999999,0.38164399999999998,5.2718860000000003,1501,114.951699,0.427811,4.114312,2156,116.81302700000001,0.28797299999999998,4.4491990000000001,1930,118.39408299999999,0.40102100000000002,5.083602,1523,117.946662,0.470252,5.3921409999999996,1402,119.463285,0.35346499999999997,5.869192,1116,2025-26,756.3997701149425,627.6002298850575
2025-09-01T00:00:00Z,E12000008,South East,NA,118.856597,0.38079600000000002,4.9367720000000004,1390,120.796238,0.41736899999999999,5.7332489999999998,967,119.322315,0.35029399999999999,5.2791620000000004,1239,118.620273,0.40998499999999999,4.8252269999999999,1507,115.41618699999999,0.40407300000000002,3.9100259999999998,2165,117.257096,0.38015300000000002,4.0017849999999999,1937,118.87227900000001,0.40390199999999998,4.679602,1529,118.438625,0.41710599999999998,4.9661179999999998,1407,119.866713,0.3377,5.3894909999999996,1120,2025-26,756.3997701149425,633.6002298850575
2025-10-01T00:00:00Z,E12000008,South East,NA,119.172946,0.26616000000000001,4.3669510000000002,1393,121.081902,0.236484,5.1176469999999998,969,119.63340599999999,0.26071499999999997,4.6856499999999999,1243,119.022367,0.338976,4.3658619999999999,1512,115.648273,0.20108599999999999,3.2326820000000001,2169,117.561599,0.259689,3.4439690000000001,1942,119.225859,0.29744500000000001,4.1051209999999996,1534,118.81003,0.313585,4.4668570000000001,1412,120.119715,0.21107000000000001,4.7556409999999998,1122,2025-26,756.3997701149425,636.6002298850575
2025-11-01T00:00:00Z,E12000008,South East,NA,119.691804,0.43538300000000002,4.042624,1399,121.5727,0.40534399999999998,4.7133010000000004,973,120.138814,0.42246400000000001,4.3826369999999999,1248,119.55941300000001,0.451214,3.9846870000000001,1519,116.440594,0.68511299999999997,3.1235539999999999,2184,118.22597,0.56512600000000002,3.2240229999999999,1953,119.803586,0.48456500000000002,3.8361540000000001,1541,119.321023,0.430093,4.1201369999999997,1418,120.561044,0.36740800000000001,4.3871779999999996,1126,2025-26,756.3997701149425,642.6002298850575
2025-12-01T00:00:00Z,E12000008,South East,NA,119.930749,0.199633,3.806791,1402,121.861788,0.23779,4.4093920000000004,976,120.349174,0.175098,4.0399180000000001,1250,119.873965,0.26309300000000002,3.8390270000000002,1523,116.468666,2.4108000000000001E-2,2.7781440000000002,2185,118.411646,0.157052,3.0299019999999999,1956,120.052053,0.207396,3.6882290000000002,1545,119.647845,0.27390100000000001,3.9581140000000001,1422,120.739828,0.14829300000000001,4.0171219999999996,1128,2025-26,756.3997701149425,645.6002298850575
2026-01-01T00:00:00Z,E12000008,South East,NA,120.178134,0.20627300000000001,3.5918779999999999,1405,122.224861,0.29793900000000001,4.2692160000000001,979,120.68403499999999,0.27824100000000002,3.8740019999999999,1254,120.051839,0.14838499999999999,3.5740880000000002,1525,116.633629,0.14163700000000001,2.5368330000000001,2188,118.49905,7.3814000000000005E-2,2.647491,1957,120.300742,0.207151,3.4407199999999998,1548,119.908781,0.218087,3.7854390000000002,1425,121.03026199999999,0.24054500000000001,3.8419620000000001,1130,2025-26,756.3997701149425,648.6002298850575
2026-02-01T00:00:00Z,E12000008,South East,NA,120.489282,0.25890600000000003,3.4087260000000001,1409,122.556156,0.27105400000000002,4.0603239999999996,981,121.027984,0.28499999999999998,3.6512540000000002,1257,120.405086,0.29424499999999998,3.4332549999999999,1529,116.859358,0.19353699999999999,2.421163,2192,118.786984,0.24298400000000001,2.5891350000000002,1962,120.65550399999999,0.29489599999999999,3.2932510000000002,1552,120.214995,0.25537199999999999,3.6099100000000002,1429,121.330203,0.24782299999999999,3.5905330000000002,1133,2025-26,756.3997701149425,652.6002298850575
2026-03-01T00:00:00Z,E12000008,South East,NA,120.704028,0.178228,3.167503,1411,122.761573,0.16761000000000001,3.7162890000000002,983,121.27892799999999,0.207343,3.4398759999999999,1260,120.67106200000001,0.22090199999999999,3.2381720000000001,1533,116.850061,-7.9550000000000003E-3,2.1093579999999998,2192,118.95730500000001,0.14338300000000001,2.413926,1965,120.882471,0.188111,3.0963189999999998,1555,120.432591,0.181005,3.3550749999999998,1431,121.551079,0.18204600000000001,3.3119610000000002,1135,2025-26,756.3997701149425,654.6002298850575
2026-04-01T00:00:00Z,E12000008,South East,NA,120.950439,0.20414499999999999,3.000515,1414,123.007166,0.20005700000000001,3.4459650000000002,985,121.524979,0.20288100000000001,3.220386,1262,120.97148300000001,0.24895900000000001,3.145143,1537,117.08035,0.19708100000000001,2.0833919999999999,2196,119.171784,0.18029899999999999,2.3599800000000002,1969,121.108367,0.18687200000000001,2.9651809999999998,1558,120.70517100000001,0.22633400000000001,3.194429,1434,121.796954,0.20228099999999999,3.078271,1138,2026-27,NA,NA
2015-01-01T00:00:00Z,E12000009,South West,NA,76.002054,NA,NA,778,76.681276999999994,NA,NA,513,77.410561999999999,NA,NA,674,76.010306999999997,NA,NA,808,75.222333000000006,NA,NA,1195,76.267269999999996,NA,NA,1017,75.739705000000001,NA,NA,842,75.411513999999997,NA,NA,791,76.858829999999998,NA,NA,614,2014-15,NA,NA
2015-02-01T00:00:00Z,E12000009,South West,NA,76.12227,0.15817600000000001,NA,779,76.867743000000004,0.24317,NA,515,77.561628999999996,0.19515099999999999,NA,675,76.201491000000004,0.25152400000000003,NA,810,75.276707999999999,7.2286000000000003E-2,NA,1196,76.376005000000006,0.142571,NA,1019,75.865195999999997,0.165687,NA,844,75.509811999999997,0.13034799999999999,NA,792,77.016182000000001,0.20472799999999999,NA,615,2014-15,NA,NA
2015-03-01T00:00:00Z,E12000009,South West,NA,76.317703,0.25673499999999999,NA,781,76.982911000000001,0.14982699999999999,NA,515,77.745014999999995,0.23643900000000001,NA,677,76.345714999999998,0.18926599999999999,NA,812,75.587975,0.41349599999999997,NA,1201,76.642460999999997,0.34887400000000002,NA,1022,76.026916,0.213168,NA,845,75.710549999999998,0.265845,NA,794,77.171453999999997,0.20161000000000001,NA,616,2014-15,NA,NA
2015-04-01T00:00:00Z,E12000009,South West,NA,76.458857,0.18495500000000001,NA,783,77.168587000000002,0.24118999999999999,NA,517,77.872653999999997,0.16417699999999999,NA,678,76.513180000000006,0.21935099999999999,NA,813,75.662126000000001,9.8099000000000006E-2,NA,1202,76.797245000000004,0.201956,NA,1024,76.192543000000001,0.21785199999999999,NA,847,75.809337999999997,0.13048100000000001,NA,795,77.337659000000002,0.21537100000000001,NA,618,2015-16,450.3958333333333,332.6041666666667
2015-05-01T00:00:00Z,E12000009,South West,NA,76.683291,0.29353699999999999,NA,785,77.331739999999996,0.211425,NA,518,78.125763000000006,0.32502799999999998,NA,680,76.754800000000003,0.31578800000000001,NA,816,75.792142999999996,0.17183899999999999,NA,1204,77.019784999999999,0.28977599999999998,NA,1027,76.424629999999993,0.30460700000000002,NA,850,76.023788999999994,0.28288099999999999,NA,797,77.570830999999998,0.30149900000000002,NA,619,2015-16,450.3958333333333,334.6041666666667
2015-06-01T00:00:00Z,E12000009,South West,NA,76.72967,6.0479999999999999E-2,NA,785,77.352672999999996,2.7067999999999998E-2,NA,518,78.209935000000002,0.10774,NA,681,76.855476999999993,0.13116700000000001,NA,817,75.745106000000007,-6.2059999999999997E-2,NA,1203,77.114953999999997,0.12356499999999999,NA,1028,76.487108000000006,8.1750000000000003E-2,NA,851,76.027214999999998,4.5069999999999997E-3,NA,798,77.618979999999993,6.2072000000000002E-2,NA,620,2015-16,450.3958333333333,334.6041666666667
2015-07-01T00:00:00Z,E12000009,South West,NA,76.898045,0.21944,NA,787,77.566078000000005,0.27588600000000002,NA,519,78.336748999999998,0.16214600000000001,NA,682,77.008301000000003,0.19884599999999999,NA,819,75.959588999999994,0.28316400000000003,NA,1207,77.337177999999994,0.28817199999999998,NA,1031,76.654376999999997,0.21868899999999999,NA,852,76.164411000000001,0.18045600000000001,NA,799,77.784131000000002,0.21277099999999999,NA,621,2015-16,450.3958333333333,336.6041666666667
2015-08-01T00:00:00Z,E12000009,South West,NA,77.186269,0.37481300000000001,NA,790,77.737123999999994,0.22051699999999999,NA,520,78.630979999999994,0.37559700000000001,NA,684,77.276273000000003,0.34797899999999998,NA,822,76.405726000000001,0.58733500000000005,NA,1214,77.674941000000004,0.43674099999999999,NA,1036,76.936420999999996,0.36794300000000002,NA,856,76.438136,0.35938700000000001,NA,802,78.053845999999993,0.346748,NA,623,2015-16,450.3958333333333,339.6041666666667
2015-09-01T00:00:00Z,E12000009,South West,NA,77.347502,0.20888899999999999,NA,792,77.831703000000005,0.121665,NA,521,78.743752999999998,0.14342199999999999,NA,685,77.447524999999999,0.22161,NA,823,76.693736000000001,0.37694800000000001,NA,1218,77.851992999999993,0.22794,NA,1038,77.083633000000006,0.19134300000000001,NA,857,76.627932000000001,0.24829999999999999,NA,804,78.172803000000002,0.15240300000000001,NA,624,2015-16,450.3958333333333,341.6041666666667
2015-10-01T00:00:00Z,E12000009,South West,NA,77.445028,0.126087,NA,793,77.939532999999997,0.138543,NA,522,78.851138000000006,0.13637199999999999,NA,686,77.593290999999994,0.18821199999999999,NA,825,76.738408000000007,5.8248000000000001E-2,NA,1219,77.916843,8.3297999999999997E-2,NA,1039,77.224435,0.18265999999999999,NA,859,76.713397000000001,0.11153299999999999,NA,805,78.275756000000001,0.13169900000000001,NA,625,2015-16,450.3958333333333,342.6041666666667
2015-11-01T00:00:00Z,E12000009,South West,NA,77.787359,0.44203100000000001,NA,796,78.193838,0.32628400000000002,NA,523,79.167584000000005,0.40132099999999998,NA,689,77.913972000000001,0.41328399999999998,NA,828,77.133842000000001,0.51530100000000001,NA,1225,78.263052999999999,0.444332,NA,1044,77.561062000000007,0.43590800000000002,NA,862,77.086961000000002,0.48696200000000001,NA,809,78.574807000000007,0.38204700000000003,NA,627,2015-16,450.3958333333333,345.6041666666667
2015-12-01T00:00:00Z,E12000009,South West,NA,77.982455,0.250807,NA,798,78.402145000000004,0.266399,NA,525,79.367787000000007,0.25288500000000003,NA,691,78.130734000000004,0.27820699999999998,NA,831,77.291284000000005,0.20411499999999999,NA,1228,78.406502000000003,0.18329200000000001,NA,1046,77.782268000000002,0.28520099999999998,NA,865,77.280653000000001,0.25126399999999999,NA,811,78.793963000000005,0.27891500000000002,NA,629,2015-16,450.3958333333333,347.6041666666667
2016-01-01T00:00:00Z,E12000009,South West,NA,78.047247,8.3085000000000006E-2,2.6909709999999998,799,78.645820000000001,0.31080099999999999,2.5619589999999999,527,79.548713000000006,0.22795899999999999,2.7620930000000001,692,78.271041999999994,0.17958199999999999,2.9742479999999998,832,77.260662999999994,-3.9618E-2,2.70974,1227,78.463149000000001,7.2248000000000007E-2,2.8791890000000002,1046,77.815595999999999,4.2847999999999997E-2,2.7408220000000001,865,77.277754000000002,-3.7520000000000001E-3,2.4747409999999999,811,78.994755999999995,0.254832,2.7790240000000002,631,2015-16,450.3958333333333,348.6041666666667
2016-02-01T00:00:00Z,E12000009,South West,NA,78.305992,0.33152399999999999,2.868703,802,78.933904999999996,0.36630800000000002,2.687945,528,79.856758999999997,0.38724199999999998,2.959104,695,78.568655000000007,0.38023299999999999,3.1064530000000001,835,77.416653999999994,0.201902,2.8427720000000001,1230,78.738303999999999,0.35067999999999999,3.0929850000000001,1050,78.064115999999999,0.31936999999999999,2.8984559999999999,868,77.513953999999998,0.30565100000000001,2.6541489999999999,813,79.276285999999999,0.35639100000000001,2.9345840000000001,633,2015-16,450.3958333333333,351.6041666666667
2016-03-01T00:00:00Z,E12000009,South West,NA,78.63954,0.42595499999999997,3.0423309999999999,805,79.249686999999994,0.40005800000000002,2.9445169999999998,531,80.083309999999997,0.28369699999999998,3.0076450000000001,697,78.915385999999998,0.44130999999999998,3.3658359999999998,839,77.754699000000002,0.43665700000000002,2.8664939999999999,1235,79.082695000000001,0.43738700000000003,3.1839189999999999,1055,78.440689000000006,0.48238999999999999,3.1748919999999998,872,77.850299000000007,0.433915,2.8262230000000002,817,79.566586000000001,0.36618800000000001,3.10365,635,2015-16,450.3958333333333,354.6041666666667
2016-04-01T00:00:00Z,E12000009,South West,NA,78.919527,0.35603899999999999,3.2182940000000002,808,79.450785999999994,0.25375399999999998,2.9574189999999998,532,80.371351000000004,0.35967700000000002,3.2086960000000002,699,79.186122999999995,0.34307300000000002,3.4934419999999999,842,78.064449999999994,0.39836899999999997,3.175068,1240,79.399589000000006,0.40071299999999999,3.3885909999999999,1059,78.731499999999997,0.37074000000000001,3.3322910000000001,875,78.106787999999995,0.32946399999999998,3.0305629999999999,819,79.838277000000005,0.34146399999999999,3.2333769999999999,638,2016-17,450.3958333333333,357.6041666666667
2016-05-01T00:00:00Z,E12000009,South West,NA,79.173522,0.32184000000000001,3.2474229999999999,811,79.732281,0.35430200000000001,3.1042109999999998,534,80.639411999999993,0.33352799999999999,3.2174399999999999,702,79.402111000000005,0.27276,3.4490500000000002,844,78.263029000000003,0.25437900000000002,3.2600820000000001,1243,79.677980000000005,0.35061999999999999,3.451314,1063,78.988652000000002,0.32662000000000002,3.354968,878,78.341583,0.30060799999999999,3.048775,822,80.094458000000003,0.32087500000000002,3.25332,640,2016-17,450.3958333333333,360.6041666666667
2016-06-01T00:00:00Z,E12000009,South West,NA,79.626006,0.57150900000000004,3.7747280000000001,815,80.017633000000004,0.35788799999999998,3.445208,536,80.989605999999995,0.43427199999999999,3.5541149999999999,705,79.817507000000006,0.52315500000000004,3.8540260000000002,849,78.899608000000001,0.813384,4.1646280000000004,1253,80.131114999999994,0.56870900000000002,3.9112529999999999,1069,79.457659000000007,0.59376399999999996,3.8837280000000001,884,78.850499999999997,0.649613,3.7135189999999998,827,80.464189000000005,0.461619,3.66561,643,2016-17,450.3958333333333,364.6041666666667
2016-07-01T00:00:00Z,E12000009,South West,NA,79.890484,0.33215,3.8914360000000001,818,80.273895999999993,0.32025900000000002,3.4909829999999999,537,81.241568999999998,0.31110599999999999,3.7081189999999999,707,80.083490999999995,0.33323999999999998,3.9933230000000002,851,79.225100999999995,0.41254000000000002,4.2990120000000003,1258,80.375566000000006,0.305064,3.9287550000000002,1072,79.746031000000002,0.36292600000000003,4.033239,887,79.109431999999998,0.32838299999999998,3.866663,830,80.735286000000002,0.33691599999999999,3.7940320000000001,645,2016-17,450.3958333333333,367.6041666666667
2016-08-01T00:00:00Z,E12000009,South West,NA,80.109086,0.27362799999999998,3.7867060000000001,820,80.478793999999994,0.25524799999999997,3.5268470000000001,539,81.381913999999995,0.17274999999999999,3.4985369999999998,708,80.300178000000002,0.27057599999999998,3.9131089999999999,854,79.566434000000001,0.43084,4.1367419999999999,1264,80.661679000000007,0.35597000000000001,3.8451759999999999,1076,79.925212999999999,0.224691,3.8847559999999999,889,79.330516000000003,0.27946599999999999,3.7839489999999998,832,80.924144999999996,0.23392399999999999,3.6773310000000001,646,2016-17,450.3958333333333,369.6041666666667
2016-09-01T00:00:00Z,E12000009,South West,NA,80.302542,0.24149100000000001,3.8204720000000001,822,80.676946999999998,0.24621799999999999,3.6556359999999999,540,81.544409999999999,0.19967099999999999,3.5566710000000001,710,80.484683000000004,0.229769,3.9215680000000002,856,79.820822000000007,0.31971699999999997,4.0773679999999999,1268,80.799582999999998,0.17096500000000001,3.7861449999999999,1078,80.129723999999996,0.25587799999999999,3.95167,891,79.549079000000006,0.275509,3.8121179999999999,834,81.124249000000006,0.24727399999999999,3.775541,648,2016-17,450.3958333333333,371.6041666666667
2016-10-01T00:00:00Z,E12000009,South West,NA,80.793492,0.611375,4.3236650000000001,827,81.103455999999994,0.52866299999999999,4.0594580000000002,543,81.972475000000003,0.52494799999999997,3.9585189999999999,713,80.937139999999999,0.56216600000000005,4.3094570000000001,860,80.313298000000003,0.616977,4.6585400000000003,1276,81.275379000000001,0.58886099999999997,4.3104120000000004,1084,80.656101000000007,0.65690499999999996,4.4437569999999997,897,80.049914000000001,0.62959200000000004,4.3493279999999999,840,81.590384999999998,0.574596,4.2345540000000002,652,2016-17,450.3958333333333,376.6041666666667
2016-11-01T00:00:00Z,E12000009,South West,NA,81.199695,0.50276699999999996,4.3867479999999999,831,81.498456000000004,0.48703200000000002,4.2261879999999996,546,82.400711000000001,0.52241499999999996,4.0839030000000003,717,81.412844000000007,0.58774400000000004,4.4906860000000002,865,80.602029000000002,0.35950599999999999,4.4963240000000004,1280,81.659745999999998,0.47291899999999998,4.3400990000000004,1089,81.066632999999996,0.508992,4.5197560000000001,901,80.460254000000006,0.51260600000000001,4.3759569999999997,844,82.007078000000007,0.51071299999999997,4.3681570000000001,655,2016-17,450.3958333333333,380.6041666666667
2016-12-01T00:00:00Z,E12000009,South West,NA,81.581719,0.47047499999999998,4.6154789999999997,835,81.847046000000006,0.427726,4.3938870000000003,548,82.763684999999995,0.44049899999999997,4.2786850000000003,720,81.755995999999996,0.42149599999999998,4.6399949999999999,869,81.108063999999999,0.62781900000000002,4.9381760000000003,1288,82.098074999999994,0.53677399999999997,4.7082480000000002,1095,81.441377000000003,0.46226600000000001,4.7042979999999996,906,80.821541999999994,0.44902599999999998,4.5818560000000002,848,82.374708999999996,0.44829200000000002,4.5444420000000001,658,2016-17,450.3958333333333,384.6041666666667
2017-01-01T00:00:00Z,E12000009,South West,NA,81.675561,0.11502800000000001,4.6488680000000002,836,81.955875000000006,0.132966,4.2088130000000001,549,82.840525999999997,9.2843999999999996E-2,4.1381100000000002,721,81.850571000000002,0.11568000000000001,4.5732470000000003,870,81.180414999999996,8.9204000000000006E-2,5.0734130000000004,1289,82.149105000000006,6.2157999999999998E-2,4.6976909999999998,1096,81.566316999999998,0.15341099999999999,4.8200120000000002,907,80.915599999999998,0.116378,4.7074939999999996,849,82.481161999999998,0.12923000000000001,4.4134650000000004,659,2016-17,450.3958333333333,385.6041666666667
2017-02-01T00:00:00Z,E12000009,South West,NA,81.783383,0.13201399999999999,4.4407730000000001,837,82.051803000000007,0.117048,3.9500109999999999,549,82.924854999999994,0.101796,3.8419989999999999,722,81.964529999999996,0.13922899999999999,4.3221759999999998,871,81.258260000000007,9.5891000000000004E-2,4.9622479999999998,1291,82.209444000000005,7.3450000000000001E-2,4.4084519999999996,1096,81.662030000000001,0.117344,4.6089219999999997,908,81.062015000000002,0.180948,4.5773190000000001,850,82.583892000000006,0.12454900000000001,4.1722510000000002,659,2016-17,450.3958333333333,386.6041666666667
2017-03-01T00:00:00Z,E12000009,South West,NA,81.946266,0.19916300000000001,4.2049149999999997,839,82.219941000000006,0.20491699999999999,3.74797,550,83.030794999999998,0.12775500000000001,3.6805240000000001,723,82.129124000000004,0.20081099999999999,4.0723849999999997,873,81.412819999999996,0.19020899999999999,4.7046939999999999,1293,82.396913999999995,0.22803999999999999,4.1908279999999998,1099,81.862763999999999,0.245811,4.3626269999999998,910,81.224570999999997,0.20053299999999999,4.334308,852,82.699467999999996,0.13994999999999999,3.9374340000000001,660,2016-17,450.3958333333333,388.6041666666667
2017-04-01T00:00:00Z,E12000009,South West,NA,82.05063,0.127356,3.9674619999999998,840,82.371955999999997,0.184887,3.676704,551,83.125123000000002,0.113605,3.42631,723,82.152253000000002,2.8160999999999999E-2,3.7457690000000001,873,81.553925000000007,0.17332,4.4699920000000004,1295,82.509285000000006,0.136377,3.9165130000000001,1100,81.961582000000007,0.120711,4.1026550000000004,911,81.302762000000001,9.6266000000000004E-2,4.0918010000000002,853,82.835908000000003,0.16498299999999999,3.754629,662,2017-18,451.8561666666667,388.1438333333333
2017-05-01T00:00:00Z,E12000009,South West,NA,82.19743,0.17891499999999999,3.8193429999999999,841,82.605754000000005,0.283833,3.6039020000000002,553,83.309280000000001,0.22154199999999999,3.310873,725,82.303396000000006,0.183979,3.6539139999999999,875,81.682849000000004,0.158085,4.36965,1297,82.654336999999998,0.17580100000000001,3.7354820000000002,1102,82.111695999999995,0.18315200000000001,3.9537879999999999,913,81.420968999999999,0.14538999999999999,3.930717,854,83.017893000000001,0.219694,3.6499839999999999,663,2017-18,451.8561666666667,389.1438333333333
2017-06-01T00:00:00Z,E12000009,South West,NA,82.385522,0.22883000000000001,3.4655969999999998,843,82.886345000000006,0.33967399999999998,3.5851000000000002,555,83.518896999999996,0.251614,3.1229830000000001,727,82.509955000000005,0.250973,3.3732549999999999,877,81.799404999999993,0.14269299999999999,3.6753,1299,82.837958,0.22215599999999999,3.3780169999999998,1105,82.284327000000005,0.21023900000000001,3.5574520000000001,915,81.591404999999995,0.20932700000000001,3.4760779999999998,856,83.244220999999996,0.27262599999999998,3.454993,665,2017-18,451.8561666666667,391.1438333333333
2017-07-01T00:00:00Z,E12000009,South West,NA,82.63906,0.30774600000000002,3.4404309999999998,846,83.092590999999999,0.24883,3.5113470000000002,556,83.778087999999997,0.31033699999999997,3.1221930000000002,729,82.754920999999996,0.29689300000000002,3.3358059999999998,880,82.071218999999999,0.33229199999999998,3.5924450000000001,1304,83.071578000000002,0.28202100000000002,3.3542679999999998,1108,82.549661999999998,0.32246200000000003,3.5156999999999998,918,81.861209000000002,0.330677,3.4784440000000001,859,83.482309999999998,0.28601199999999999,3.4025069999999999,667,2017-18,451.8561666666667,394.1438333333333
2017-08-01T00:00:00Z,E12000009,South West,NA,82.920658,0.340756,3.5096790000000002,849,83.490863000000004,0.47931000000000001,3.7426870000000001,559,83.988601000000003,0.25127500000000003,3.20303,731,83.038386000000003,0.34253499999999998,3.4099650000000001,883,82.256951000000001,0.22630700000000001,3.3814730000000002,1307,83.359201999999996,0.34623599999999999,3.3442430000000001,1112,82.820102000000006,0.32760800000000001,3.6219969999999999,921,82.117277000000001,0.312807,3.512848,861,83.801271,0.38207000000000002,3.5553360000000001,669,2017-18,451.8561666666667,397.1438333333333
2017-09-01T00:00:00Z,E12000009,South West,NA,83.090584,0.204926,3.4719220000000002,851,83.645285999999999,0.18495800000000001,3.6792899999999999,560,84.127313000000001,0.165156,3.167481,732,83.146585000000002,0.1303,3.3073399999999999,884,82.534265000000005,0.33712999999999999,3.3994170000000001,1311,83.577855999999997,0.26230399999999998,3.4384760000000001,1115,83.000439999999998,0.217747,3.582586,923,82.264465000000001,0.17924100000000001,3.4134720000000001,863,83.956879999999998,0.18568799999999999,3.4917189999999998,670,2017-18,451.8561666666667,399.1438333333333
2017-10-01T00:00:00Z,E12000009,South West,NA,83.274518,0.22136500000000001,3.070824,852,83.876693000000003,0.27665299999999998,3.4193820000000001,562,84.348495,0.26291300000000001,2.898558,734,83.364609999999999,0.26221800000000001,2.9992040000000002,886,82.526467999999994,-9.4470000000000005E-3,2.7556699999999998,1311,83.651353,8.7938000000000002E-2,2.923362,1116,83.215202000000005,0.25874799999999998,3.1728550000000002,925,82.455462999999995,0.23217599999999999,3.0050620000000001,865,84.187132000000005,0.27425100000000002,3.1826629999999998,672,2017-18,451.8561666666667,400.1438333333333
2017-11-01T00:00:00Z,E12000009,South West,NA,83.458436,0.220858,2.7817120000000002,854,84.066111000000006,0.225829,3.1505570000000001,563,84.516367000000002,0.199022,2.5675210000000002,735,83.550376,0.22283500000000001,2.6255470000000001,888,82.622201000000004,0.116003,2.5063529999999998,1312,83.810467000000003,0.19021099999999999,2.633759,1118,83.423803000000007,0.25067699999999998,2.9076939999999998,928,82.601896999999994,0.177592,2.6617410000000001,866,84.417195000000007,0.27327499999999999,2.9389129999999999,674,2017-18,451.8561666666667,402.1438333333333
2017-12-01T00:00:00Z,E12000009,South West,NA,83.670144,0.253668,2.5599180000000001,857,84.254469,0.22405900000000001,2.9413680000000002,564,84.663297999999998,0.17385,2.2952249999999998,737,83.677554000000001,0.15221699999999999,2.3503579999999999,890,82.928342999999998,0.37053199999999997,2.2442639999999998,1317,84.032355999999993,0.26474999999999999,2.3560620000000001,1121,83.625474999999994,0.24174300000000001,2.6818029999999999,930,82.838916999999995,0.286941,2.496086,869,84.597577999999999,0.21368100000000001,2.6984849999999998,676,2017-18,451.8561666666667,405.1438333333333
2018-01-01T00:00:00Z,E12000009,South West,NA,83.684619,1.7299999999999999E-2,2.459803,857,84.293599,4.6441999999999997E-2,2.852417,564,84.752630999999994,0.105515,2.3081749999999999,738,83.712969000000001,4.2323E-2,2.2753640000000002,890,82.851557,-9.2592999999999995E-2,2.0585529999999999,1316,84.095046999999994,7.4604000000000004E-2,2.3687930000000001,1122,83.611711999999997,-1.6456999999999999E-2,2.507647,930,82.804862999999997,-4.1107999999999999E-2,2.334857,869,84.661561000000006,7.5632000000000005E-2,2.6435119999999999,676,2017-18,451.8561666666667,405.1438333333333
2018-02-01T00:00:00Z,E12000009,South West,NA,83.825619,0.16849,2.497128,858,84.457018000000005,0.19386999999999999,2.9313370000000001,565,84.845397000000006,0.109455,2.3160029999999998,738,83.872921000000005,0.19107199999999999,2.3283130000000001,892,83.047595000000001,0.23661399999999999,2.202035,1319,84.254520999999997,0.189635,2.4876420000000001,1124,83.824436000000006,0.25441799999999998,2.6479940000000002,932,82.934261000000006,0.15626799999999999,2.3096459999999999,870,84.746858000000003,0.10075000000000001,2.6191140000000002,677,2017-18,451.8561666666667,406.1438333333333
2018-03-01T00:00:00Z,E12000009,South West,NA,83.838187,1.4992999999999999E-2,2.3087330000000001,858,84.504816000000005,5.6593999999999998E-2,2.7789790000000001,566,84.914383000000001,8.1308000000000005E-2,2.2685409999999999,739,83.875361999999996,2.911E-3,2.1262110000000001,892,82.992204000000001,-6.6697999999999993E-2,1.93997,1318,84.195338000000007,-7.0243E-2,2.1826349999999999,1123,83.828834999999998,5.2490000000000002E-3,2.4016679999999999,932,82.952547999999993,2.205E-2,2.1274060000000001,870,84.806465000000003,7.0335999999999996E-2,2.5477759999999998,677,2017-18,451.8561666666667,406.1438333333333
2018-04-01T00:00:00Z,E12000009,South West,NA,83.967631,0.15439800000000001,2.3363640000000001,860,84.691655999999995,0.22109999999999999,2.8161290000000001,567,84.983472000000006,8.1363000000000005E-2,2.2356050000000001,740,83.993731999999994,0.141126,2.2415449999999999,893,83.106008000000003,0.137125,1.9031370000000001,1320,84.323470999999998,0.15218599999999999,2.1987670000000001,1125,83.994781000000003,0.197958,2.480674,934,83.079486000000003,0.153026,2.1853180000000001,871,84.910162999999997,0.122276,2.5040520000000002,678,2018-19,454.24166666666673,405.75833333333327
2018-05-01T00:00:00Z,E12000009,South West,NA,84.058575,0.108309,2.2642380000000002,861,84.717521000000005,3.0540000000000001E-2,2.5564399999999998,567,85.085920000000002,0.12055,2.1325829999999999,740,84.041083999999998,5.6375000000000001E-2,2.1113200000000001,893,83.210925000000003,0.126245,1.8707419999999999,1322,84.414575999999997,0.108042,2.1296400000000002,1126,84.088279,0.111315,2.4071880000000001,935,83.177695999999997,0.118212,2.1575859999999998,873,84.989134000000007,9.3006000000000005E-2,2.3744779999999999,679,2018-19,454.24166666666673,406.75833333333327
2018-06-01T00:00:00Z,E12000009,South West,NA,84.199264,0.16736999999999999,2.20153,862,84.831799000000004,0.13489300000000001,2.3471340000000001,568,85.244502999999995,0.18637999999999999,2.066125,742,84.247230999999999,0.24529400000000001,2.1055359999999999,896,83.338632000000004,0.153474,1.8817090000000001,1324,84.536665999999997,0.14463100000000001,2.0506389999999999,1127,84.249639999999999,0.19189400000000001,2.3884409999999998,937,83.317334000000002,0.167879,2.115332,874,85.126704000000004,0.16186700000000001,2.2613970000000001,680,2018-19,454.24166666666673,407.75833333333327
2018-07-01T00:00:00Z,E12000009,South West,NA,84.285059,0.101895,1.991792,863,84.915283000000002,9.8410999999999998E-2,2.1935669999999998,568,85.311729999999997,7.8865000000000005E-2,1.8306009999999999,742,84.321961000000002,8.8702000000000003E-2,1.893591,896,83.384718000000007,5.5300000000000002E-2,1.6004389999999999,1325,84.629158000000004,0.10941099999999999,1.8749849999999999,1129,84.332731999999993,9.8626000000000005E-2,2.159996,938,83.395241999999996,9.3507000000000007E-2,1.8739429999999999,875,85.220855999999998,0.11060200000000001,2.082532,681,2018-19,454.24166666666673,408.75833333333327
2018-08-01T00:00:00Z,E12000009,South West,NA,84.532931,0.29408899999999999,1.9443569999999999,865,85.031592000000003,0.13697000000000001,1.845386,569,85.532976000000005,0.25933800000000001,1.838792,744,84.522546000000006,0.23788100000000001,1.7873190000000001,899,83.753513999999996,0.44228200000000001,1.819375,1330,84.848652000000001,0.25935999999999998,1.7867850000000001,1132,84.612313999999998,0.33152199999999998,2.1639819999999999,941,83.681877,0.34370699999999998,1.905324,878,85.409533999999994,0.22140000000000001,1.9191400000000001,682,2018-19,454.24166666666673,410.75833333333327
2018-09-01T00:00:00Z,E12000009,South West,NA,84.59981,7.9116000000000006E-2,1.8163629999999999,866,85.166219999999996,0.158327,1.818314,570,85.551727999999997,2.1923000000000002E-2,1.6931659999999999,744,84.601736000000002,9.3689999999999996E-2,1.750103,899,83.793907000000004,4.8228E-2,1.526205,1331,84.912509,7.5259000000000006E-2,1.596897,1132,84.692222999999998,9.4441999999999998E-2,2.0382820000000001,942,83.768232999999995,0.103195,1.827968,879,85.441530999999998,3.7463000000000003E-2,1.7683500000000001,682,2018-19,454.24166666666673,411.75833333333327
2018-10-01T00:00:00Z,E12000009,South West,NA,84.821038,0.26149899999999998,1.857135,868,85.371914000000004,0.24152000000000001,1.7826409999999999,572,85.702308000000002,0.17601,1.6050230000000001,746,84.857738999999995,0.30259799999999998,1.7910820000000001,902,84.206062000000003,0.49186800000000003,2.0352190000000001,1338,85.209496000000001,0.34975699999999998,1.862663,1136,84.915569000000005,0.263714,2.043336,944,83.995193999999998,0.27094000000000001,1.8673489999999999,881,85.602626999999998,0.18854499999999999,1.6813670000000001,684,2018-19,454.24166666666673,413.75833333333327
2018-11-01T00:00:00Z,E12000009,South West,NA,84.958755,0.16236200000000001,1.7976840000000001,870,85.497823999999994,0.147484,1.703079,572,85.857566000000006,0.18116099999999999,1.586911,747,84.953100000000006,0.11237800000000001,1.6788959999999999,903,84.362763000000001,0.18609300000000001,2.106652,1340,85.281135000000006,8.4073999999999996E-2,1.7547539999999999,1137,85.056961000000001,0.16650999999999999,1.9576640000000001,946,84.133116999999999,0.16420299999999999,1.853734,883,85.781278999999998,0.208699,1.6158840000000001,685,2018-19,454.24166666666673,415.75833333333327
2018-12-01T00:00:00Z,E12000009,South West,NA,85.172966,0.252135,1.796127,872,85.568365,8.2505999999999996E-2,1.559437,573,86.057264000000004,0.23259199999999999,1.646482,749,85.119670999999997,0.196074,1.7234210000000001,905,84.711999000000006,0.41396899999999998,2.1508389999999999,1346,85.453847999999994,0.20252200000000001,1.6916009999999999,1140,85.293790999999999,0.27843699999999999,1.9949859999999999,948,84.408607000000003,0.32744499999999999,1.894871,885,85.922257000000002,0.16434599999999999,1.5658589999999999,686,2018-19,454.24166666666673,417.75833333333327
2019-01-01T00:00:00Z,E12000009,South West,NA,85.19254,2.2981000000000001E-2,1.8019099999999999,872,85.640756999999994,8.4600999999999996E-2,1.598174,573,86.020480000000006,-4.2744999999999998E-2,1.495941,749,85.137828999999996,2.1332E-2,1.702078,905,84.705847000000006,-7.2620000000000002E-3,2.2380870000000002,1345,85.414783999999997,-4.5712999999999997E-2,1.56934,1139,85.303961999999999,1.1925E-2,2.0239389999999999,949,84.485934,9.1609999999999997E-2,2.0301589999999998,886,85.911117000000004,-1.2966E-2,1.4759420000000001,686,2018-19,454.24166666666673,417.75833333333327
2019-02-01T00:00:00Z,E12000009,South West,NA,85.352812,0.18812899999999999,1.8218700000000001,874,85.885591000000005,0.28588599999999997,1.691479,575,86.178100000000001,0.18323500000000001,1.570743,750,85.305042,0.19640299999999999,1.707489,907,84.835520000000002,0.153086,2.1528909999999999,1348,85.501598999999999,0.10163899999999999,1.480132,1140,85.474373999999997,0.199771,1.9683269999999999,950,84.655624000000003,0.20085,2.0755750000000002,888,86.091065,0.20945900000000001,1.5861449999999999,687,2018-19,454.24166666666673,419.75833333333327
2019-03-01T00:00:00Z,E12000009,South West,NA,85.439271,0.101295,1.9097310000000001,875,86.054753000000005,0.196961,1.8341400000000001,576,86.279154000000005,0.11726200000000001,1.607232,751,85.347162999999995,4.9376999999999997E-2,1.7547470000000001,907,84.816432000000006,-2.2499999999999999E-2,2.1980710000000001,1347,85.466060999999996,-4.1563000000000003E-2,1.5092559999999999,1140,85.524969999999996,5.9193999999999997E-2,2.0233310000000002,951,84.769131999999999,0.13408200000000001,2.189908,889,86.243099000000001,0.176597,1.694015,689,2018-19,454.24166666666673,420.75833333333327
2019-04-01T00:00:00Z,E12000009,South West,NA,85.564541,0.146619,1.901816,876,86.242678999999995,0.21837999999999999,1.8313759999999999,577,86.362883999999994,9.7045999999999993E-2,1.623154,752,85.482356999999993,0.15840599999999999,1.772305,909,84.802931000000001,-1.5917000000000001E-2,2.0418780000000001,1347,85.517948000000004,6.071E-2,1.4165410000000001,1141,85.681280999999998,0.18276600000000001,2.007863,953,84.898551999999995,0.152674,2.189549,891,86.376053999999996,0.15416299999999999,1.7264029999999999,690,2019-20,458.05716666666666,417.94283333333334
2019-05-01T00:00:00Z,E12000009,South West,NA,85.864364,0.35040500000000002,2.14825,879,86.65164,0.47419800000000001,2.2830210000000002,580,86.658384999999996,0.34216200000000002,1.8480920000000001,754,85.727221999999998,0.28645100000000001,2.0063270000000002,911,85.142028999999994,0.399866,2.3207339999999999,1352,85.802627999999999,0.33289000000000002,1.6443270000000001,1144,85.977745999999996,0.34600900000000001,2.247004,956,85.185382000000004,0.33785100000000001,2.4137309999999998,894,86.705826000000002,0.38178600000000001,2.019895,692,2019-20,458.05716666666666,420.94283333333334
2019-06-01T00:00:00Z,E12000009,South West,NA,85.894398,3.4979000000000003E-2,2.0132409999999998,879,86.718414999999993,7.7062000000000005E-2,2.2239490000000002,581,86.722368000000003,7.3832999999999996E-2,1.733679,755,85.711927000000003,-1.7842E-2,1.7385679999999999,911,85.037497999999999,-0.12277299999999999,2.0385089999999999,1351,85.836546999999996,3.9530999999999997E-2,1.5376540000000001,1145,85.994094000000004,1.9014E-2,2.0705770000000001,956,85.173914999999994,-1.3462E-2,2.2283249999999999,893,86.804586999999998,0.113903,1.971041,693,2019-20,458.05716666666666,420.94283333333334
2019-07-01T00:00:00Z,E12000009,South West,NA,86.009171,0.13362199999999999,2.0455730000000001,880,86.963078999999993,0.282136,2.411575,582,86.838076000000001,0.13342300000000001,1.789139,756,85.850480000000005,0.16164899999999999,1.8127169999999999,913,84.971440999999999,-7.7678999999999998E-2,1.902895,1350,85.947363999999993,0.12910199999999999,1.557626,1146,86.080034999999995,9.9937999999999999E-2,2.0719159999999999,957,85.294338999999994,0.14138600000000001,2.2772250000000001,895,86.940365999999997,0.15642,2.0177109999999998,694,2019-20,458.05716666666666,421.94283333333334
2019-08-01T00:00:00Z,E12000009,South West,NA,86.084781,8.7909000000000001E-2,1.835793,881,87.033384999999996,8.0846000000000001E-2,2.3541759999999998,583,86.861485000000002,2.6956999999999998E-2,1.553213,756,85.840058999999997,-1.2137999999999999E-2,1.5587709999999999,913,85.106009,0.15836800000000001,1.6148530000000001,1352,85.968883000000005,2.5037E-2,1.3202689999999999,1147,86.168702999999994,0.103007,1.8394360000000001,958,85.405625000000001,0.13047300000000001,2.059882,896,86.984927999999996,5.1255000000000002E-2,1.844517,695,2019-20,458.05716666666666,422.94283333333334
2019-09-01T00:00:00Z,E12000009,South West,NA,86.372326,0.33402500000000002,2.0951770000000001,884,87.311048999999997,0.31903199999999998,2.5184030000000002,585,87.102284999999995,0.277223,1.8124210000000001,758,86.079683000000003,0.27915200000000001,1.746947,915,85.577094000000002,0.55352699999999999,2.1280640000000002,1359,86.243339000000006,0.31925100000000001,1.5672969999999999,1150,86.437860999999998,0.31236199999999997,2.0611549999999998,961,85.731773000000004,0.381882,2.3440159999999999,899,87.242688999999999,0.29632900000000001,2.1080589999999999,697,2019-20,458.05716666666666,425.94283333333334
2019-10-01T00:00:00Z,E12000009,South West,NA,86.465181,0.107506,1.938367,885,87.463361000000006,0.17444799999999999,2.449808,586,87.173196000000004,8.1410999999999997E-2,1.7162759999999999,759,86.209457,0.15076000000000001,1.5929230000000001,916,85.663775999999999,0.10129199999999999,1.731128,1361,86.323791,9.3284000000000006E-2,1.307712,1151,86.511968999999993,8.5735000000000006E-2,1.8799859999999999,962,85.841052000000005,0.127466,2.1975760000000002,900,87.336955000000003,0.10804999999999999,2.0260220000000002,697,2019-20,458.05716666666666,426.94283333333334
2019-11-01T00:00:00Z,E12000009,South West,NA,86.700808,0.272511,2.0504690000000001,888,87.741862999999995,0.31842100000000001,2.6246740000000002,587,87.417734999999993,0.28052199999999999,1.817159,761,86.387114999999994,0.20607700000000001,1.688008,918,85.881901999999997,0.25463000000000002,1.8007219999999999,1364,86.517408000000003,0.22429099999999999,1.449643,1154,86.726887000000005,0.24842600000000001,1.963303,964,86.071005999999997,0.26788299999999998,2.3033610000000002,903,87.623862000000003,0.32850699999999999,2.148002,700,2019-20,458.05716666666666,429.94283333333334
2019-12-01T00:00:00Z,E12000009,South West,NA,86.860119,0.18374799999999999,1.980855,889,87.971162000000007,0.26133400000000001,2.8080440000000002,589,87.513711000000001,0.10979,1.6924159999999999,762,86.496195,0.12626899999999999,1.617164,920,85.899777999999998,2.0813999999999999E-2,1.4021380000000001,1364,86.650835000000001,0.15422,1.400741,1156,86.899564999999996,0.199105,1.882639,966,86.240314999999995,0.19670899999999999,2.1700490000000001,905,87.771596000000002,0.1686,2.1523400000000001,701,2019-20,458.05716666666666,430.94283333333334
2020-01-01T00:00:00Z,E12000009,South West,NA,87.085679,0.25968200000000002,2.2221890000000002,892,88.219172999999998,0.28192299999999998,3.0107360000000001,591,87.784842999999995,0.30981700000000001,2.0510969999999999,764,86.765504000000007,0.31135299999999999,1.9118120000000001,922,85.890568999999999,-1.072E-2,1.398631,1364,86.846377000000004,0.22566700000000001,1.676048,1158,87.111092999999997,0.24341699999999999,2.1184609999999999,969,86.479920000000007,0.27783400000000003,2.3601390000000002,907,88.007634999999993,0.268924,2.440334,703,2019-20,458.05716666666666,433.94283333333334
2020-02-01T00:00:00Z,E12000009,South West,NA,87.226648,0.16187299999999999,2.1953999999999998,893,88.423658000000003,0.231792,2.9551720000000001,592,87.921304000000006,0.155449,2.0227930000000001,765,86.955282999999994,0.218727,1.934518,924,86.019521999999995,0.15013699999999999,1.395645,1366,86.993217000000001,0.16908000000000001,1.74455,1160,87.273094,0.185971,2.1043959999999999,970,86.607693999999995,0.14774999999999999,2.3058960000000002,908,88.146263000000005,0.15751899999999999,2.3872369999999998,704,2019-20,458.05716666666666,434.94283333333334
2020-03-01T00:00:00Z,E12000009,South West,NA,87.341041,0.13114500000000001,2.2258740000000001,894,88.589113999999995,0.18711800000000001,2.9450569999999998,593,88.055204000000003,0.15229400000000001,2.0584929999999999,766,87.062230999999997,0.122992,2.0095200000000002,926,86.037880999999999,2.1342E-2,1.4401090000000001,1367,87.066500000000005,8.4239999999999995E-2,1.8726020000000001,1161,87.378309000000002,0.120558,2.1670150000000001,972,86.722791999999998,0.13289599999999999,2.304684,910,88.290143999999998,0.16322999999999999,2.3735759999999999,705,2019-20,458.05716666666666,435.94283333333334
2020-04-01T00:00:00Z,E12000009,South West,NA,87.347083,6.9179999999999997E-3,2.083272,894,88.638814999999994,5.6101999999999999E-2,2.778365,593,88.110979,6.3340999999999995E-2,2.024127,767,87.077106999999998,1.7086E-2,1.8655889999999999,926,86.009559999999993,-3.2917000000000002E-2,1.422863,1366,87.126774999999995,6.9227999999999998E-2,1.8812739999999999,1162,87.381187999999995,3.2950000000000002E-3,1.983989,972,86.684183000000004,-4.4519999999999997E-2,2.1032519999999999,909,88.328198,4.3101E-2,2.2600519999999999,705,2020-21,513.5195,380.4805
2020-05-01T00:00:00Z,E12000009,South West,NA,87.489777,0.16336400000000001,1.8930009999999999,896,88.822950000000006,0.207736,2.505792,595,88.262673000000007,0.17216200000000001,1.8512770000000001,768,87.266304000000005,0.217276,1.7953250000000001,928,86.103999000000002,0.10979999999999999,1.129842,1368,87.237696,0.12731000000000001,1.6725220000000001,1163,87.538264999999996,0.17976,1.815026,973,86.813653000000002,0.14935899999999999,1.9114439999999999,911,88.495069000000001,0.18892200000000001,2.0635789999999998,707,2020-21,513.5195,382.4805
2020-06-01T00:00:00Z,E12000009,South West,NA,87.66058,0.19522700000000001,2.0562260000000001,897,89.028947000000002,0.23191899999999999,2.6644070000000002,596,88.426693,0.185833,1.965266,769,87.414659,0.17000199999999999,1.9865759999999999,929,86.250829999999993,0.17052800000000001,1.4268209999999999,1370,87.42877,0.219026,1.8549469999999999,1166,87.691671999999997,0.17524600000000001,1.9740629999999999,975,86.992508999999998,0.20602300000000001,2.135154,913,88.657494999999997,0.18354300000000001,2.1345749999999999,708,2020-21,513.5195,383.4805
2020-07-01T00:00:00Z,E12000009,South West,NA,87.780629,0.13694700000000001,2.059615,899,89.178675999999996,0.16818,2.5477449999999999,597,88.566068999999999,0.15761700000000001,1.9899020000000001,771,87.537335999999996,0.14033899999999999,1.964877,931,86.372792000000004,0.141404,1.6492020000000001,1372,87.521369000000007,0.10591399999999999,1.831359,1167,87.798052999999996,0.121313,1.9958389999999999,976,87.123283000000001,0.15032799999999999,2.1442739999999998,914,88.789454000000006,0.148841,2.1268470000000002,709,2020-21,513.5195,385.4805
2020-08-01T00:00:00Z,E12000009,South West,NA,88.088484,0.35071000000000002,2.3275929999999998,902,89.475301000000002,0.332619,2.8057240000000001,599,88.847447000000003,0.31770399999999999,2.2863540000000002,773,87.835262999999998,0.34034399999999998,2.3243279999999999,934,86.79853,0.49290699999999998,1.98872,1379,87.842260999999993,0.366645,2.179135,1172,88.054236000000003,0.29178599999999999,2.1881870000000001,979,87.474653000000004,0.40330199999999999,2.42259,918,89.072642999999999,0.31894499999999998,2.4000889999999999,711,2020-21,513.5195,388.4805
2020-09-01T00:00:00Z,E12000009,South West,NA,88.341746,0.28750799999999999,2.2801520000000002,904,89.690757000000005,0.24079900000000001,2.725552,600,89.049341999999996,0.227238,2.2353679999999998,775,88.057693999999998,0.25323600000000002,2.2978830000000001,936,87.145944999999998,0.40025500000000003,1.833261,1384,88.023673000000002,0.20652000000000001,2.0643150000000001,1174,88.296207999999993,0.27479999999999999,2.1499220000000001,982,87.776100999999997,0.34461199999999997,2.384563,921,89.310550000000006,0.26709300000000002,2.3702399999999999,713,2020-21,513.5195,390.4805
2020-10-01T00:00:00Z,E12000009,South West,NA,88.739913,0.45071099999999997,2.6308060000000002,908,90.068501999999995,0.42116500000000001,2.9785509999999999,603,89.411822999999998,0.40705599999999997,2.568022,778,88.453033000000005,0.44895400000000002,2.6024699999999998,940,87.510445000000004,0.41826400000000002,2.1557170000000001,1390,88.424764999999994,0.45566400000000001,2.4338299999999999,1179,88.671655999999999,0.42521300000000001,2.4964019999999998,986,88.206843000000006,0.490728,2.7560129999999998,925,89.681364000000002,0.41519600000000001,2.6843270000000001,716,2020-21,513.5195,394.4805
2020-11-01T00:00:00Z,E12000009,South West,NA,89.028245,0.32491799999999998,2.6844459999999999,911,90.306394999999995,0.26412400000000003,2.9228149999999999,605,89.720127000000005,0.34481400000000001,2.6337809999999999,781,88.795806999999996,0.38752199999999998,2.7882539999999998,944,87.619226999999995,0.124308,2.022923,1392,88.756185000000002,0.37480400000000003,2.5876610000000002,1184,88.969536000000005,0.33593699999999999,2.5858750000000001,989,88.477874999999997,0.30726900000000001,2.796376,928,89.961073999999996,0.311892,2.6673230000000001,718,2020-21,513.5195,397.4805
2020-12-01T00:00:00Z,E12000009,South West,NA,89.321207,0.329067,2.8333919999999999,914,90.575371000000004,0.297848,2.9602979999999999,606,89.999921000000001,0.31185200000000002,2.840938,783,89.108070999999995,0.35166399999999998,3.0196420000000002,947,87.822136,0.23158000000000001,2.2379090000000001,1395,89.021737999999999,0.29919400000000002,2.736157,1187,89.299920999999998,0.37134600000000001,2.762219,993,88.774767999999995,0.33555699999999999,2.9388260000000002,931,90.234336999999996,0.303757,2.8058510000000001,721,2020-21,513.5195,400.4805
2021-01-01T00:00:00Z,E12000009,South West,NA,89.156174,-0.18476400000000001,2.3775369999999998,913,90.560860000000005,-1.6021000000000001E-2,2.6543960000000002,606,89.990078999999994,-1.0936E-2,2.512092,783,89.101516000000004,-7.3550000000000004E-3,2.692329,947,87.442795000000004,-0.43194300000000002,1.807213,1389,88.874324000000001,-0.16559299999999999,2.3350960000000001,1185,89.165773000000002,-0.15022199999999999,2.358689,992,88.500758000000005,-0.30865799999999999,2.3367710000000002,928,90.181246999999999,-5.8834999999999998E-2,2.4698000000000002,720,2020-21,513.5195,399.4805
2021-02-01T00:00:00Z,E12000009,South West,NA,89.685803,0.59404699999999999,2.8192710000000001,918,91.006414000000007,0.49199399999999999,2.9208880000000002,609,90.505094,0.57230199999999998,2.9387530000000002,788,89.649755999999996,0.61529800000000001,3.0986880000000001,953,88.251547000000002,0.92489299999999997,2.5947879999999999,1402,89.321346000000005,0.50298200000000004,2.6762190000000001,1191,89.668081999999998,0.56334300000000004,2.744246,997,89.119561000000004,0.69920700000000002,2.9002819999999998,935,90.659356000000002,0.53016399999999997,2.8510490000000002,724,2020-21,513.5195,404.4805
2021-03-01T00:00:00Z,E12000009,South West,NA,90.244043,0.62243899999999996,3.3237540000000001,924,91.562089,0.61058900000000005,3.3559139999999998,613,90.998836999999995,0.54554199999999997,3.3429410000000002,792,90.19117,0.60392000000000001,3.5939100000000002,959,88.985197999999997,0.831318,3.4256039999999999,1413,89.918071999999995,0.66806699999999997,3.2751649999999999,1199,90.247806999999995,0.64652299999999996,3.2839939999999999,1004,89.697507000000002,0.64850600000000003,3.430142,941,91.153051000000005,0.54456000000000004,3.2426110000000001,728,2020-21,513.5195,410.4805
2021-04-01T00:00:00Z,E12000009,South West,NA,90.528848,0.31559500000000001,3.6426699999999999,927,91.780152000000001,0.23815900000000001,3.5439750000000001,614,91.263540000000006,0.29088599999999998,3.577944,794,90.473061999999999,0.31254999999999999,3.8999410000000001,962,89.338821999999993,0.397397,3.8708049999999998,1419,90.203729999999993,0.317687,3.5315840000000001,1203,90.514875000000004,0.295927,3.5862259999999999,1007,90.019086000000001,0.35851499999999997,3.8471880000000001,944,91.402679000000006,0.27385700000000002,3.480747,730,2021-22,513.5195,413.4805
2021-05-01T00:00:00Z,E12000009,South West,NA,90.755836,0.25073499999999999,3.7330749999999999,929,91.899171999999993,0.12967899999999999,3.4633189999999998,615,91.419105999999999,0.170458,3.5761820000000002,796,90.718918000000002,0.27174399999999999,3.9564110000000001,964,89.621167,0.31603799999999999,4.0847910000000001,1424,90.470868999999993,0.296151,3.7061639999999998,1207,90.775023000000004,0.28740900000000003,3.6975349999999998,1009,90.272658000000007,0.28168700000000002,3.9844010000000001,947,91.545655999999994,0.15642500000000001,3.4471820000000002,731,2021-22,513.5195,415.4805
2021-06-01T00:00:00Z,E12000009,South West,NA,91.033813,0.30629099999999998,3.848061,932,92.156026999999995,0.279497,3.5124309999999999,617,91.688823999999997,0.29503499999999999,3.6890800000000001,798,91.045599999999993,0.36010399999999998,4.1536980000000003,968,89.941388000000003,0.35730400000000001,4.2788659999999998,1429,90.836618000000001,0.40427299999999999,3.8978570000000001,1211,91.046530000000004,0.299099,3.8257439999999998,1012,90.565188000000006,0.32405200000000001,4.1068809999999996,950,91.761371999999994,0.23563799999999999,3.5009749999999999,733,2021-22,513.5195,418.4805
2021-07-01T00:00:00Z,E12000009,South West,NA,91.471721,0.48103899999999999,4.2049050000000001,936,92.529358000000002,0.40510699999999999,3.7572679999999998,619,92.072562000000005,0.41852099999999998,3.959184,801,91.514578999999998,0.51510299999999998,4.543482,973,90.450481999999994,0.566029,4.7210349999999996,1437,91.320318999999998,0.53249599999999997,4.3405969999999998,1218,91.483773999999997,0.480242,4.197953,1017,91.019131000000002,0.50123300000000004,4.4716490000000002,955,92.153397999999996,0.42722399999999999,3.788675,736,2021-22,513.5195,422.4805
2021-08-01T00:00:00Z,E12000009,South West,NA,91.894313,0.46199200000000001,4.3204609999999999,941,92.892122000000001,0.39205200000000001,3.81873,622,92.456709000000004,0.41722199999999998,4.0623139999999998,805,91.925392000000002,0.448905,4.6565909999999997,977,91.006035999999995,0.61420799999999998,4.8474389999999996,1446,91.694623000000007,0.40988000000000002,4.3855449999999996,1223,91.864676000000003,0.41636099999999998,4.3273799999999998,1022,91.494904000000005,0.52271800000000002,4.595904,960,92.565126000000006,0.44678499999999999,3.920938,739,2021-22,513.5195,427.4805
2021-09-01T00:00:00Z,E12000009,South West,NA,92.349538,0.49537900000000001,4.5366910000000003,945,93.121277000000006,0.24668999999999999,3.8248319999999998,623,92.798567000000006,0.36975000000000002,4.2102789999999999,808,92.296014,0.40317599999999998,4.8131170000000001,981,91.827568999999997,0.90272399999999997,5.3721639999999997,1459,92.147103999999999,0.49346499999999999,4.684456,1229,92.290999999999997,0.46407799999999999,4.5243080000000004,1026,92.064127999999997,0.62213799999999997,4.8851870000000002,966,92.893277999999995,0.35450900000000002,4.011539,742,2021-22,513.5195,431.4805
2021-10-01T00:00:00Z,E12000009,South West,NA,92.770578,0.45591999999999999,4.5421110000000002,950,93.373311999999999,0.270652,3.6692179999999999,625,93.149601000000004,0.37827499999999997,4.1804079999999999,811,92.742956000000007,0.48424899999999999,4.849945,986,92.435946000000001,0.66252200000000006,5.6284720000000004,1468,92.569558999999998,0.458457,4.6873670000000001,1235,92.759648999999996,0.50779399999999997,4.6102590000000001,1031,92.542546000000002,0.51965700000000004,4.9153820000000001,971,93.198936000000003,0.32904299999999997,3.9222999999999999,744,2021-22,513.5195,436.4805
2021-11-01T00:00:00Z,E12000009,South West,NA,93.059219,0.31113400000000002,4.5277479999999999,953,93.557081999999994,0.19681199999999999,3.5996199999999998,626,93.425740000000005,0.29644599999999999,4.1301909999999999,813,93.074205000000006,0.35716999999999999,4.818244,989,92.779193000000006,0.37133500000000003,5.8890789999999997,1474,92.860597999999996,0.31440000000000001,4.6243689999999997,1238,93.033306999999994,0.29501899999999998,4.5675980000000003,1035,92.876399000000006,0.36075699999999999,4.9713269999999996,974,93.438102999999998,0.25661899999999999,3.8650370000000001,746,2021-22,513.5195,439.4805
2021-12-01T00:00:00Z,E12000009,South West,NA,93.707176,0.69628500000000004,4.9103339999999998,959,94.107183000000006,0.58798499999999998,3.899308,630,94.001756999999998,0.61655099999999996,4.4464880000000004,818,93.769281000000007,0.74679700000000004,5.230963,997,93.632446000000002,0.91966000000000003,6.6159970000000001,1487,93.554767999999996,0.74753999999999998,5.0920480000000001,1248,93.715185000000005,0.73293900000000001,4.9443080000000004,1042,93.553734000000006,0.72928599999999999,5.383248,981,93.994423999999995,0.59538999999999997,4.1670249999999998,751,2021-22,513.5195,445.4805
2022-01-01T00:00:00Z,E12000009,South West,NA,94.141654,0.46365499999999998,5.5918510000000001,964,94.488462999999996,0.40515400000000001,4.3369759999999999,633,94.488895999999997,0.51822299999999999,4.9992359999999998,822,94.279070000000004,0.54366400000000004,5.810848,1002,93.978381999999996,0.36946099999999998,7.4741280000000003,1493,94.033154999999994,0.51134400000000002,5.8046360000000004,1254,94.170895999999999,0.48627300000000001,5.6132780000000002,1047,93.990476000000001,0.466835,6.2030180000000001,986,94.384809000000004,0.415327,4.6612359999999997,754,2021-22,513.5195,450.4805
2022-02-01T00:00:00Z,E12000009,South West,NA,94.642508,0.53202099999999997,5.5267439999999999,969,94.883505999999997,0.41808600000000001,4.2602409999999997,635,94.942661999999999,0.48023300000000002,4.9031140000000004,826,94.769837999999993,0.52054800000000001,5.7112049999999996,1007,94.606810999999993,0.66869599999999996,7.2013059999999998,1503,94.497478000000001,0.49378699999999998,5.794956,1260,94.664244999999994,0.52388699999999999,5.571841,1053,94.542107999999999,0.58690299999999995,6.0845760000000002,992,94.843626999999998,0.48611500000000002,4.6153769999999996,757,2021-22,513.5195,455.4805
2022-03-01T00:00:00Z,E12000009,South West,NA,94.97133,0.34743600000000002,5.2383369999999996,972,95.156992000000002,0.28823300000000002,3.9261910000000002,637,95.236312999999996,0.30929299999999998,4.6566270000000003,829,95.095753000000002,0.34390199999999999,5.4379869999999997,1011,94.946783999999994,0.35935299999999998,6.6995250000000004,1508,94.906537999999998,0.43287900000000001,5.54779,1266,94.955719000000002,0.30790200000000001,5.2166490000000003,1056,94.888091000000003,0.365956,5.7867649999999999,995,95.133891000000006,0.30604500000000001,4.3672050000000002,760,2021-22,513.5195,458.4805
2022-04-01T00:00:00Z,E12000009,South West,NA,95.204495,0.24551100000000001,5.1648139999999998,975,95.450958,0.30892700000000001,3.9995630000000002,639,95.498695999999995,0.275507,4.6405789999999998,831,95.359548000000004,0.27739900000000001,5.4010400000000001,1014,94.937421000000001,-9.861E-3,6.2667029999999997,1508,95.171384000000003,0.27905999999999997,5.5071500000000002,1269,95.150979000000007,0.20563200000000001,5.1219250000000001,1058,95.109903000000003,0.233761,5.6552639999999998,998,95.395285999999999,0.27476499999999998,4.36815,762,2022-23,513.5195,461.4805
2022-05-01T00:00:00Z,E12000009,South West,NA,95.894927,0.72521000000000002,5.6625459999999999,982,96.078633999999994,0.65759100000000004,4.547879,643,96.100776999999994,0.63046000000000002,5.1211080000000004,836,95.975015999999997,0.64541800000000005,5.7938280000000004,1020,95.824149000000006,0.93401400000000001,6.9213360000000002,1522,95.784869,0.64461100000000005,5.8737139999999997,1277,95.860950000000003,0.74615200000000004,5.6027820000000004,1066,95.834720000000004,0.76208399999999998,6.161403,1005,96.066929000000002,0.70406400000000002,4.9388180000000004,767,2022-23,513.5195,468.4805
2022-06-01T00:00:00Z,E12000009,South West,NA,96.20511,0.323461,5.6806330000000003,985,96.409668999999994,0.34454600000000002,4.6156959999999998,645,96.436379000000002,0.349219,5.177899,839,96.282718000000003,0.320606,5.752192,1024,96.137479999999996,0.32698500000000003,6.8890339999999997,1527,96.158558999999997,0.39013500000000001,5.8588060000000004,1282,96.157979999999995,0.30985600000000002,5.6141069999999997,1069,96.128411,0.30645600000000001,6.1427829999999997,1008,96.374061999999995,0.31970700000000002,5.0268319999999997,770,2022-23,513.5195,471.4805
2022-07-01T00:00:00Z,E12000009,South West,NA,96.546031,0.35436899999999999,5.5474079999999999,988,96.803899999999999,0.408912,4.6196599999999997,648,96.801845,0.378971,5.1364739999999998,842,96.609998000000004,0.33991700000000002,5.5678780000000003,1027,96.498254000000003,0.37526900000000002,6.68628,1533,96.548676999999998,0.40570299999999998,5.7252960000000002,1288,96.446569999999994,0.30012100000000003,5.4247829999999997,1072,96.466573999999994,0.35178300000000001,5.9849439999999996,1012,96.733318999999995,0.37277300000000002,4.9698880000000001,772,2022-23,513.5195,474.4805
2022-08-01T00:00:00Z,E12000009,South West,NA,97.243125,0.72203200000000001,5.8206119999999997,995,97.424158000000006,0.640737,4.8788169999999997,652,97.434447000000006,0.65350200000000003,5.383858,848,97.24973,0.66217899999999996,5.7920210000000001,1034,97.202150000000003,0.72943899999999995,6.8084660000000001,1544,97.146167000000005,0.61884799999999995,5.9453259999999997,1296,97.198601999999994,0.77973899999999996,5.8062849999999999,1081,97.209682000000001,0.77032699999999998,6.2460069999999996,1020,97.379925,0.66844199999999998,5.2015250000000002,778,2022-23,513.5195,481.4805
2022-09-01T00:00:00Z,E12000009,South West,NA,97.923438,0.69960100000000003,6.0356560000000004,1002,98.123887999999994,0.71823000000000004,5.3721459999999999,657,98.023570000000007,0.60463599999999995,5.6304780000000001,853,97.877161000000001,0.64517500000000005,6.0470079999999999,1041,97.951999999999998,0.77143300000000004,6.6694909999999998,1556,97.741277999999994,0.61259399999999997,6.0709169999999997,1304,97.831198999999998,0.65083000000000002,6.0029669999999999,1088,97.941605999999993,0.75293299999999996,6.3841130000000001,1027,98.077496999999994,0.71634100000000001,5.5808340000000003,783,2022-23,513.5195,488.4805
2022-10-01T00:00:00Z,E12000009,South West,NA,98.350236,0.43584800000000001,6.0144690000000001,1007,98.443432999999999,0.325654,5.4299460000000002,659,98.380584999999996,0.36421300000000001,5.6156800000000002,856,98.328530999999998,0.46116000000000001,6.0226410000000001,1045,98.464999000000006,0.523725,6.522411,1564,98.230749000000003,0.50078199999999995,6.1156069999999998,1310,98.236106000000007,0.413883,5.9039219999999997,1092,98.412036000000001,0.48031699999999999,6.3424779999999998,1032,98.427216999999999,0.35657499999999998,5.609807,786,2022-23,513.5195,493.4805
2022-11-01T00:00:00Z,E12000009,South West,NA,98.679178,0.33445999999999998,6.0391209999999997,1010,98.726448000000005,0.287491,5.5253610000000002,661,98.721990000000005,0.34702499999999997,5.6689410000000002,859,98.693298999999996,0.37096800000000002,6.0372190000000003,1049,98.738106999999999,0.277366,6.4226840000000003,1568,98.574376999999998,0.34981800000000002,6.1530719999999999,1315,98.604791000000006,0.375305,5.9886980000000003,1096,98.747789999999995,0.34117199999999998,6.3217249999999998,1036,98.706214000000003,0.28345500000000001,5.638077,788,2022-23,513.5195,496.4805
2022-12-01T00:00:00Z,E12000009,South West,NA,99.247617,0.57604699999999998,5.9125040000000002,1016,99.276065000000003,0.55670600000000003,5.4925470000000001,665,99.263361000000003,0.54837999999999998,5.5973459999999999,864,99.230960999999994,0.54478099999999996,5.8245950000000004,1055,99.224647000000004,0.49275799999999997,5.9725029999999997,1576,99.237617,0.67283199999999999,6.0743559999999999,1324,99.215868,0.61972300000000002,5.8695750000000002,1103,99.245341999999994,0.50386200000000003,6.0837849999999998,1041,99.282230999999996,0.58356600000000003,5.6256599999999999,793,2022-23,513.5195,502.4805
2023-01-01T00:00:00Z,E12000009,South West,NA,100,0.75808699999999996,6.2229049999999999,1024,100,0.72921400000000003,5.8330270000000004,669,100,0.74210600000000004,5.8325420000000001,870,100,0.77499899999999999,6.0680800000000001,1063,100,0.781412,6.407451,1588,100,0.76824000000000003,6.3454699999999997,1334,100,0.79032899999999995,6.189921,1112,100,0.76039599999999996,6.3937590000000002,1049,100,0.72295900000000002,5.9492529999999997,799,2022-23,513.5195,510.4805
2023-02-01T00:00:00Z,E12000009,South West,NA,100.553307,0.55330699999999999,6.2453960000000004,1029,100.53644300000001,0.536443,5.9577650000000002,673,100.54154800000001,0.54154800000000003,5.8971229999999997,875,100.469459,0.46945900000000002,6.0141720000000003,1068,100.38856699999999,0.388567,6.1113520000000001,1595,100.518747,0.51874699999999996,6.3718839999999997,1341,100.537716,0.53771599999999997,6.204529,1118,100.564122,0.56412200000000001,6.3696630000000001,1055,100.571315,0.57131500000000002,6.0390860000000002,803,2022-23,513.5195,515.4805
2023-03-01T00:00:00Z,E12000009,South West,NA,101.163446,0.60678100000000001,6.5199850000000001,1036,101.14731,0.60760800000000004,6.2951949999999997,677,101.068701,0.52431399999999995,6.1241219999999998,879,101.006619,0.53464999999999996,6.2156979999999997,1074,101.01723800000001,0.62623799999999996,6.3935329999999997,1605,101.12938200000001,0.607483,6.556813,1349,101.201273,0.66000800000000004,6.5773339999999996,1125,101.129705,0.56240999999999997,6.5778679999999996,1061,101.19704900000001,0.62217900000000004,6.3732889999999998,808,2022-23,513.5195,522.4805
2023-04-01T00:00:00Z,E12000009,South West,NA,101.459636,0.29278399999999999,6.5702170000000004,1039,101.38820800000001,0.23816499999999999,6.2202099999999998,679,101.437043,0.36444700000000002,6.2182490000000001,883,101.29338799999999,0.28391100000000002,6.2225960000000002,1077,101.215154,0.19592300000000001,6.6124960000000002,1608,101.47798899999999,0.34471400000000002,6.6265770000000002,1353,101.514655,0.30966199999999999,6.6879780000000002,1129,101.386194,0.25362499999999999,6.5989890000000004,1064,101.501323,0.30067500000000003,6.4007740000000002,811,2023-24,513.5195,525.4805
2023-05-01T00:00:00Z,E12000009,South West,NA,102.050671,0.58253200000000005,6.4192600000000004,1045,102.10078,0.702816,6.2679340000000003,684,102.09103399999999,0.64472600000000002,6.2333080000000001,888,101.932834,0.63128099999999998,6.2076760000000002,1084,101.71775599999999,0.49656800000000001,6.1504399999999997,1616,101.995734,0.51020399999999999,6.4841810000000004,1360,102.17061,0.64616799999999996,6.5820970000000001,1136,101.894415,0.50127200000000005,6.3230680000000001,1069,102.190924,0.67940100000000003,6.3747170000000004,816,2023-24,513.5195,531.4805
2023-06-01T00:00:00Z,E12000009,South West,NA,102.764874,0.699851,6.8185200000000004,1052,102.796643,0.68154499999999996,6.6248259999999997,688,102.741184,0.63683400000000001,6.5377879999999999,894,102.640292,0.69404299999999997,6.603027,1091,102.47843899999999,0.74783699999999997,6.59572,1628,102.70658400000001,0.69694100000000003,6.8096120000000004,1370,102.971957,0.78432199999999996,7.0862309999999997,1145,102.550141,0.64353499999999997,6.6803660000000002,1076,102.914462,0.70802600000000004,6.7864740000000001,822,2023-24,513.5195,538.4805
2023-07-01T00:00:00Z,E12000009,South West,NA,103.246904,0.46906199999999998,6.9405989999999997,1057,103.256894,0.44773000000000002,6.6660469999999998,691,103.222458,0.46843299999999999,6.6327379999999998,898,103.153109,0.49962600000000001,6.7727050000000002,1097,103.024503,0.53285800000000005,6.7630749999999997,1636,103.30101999999999,0.57877100000000004,6.9937189999999996,1378,103.434031,0.448737,7.2449029999999999,1150,103.00747699999999,0.44596400000000003,6.7804859999999998,1081,103.379966,0.45232099999999997,6.8711039999999999,826,2023-24,513.5195,543.4805
2023-08-01T00:00:00Z,E12000009,South West,NA,104.038556,0.76675599999999999,6.9880839999999997,1065,104.119022,0.83493499999999998,6.8718729999999999,697,103.96757100000001,0.72185100000000002,6.7051480000000003,905,103.925348,0.74863400000000002,6.8644080000000001,1105,103.74070399999999,0.69517499999999999,6.7267590000000004,1648,104.046319,0.72148199999999996,7.1028549999999999,1388,104.24394700000001,0.78302700000000003,7.2484019999999996,1159,103.81874500000001,0.787582,6.7987700000000002,1089,104.158255,0.75284399999999996,6.9607070000000002,832,2023-24,513.5195,551.4805
2023-09-01T00:00:00Z,E12000009,South West,NA,104.734158,0.66859999999999997,6.9551470000000002,1072,104.838477,0.69099299999999997,6.8429710000000004,702,104.634826,0.641791,6.7445570000000004,911,104.614069,0.66270700000000005,6.8830229999999997,1112,104.480769,0.71337899999999999,6.6652740000000001,1660,104.81987700000001,0.743475,7.2421790000000001,1398,104.934617,0.66255200000000003,7.2608920000000001,1167,104.48948,0.64606399999999997,6.6854880000000003,1096,104.845446,0.65975600000000001,6.9006129999999999,837,2023-24,513.5195,558.4805
2023-10-01T00:00:00Z,E12000009,South West,NA,105.44337,0.67715499999999995,7.2121180000000003,1079,105.55197699999999,0.68057000000000001,7.2209430000000001,707,105.33414500000001,0.66834300000000002,7.0680209999999999,917,105.289834,0.64595999999999998,7.079637,1119,105.149691,0.64023399999999997,6.7889020000000002,1670,105.546583,0.69329099999999999,7.4476009999999997,1408,105.633804,0.66630699999999998,7.5305280000000003,1175,105.1717,0.65290700000000002,6.8687370000000003,1103,105.587655,0.70790799999999998,7.2748549999999996,843,2023-24,513.5195,565.4805
2023-11-01T00:00:00Z,E12000009,South West,NA,105.778779,0.31809300000000001,7.1946289999999999,1083,105.953086,0.38001099999999999,7.3198600000000003,709,105.772739,0.416383,7.1420250000000003,920,105.653352,0.34525499999999998,7.0522049999999998,1123,105.22203500000001,6.8802000000000002E-2,6.5667939999999998,1671,105.89023,0.32558799999999999,7.4216579999999999,1412,105.910515,0.26195400000000002,7.4090959999999999,1178,105.477278,0.290551,6.8148229999999996,1106,106.003399,0.39374300000000001,7.3928320000000003,847,2023-24,513.5195,569.4805
2023-12-01T00:00:00Z,E12000009,South West,NA,106.269082,0.46351700000000001,7.074694,1088,106.537059,0.55116100000000001,7.3139419999999999,713,106.274333,0.474219,7.0630009999999999,925,106.187032,0.50512400000000002,7.0099799999999997,1129,105.547895,0.30968800000000002,6.3726589999999996,1677,106.342668,0.42727100000000001,7.1596349999999997,1418,106.42643099999999,0.487124,7.26755,1183,105.929596,0.42882999999999999,6.73508,1111,106.54462599999999,0.510575,7.3148989999999996,851,2023-24,513.5195,574.4805
2024-01-01T00:00:00Z,E12000009,South West,NA,106.986294,0.67490300000000003,6.986294,1095,107.360462,0.77288000000000001,7.3604620000000001,719,106.90233600000001,0.59092599999999995,6.902336,930,106.839468,0.61442099999999999,6.8394680000000001,1136,106.32396900000001,0.73528099999999996,6.323969,1689,107.083079,0.69625000000000004,7.0830789999999997,1428,107.186139,0.71383399999999997,7.1861389999999998,1192,106.60187500000001,0.63464699999999996,6.6018749999999997,1118,107.273529,0.68413000000000002,7.2735289999999999,857,2023-24,513.5195,581.4805
2024-02-01T00:00:00Z,E12000009,South West,NA,107.636557,0.60780000000000001,7.0442729999999996,1102,107.993627,0.58975599999999995,7.4173939999999998,723,107.580861,0.63471500000000003,7.001398,936,107.533963,0.65003599999999995,7.0314940000000004,1143,106.8246,0.47085399999999999,6.4111219999999998,1697,107.66991,0.54801500000000003,7.1142580000000004,1436,107.871234,0.63916399999999995,7.2942960000000001,1200,107.296629,0.651729,6.6947409999999996,1126,107.872812,0.55864899999999995,7.2600189999999998,861,2023-24,513.5195,588.4805
2024-03-01T00:00:00Z,E12000009,South West,NA,108.262727,0.58174499999999996,7.0176350000000003,1108,108.651336,0.60902599999999996,7.4189069999999999,727,108.22579399999999,0.59948699999999999,7.0814139999999997,942,108.173289,0.59453299999999998,7.0952479999999998,1150,107.29698399999999,0.44220500000000001,6.2165100000000004,1704,108.325385,0.60878200000000005,7.11564,1445,108.573514,0.65103500000000003,7.2847309999999998,1207,107.850466,0.51617299999999999,6.6456840000000001,1131,108.515441,0.59572899999999995,7.2318239999999996,867,2023-24,513.5195,594.4805
2024-04-01T00:00:00Z,E12000009,South West,NA,108.847961,0.54056800000000005,7.2820330000000002,1114,109.396269,0.68561799999999995,7.898415,732,108.849729,0.57651200000000002,7.307671,947,108.72075100000001,0.50609800000000005,7.3325259999999997,1156,107.68128900000001,0.35816900000000002,6.3885050000000003,1710,108.84998899999999,0.48428500000000002,7.2646290000000002,1452,109.154673,0.53526799999999997,7.5260249999999997,1214,108.40783,0.51679299999999995,6.9256330000000004,1137,109.17409499999999,0.60696799999999995,7.5592829999999998,872,2024-25,603.5965,510.4035
2024-05-01T00:00:00Z,E12000009,South West,NA,109.388097,0.49623,7.1899829999999998,1120,109.96314099999999,0.51818299999999995,7.7005889999999999,736,109.42345899999999,0.527084,7.1822410000000003,952,109.267269,0.50268100000000004,7.1953610000000001,1162,108.219643,0.49995099999999998,6.3920870000000001,1719,109.39385,0.499643,7.2533589999999997,1459,109.649883,0.45367800000000003,7.3203760000000004,1219,108.977526,0.52551199999999998,6.951422,1143,109.709976,0.49085000000000001,7.3578479999999997,876,2024-25,603.5965,516.4035
2024-06-01T00:00:00Z,E12000009,South West,NA,110.04539,0.600881,7.0846349999999996,1127,110.788197,0.75030200000000002,7.7741400000000001,742,110.109802,0.62723600000000002,7.1720189999999997,958,109.916123,0.59382199999999996,7.0886699999999996,1169,108.508715,0.26711600000000002,5.8844339999999997,1724,109.96408599999999,0.52126799999999995,7.0662479999999999,1467,110.363416,0.65073700000000001,7.1781269999999999,1227,109.562776,0.53703699999999999,6.8382500000000004,1149,110.464197,0.68746799999999997,7.3359319999999997,882,2024-25,603.5965,523.4035
2024-07-01T00:00:00Z,E12000009,South West,NA,110.648423,0.54798500000000006,7.1687560000000001,1133,111.473899,0.61892999999999998,7.957827,746,110.68879699999999,0.52583500000000005,7.2332510000000001,963,110.533323,0.56151899999999999,7.1546200000000004,1175,108.85279300000001,0.31709700000000002,5.6571879999999997,1729,110.55423,0.53666999999999998,7.0214309999999998,1474,111.003095,0.57961200000000002,7.3177700000000003,1234,110.144141,0.53062299999999996,6.9282969999999997,1155,111.073004,0.55113500000000004,7.4415170000000002,887,2024-25,603.5965,529.4035
2024-08-01T00:00:00Z,E12000009,South West,NA,110.685325,3.3350999999999999E-2,6.3887549999999997,1133,111.72924,0.22905900000000001,7.3091520000000001,748,110.85569700000001,0.150783,6.6252639999999996,965,110.66432500000001,0.118518,6.4844400000000002,1176,108.77369299999999,-7.2665999999999994E-2,4.8515090000000001,1728,110.605777,4.6626000000000001E-2,6.3043639999999996,1475,110.95836799999999,-4.0294000000000003E-2,6.4410660000000002,1234,110.174858,2.7888E-2,6.1223169999999998,1156,111.17595,9.2684000000000002E-2,6.7375309999999997,888,2024-25,603.5965,529.4035
2024-09-01T00:00:00Z,E12000009,South West,NA,111.343669,0.59479000000000004,6.3107499999999996,1140,112.473106,0.66577600000000003,7.2822769999999997,753,111.51627000000001,0.595885,6.5766289999999996,970,111.33857,0.60926999999999998,6.4279130000000002,1184,109.14495700000001,0.34131800000000001,4.4641590000000004,1734,111.24082799999999,0.57415799999999995,6.1257000000000001,1484,111.581304,0.56141399999999997,6.3341229999999999,1241,110.857426,0.61953100000000005,6.094341,1163,111.84433199999999,0.60119299999999998,6.6754319999999998,893,2024-25,603.5965,536.4035
2024-10-01T00:00:00Z,E12000009,South West,NA,111.990354,0.58080100000000001,6.2090040000000002,1146,113.138184,0.59132200000000001,7.1871770000000001,757,112.18254899999999,0.597472,6.5015989999999997,976,111.96301099999999,0.56084900000000004,6.3379130000000004,1190,109.844425,0.64086100000000001,4.4648099999999999,1745,111.894175,0.58732600000000001,6.0140190000000002,1492,112.262981,0.61092400000000002,6.2756210000000001,1248,111.478644,0.56037499999999996,5.9968070000000004,1169,112.492211,0.57926800000000001,6.5391700000000004,898,2024-25,603.5965,542.4035
2024-11-01T00:00:00Z,E12000009,South West,NA,112.631738,0.57271399999999995,6.4785769999999996,1153,113.85800500000001,0.63623200000000002,7.4607729999999997,762,112.78943200000001,0.54097799999999996,6.6337440000000001,981,112.700382,0.65858399999999995,6.6699539999999997,1198,110.528311,0.62259600000000004,5.0429320000000004,1756,112.54452999999999,0.58122300000000005,6.2841490000000002,1501,112.90088900000001,0.56822600000000001,6.6002640000000001,1255,112.12944400000001,0.583789,6.3067289999999998,1176,113.119136,0.55730599999999997,6.712745,903,2024-25,603.5965,549.4035
2024-12-01T00:00:00Z,E12000009,South West,NA,113.452515,0.72872599999999998,6.759665,1161,114.833651,0.85689700000000002,7.7875180000000004,769,113.713508,0.81929300000000005,6.9999729999999998,990,113.532881,0.73868299999999998,6.9178389999999998,1207,111.33560300000001,0.73039299999999996,5.4834899999999998,1768,113.295541,0.66730100000000003,6.5381780000000003,1511,113.629795,0.64561599999999997,6.7683980000000004,1264,112.959327,0.74011199999999999,6.6362290000000002,1185,114.04128,0.81519699999999995,7.0361640000000003,911,2024-25,603.5965,557.4035
2025-01-01T00:00:00Z,E12000009,South West,NA,114.015778,0.49647400000000003,6.5704520000000004,1167,115.433122,0.522034,7.5192110000000003,773,114.30500000000001,0.52015999999999996,6.9246980000000002,995,114.07523999999999,0.477711,6.7725650000000002,1213,111.863135,0.47382200000000002,5.2097059999999997,1777,113.88279199999999,0.51833600000000002,6.3499420000000004,1519,114.228469,0.526864,6.5701869999999998,1270,113.487053,0.46718300000000001,6.4587779999999997,1190,114.608897,0.49772899999999998,6.8380039999999997,915,2024-25,603.5965,563.4035
2025-02-01T00:00:00Z,E12000009,South West,NA,114.028602,1.1247999999999999E-2,5.9385450000000004,1167,115.523062,7.7914999999999998E-2,6.9721099999999998,773,114.414452,9.5754000000000006E-2,6.3520500000000002,996,114.108031,2.8743999999999999E-2,6.11348,1213,111.755808,-9.5946000000000004E-2,4.6161719999999997,1775,113.780039,-9.0227000000000002E-2,5.6748710000000004,1517,114.244671,1.4182999999999999E-2,5.9083750000000004,1270,113.47949199999999,-6.6629999999999997E-3,5.7624009999999997,1190,114.710857,8.8963E-2,6.3389889999999998,916,2024-25,603.5965,563.4035
2025-03-01T00:00:00Z,E12000009,South West,NA,114.133907,9.2349000000000001E-2,5.4230840000000002,1168,115.76117600000001,0.206119,6.5437209999999997,775,114.53167999999999,0.10246,5.8266020000000003,997,114.240891,0.116434,5.6091499999999996,1214,111.752561,-2.905E-3,4.1525650000000001,1775,113.799741,1.7316000000000002E-2,5.053623,1518,114.325844,7.1052000000000004E-2,5.2980970000000003,1271,113.595449,0.102184,5.3268050000000002,1192,114.874432,0.142597,5.8599870000000003,917,2024-25,603.5965,564.4035
2025-04-01T00:00:00Z,E12000009,South West,NA,114.434505,0.263374,5.1324290000000001,1171,116.200047,0.37911699999999998,6.2193870000000002,778,114.895889,0.317998,5.5545929999999997,1000,114.503602,0.229962,5.318994,1217,111.930357,0.15909799999999999,3.945967,1778,113.963633,0.14401800000000001,4.6978819999999999,1520,114.565296,0.20944699999999999,4.9568399999999997,1274,113.917366,0.283389,5.0822310000000002,1195,115.281828,0.35464499999999999,5.5944890000000003,921,2025-26,603.5965,567.4035
2025-05-01T00:00:00Z,E12000009,South West,NA,114.788223,0.30910100000000001,4.9366669999999999,1175,116.62528500000001,0.36595299999999997,6.0585240000000002,781,115.36855,0.41138200000000003,5.4331050000000003,1004,114.883537,0.33181100000000002,5.1399359999999996,1221,112.034408,9.2961000000000002E-2,3.5250210000000002,1780,114.228069,0.23203499999999999,4.4190950000000004,1523,114.9299,0.31824999999999998,4.8153420000000002,1278,114.26021299999999,0.30096099999999998,4.8475010000000003,1199,115.692187,0.355962,5.45275,924,2025-26,603.5965,571.4035
2025-06-01T00:00:00Z,E12000009,South West,NA,115.370967,0.50766900000000004,4.8394360000000001,1181,117.450236,0.70735199999999998,6.0133109999999999,786,116.036551,0.57901499999999995,5.3825810000000001,1010,115.46854399999999,0.50921799999999995,5.0515080000000001,1228,112.444568,0.36610100000000001,3.6272229999999999,1786,114.694453,0.40829300000000002,4.3017390000000004,1530,115.40106299999999,0.40995700000000002,4.5645990000000003,1283,114.84142900000001,0.50867700000000005,4.8179249999999998,1205,116.437827,0.64450300000000005,5.4077520000000003,930,2025-26,603.5965,577.4035
2025-07-01T00:00:00Z,E12000009,South West,NA,115.62251,0.21803,4.4953979999999998,1184,117.88543799999999,0.37054100000000001,5.7516049999999996,789,116.304546,0.230957,5.0734570000000003,1012,115.659605,0.165465,4.6377709999999999,1230,112.49662499999999,4.6295000000000003E-2,3.347486,1787,114.782213,7.6516000000000001E-2,3.8243520000000002,1531,115.59666799999999,0.16950000000000001,4.1382389999999996,1285,115.04917,0.180894,4.4532819999999997,1207,116.883095,0.382409,5.2308760000000003,933,2025-26,603.5965,580.4035
2025-08-01T00:00:00Z,E12000009,South West,NA,116.465746,0.72930099999999998,5.2223920000000001,1192,118.651008,0.64941899999999997,6.1951280000000004,794,117.125483,0.70585100000000001,5.6558080000000004,1019,116.485347,0.71394199999999997,5.2600709999999999,1238,113.408202,0.81031600000000004,4.2606890000000002,1801,115.49488100000001,0.620888,4.4202979999999998,1540,116.437618,0.72748599999999997,4.9381139999999997,1295,116.00254099999999,0.82866399999999996,5.289485,1217,117.67877300000001,0.68074699999999999,5.8491270000000002,940,2025-26,603.5965,588.4035
2025-09-01T00:00:00Z,E12000009,South West,NA,117.241309,0.66591400000000001,5.2967890000000004,1200,119.492773,0.70944600000000002,6.2411960000000004,800,117.88314200000001,0.64687799999999995,5.7093660000000002,1026,117.295433,0.69543999999999995,5.350225,1247,114.174316,0.67553600000000003,4.6079629999999998,1814,116.285757,0.68477100000000002,4.5351419999999996,1551,117.24410899999999,0.69263799999999998,5.0750479999999998,1304,116.78785000000001,0.67697499999999999,5.3495949999999999,1225,118.40907799999999,0.62059200000000003,5.8695380000000004,946,2025-26,603.5965,596.4035
2025-10-01T00:00:00Z,E12000009,South West,NA,118.577422,1.139626,5.8818169999999999,1214,120.785991,1.0822560000000001,6.7597040000000002,809,119.191638,1.1099939999999999,6.2479319999999996,1037,118.630251,1.137996,5.9548589999999999,1261,115.400482,1.073942,5.0581149999999999,1833,117.458876,1.0088239999999999,4.9731820000000004,1567,118.62657299999999,1.179133,5.6684679999999998,1319,118.21914,1.2255469999999999,6.0464460000000004,1240,119.69436899999999,1.085467,6.4023620000000001,956,2025-26,603.5965,610.4035
2025-11-01T00:00:00Z,E12000009,South West,NA,119.168817,0.49874200000000002,5.803941,1220,121.327021,0.44792399999999999,6.559939,812,119.76432699999999,0.48047800000000002,6.1839969999999997,1042,119.230414,0.50590999999999997,5.7941520000000004,1268,116.258957,0.74390999999999996,5.1847770000000004,1847,118.084521,0.53265099999999999,4.9224880000000004,1575,119.253539,0.52852100000000002,5.6267490000000002,1326,118.83189299999999,0.51832,5.9774209999999997,1247,120.21194199999999,0.43241200000000002,6.2702080000000002,960,2025-26,603.5965,616.4035
2025-12-01T00:00:00Z,E12000009,South West,NA,119.29275,0.10399700000000001,5.1477349999999999,1221,121.472325,0.11976199999999999,5.7811219999999999,813,119.86074600000001,8.0506999999999995E-2,5.4058999999999999,1043,119.417198,0.15665799999999999,5.1829190000000001,1270,116.18746400000001,-6.1495000000000001E-2,4.3578710000000003,1846,118.188025,8.7651999999999994E-2,4.3183379999999998,1576,119.380449,0.10642,5.0608680000000001,1327,119.03126,0.16777300000000001,5.3753270000000004,1249,120.25843399999999,3.8675000000000001E-2,5.45167,960,2025-26,603.5965,617.4035
2026-01-01T00:00:00Z,E12000009,South West,NA,119.549199,0.214975,4.8532060000000001,1224,121.830434,0.29480699999999999,5.542008,816,120.199257,0.28242,5.1566049999999999,1046,119.605242,0.157468,4.8476790000000003,1272,116.470342,0.24346699999999999,4.1186109999999996,1850,118.307807,0.10134799999999999,3.885586,1578,119.631056,0.209923,4.7296319999999996,1330,119.322886,0.24499899999999999,5.1422889999999999,1252,120.560062,0.25081599999999998,5.1925860000000004,963,2025-26,603.5965,620.4035
2026-02-01T00:00:00Z,E12000009,South West,NA,119.835148,0.23919000000000001,5.0921839999999996,1227,122.149613,0.261986,5.7361279999999999,818,120.542227,0.28533399999999998,5.3557699999999997,1049,119.963821,0.29980200000000001,5.1317950000000003,1275,116.668165,0.169848,4.3956169999999997,1853,118.615928,0.26044,4.2502089999999999,1582,119.971926,0.28493400000000002,5.0131480000000002,1334,119.585534,0.22011500000000001,5.3807450000000001,1254,120.81917799999999,0.21492700000000001,5.3249719999999998,965,2025-26,603.5965,623.4035
2026-03-01T00:00:00Z,E12000009,South West,NA,119.903642,5.7155999999999998E-2,5.0552330000000003,1227,122.206172,4.6302999999999997E-2,5.5674929999999998,818,120.643778,8.4246000000000001E-2,5.3365999999999998,1050,120.07018100000001,8.8661000000000004E-2,5.1026309999999997,1276,116.47944200000001,-0.16175999999999999,4.2297739999999999,1850,118.65508199999999,3.3009999999999998E-2,4.2665660000000001,1582,120.055976,7.0057999999999995E-2,5.0121060000000002,1335,119.65445200000001,5.7631000000000002E-2,5.3338429999999999,1255,120.892951,6.1060000000000003E-2,5.2392149999999997,965,2025-26,603.5965,623.4035
2026-04-01T00:00:00Z,E12000009,South West,NA,120.246606,0.28603400000000001,5.0789759999999999,1231,122.586371,0.31111299999999997,5.4959740000000004,821,121.004312,0.29884100000000002,5.3164860000000003,1053,120.460679,0.32522499999999999,5.2025240000000004,1281,116.75178200000001,0.23380999999999999,4.3075219999999996,1855,118.939436,0.239648,4.3661329999999996,1586,120.37846,0.26861099999999999,5.0741059999999996,1339,120.019989,0.30549399999999999,5.3570609999999999,1259,121.259086,0.30285899999999999,5.1849090000000002,968,2026-27,NA,NA
